11564.jpg,0.531666,0.8254696,0.9996321,0.5369469,0.8453635,0.9996989,0.53546256,0.8468826,0.99968123,0.5339444,0.84834194,0.9996748,0.5358539,0.8451501,0.9997415,0.5337043,0.8465799,0.9997266,0.5315823,0.8481178,0.99970466,0.5171292,0.8545082,0.99943846,0.51535344,0.85739803,0.9997298,0.51370203,0.81825507,0.9990038,0.5118896,0.81592715,0.99876803,0.45567113,0.8063679,0.9984036,0.44135308,0.7999619,0.99632263,0.47868362,0.9412941,0.97323066,0.4744891,0.9258378,0.15447678,0.4864932,1.1227851,0.935103,0.489209,1.0850706,0.34965837,0.48025307,1.1325791,0.91000015,0.48548865,1.1123606,0.47267184,0.46978894,1.1275164,0.8972768,0.48174703,1.1225959,0.46951056,0.47388023,1.1142966,0.8871954,0.49008653,1.1136003,0.48448086,0.31096637,0.4833607,0.9965372,0.29771632,0.482885,0.9964988,0.57252365,0.5406158,0.9750894,0.54395235,0.5206369,0.3887057,0.7893603,0.63679016,0.9502577,0.6924938,0.45773724,0.39968362,0.83592844,0.55456376,0.9451816,0.7158394,0.43322206,0.42415136,0.8401147,0.70292795,0.92331696,0.7299026,0.50311667,0.44564995
14052_aug.jpg,0.5612582,0.5860889,0.9999063,0.58585286,0.5908583,0.9998951,0.5871651,0.5892871,0.99993527,0.5889087,0.5874126,0.9998783,0.588535,0.589442,0.9998703,0.5912421,0.5874881,0.9999193,0.5942158,0.5852297,0.9998512,0.6035476,0.55811083,0.99983716,0.60471904,0.5589734,0.99989676,0.54977536,0.5652011,0.99979216,0.55529046,0.56304044,0.9997601,0.56244147,0.47198758,0.9989749,0.57874185,0.48106962,0.99960333,0.708585,0.57410073,0.27577102,0.72004735,0.6011678,0.9990728,0.83732057,0.57680964,0.58989316,0.89093494,0.6067205,0.9989318,0.8832474,0.5612053,0.8465048,0.9372724,0.5982837,0.9949622,0.88538826,0.5620342,0.8576237,0.935423,0.5878221,0.98997027,0.87200165,0.566785,0.84709424,0.9206817,0.5892869,0.98129797,0.2539987,0.25640786,0.9978689,0.25168547,0.25254834,0.9990759,0.27873987,0.54467666,0.21863978,0.27802145,0.54639083,0.99904424,0.28835863,0.80475366,0.7393578,0.28257644,0.8462096,0.9994936,0.27864075,0.8554536,0.8730594,0.2605734,0.89573836,0.9996582,0.39484715,0.8185636,0.96457833,0.38309002,0.8610154,0.99958223
15656_aug.jpg,0.35222083,0.36459327,0.99996734,0.33129254,0.36936668,0.9999703,0.33022463,0.3717315,0.99996924,0.32893726,0.37435877,0.9999641,0.33015195,0.37148672,0.9999659,0.32859507,0.37509188,0.999967,0.32683566,0.37877953,0.9999671,0.3259439,0.4034038,0.9999527,0.3258387,0.40413886,0.9999554,0.3630035,0.37909055,0.999899,0.36127615,0.38117665,0.99992156,0.37747616,0.46189645,0.9984382,0.36125433,0.4559799,0.9997849,0.27602556,0.36664787,0.32000834,0.2489016,0.36281553,0.9934157,0.1481516,0.32697102,0.43753892,0.09112418,0.30344066,0.9892022,0.1147106,0.3289942,0.49560523,0.05765283,0.3018292,0.9771643,0.11143541,0.32627842,0.5036856,0.054122448,0.30731082,0.9708331,0.11638504,0.32299632,0.49015015,0.069889605,0.3090108,0.9634892,0.6258472,0.64992684,0.9988354,0.6285613,0.65143,0.9995797,0.7104365,0.4126817,0.2011915,0.7199362,0.40198627,0.99289227,0.74830574,0.15849441,0.33910075,0.7595919,0.14279068,0.9904608,0.7780773,0.12486529,0.43447745,0.794131,0.09850031,0.99016494,0.6712491,0.091131866,0.5624218,0.68006897,0.08032614,0.9869421
19051_aug.jpg,0.733441,0.30854964,0.9999845,0.7364517,0.290865,0.9997725,0.7353689,0.28973073,0.9999418,0.7342957,0.28874984,0.99974006,0.7348305,0.2901644,0.9998017,0.7326795,0.28850022,0.99992216,0.7305561,0.28683704,0.9996635,0.7155479,0.28341913,0.99991465,0.71271837,0.28049153,0.9999646,0.72061753,0.31703633,0.9998381,0.71783596,0.3152873,0.99987626,0.65456164,0.32969537,0.9999212,0.6441837,0.31870073,0.99999845,0.69189864,0.23371187,0.24145682,0.68396187,0.20989332,0.99450433,0.7156863,0.14574406,0.33151817,0.6987909,0.0912756,0.99101466,0.70129627,0.1209327,0.3736811,0.6896133,0.06990379,0.98033845,0.7036104,0.123233706,0.36509556,0.68728817,0.06861761,0.97617936,0.7111328,0.12943766,0.3694254,0.6901514,0.0758653,0.9747389,0.5746369,0.53542566,0.99996173,0.5338477,0.5463839,0.999995,0.7248944,0.47254667,0.9558955,0.4859855,0.71617126,0.9993395,0.8848984,0.4116518,0.98917013,0.3978925,0.8754327,0.9947007,0.920578,0.41508076,0.9917087,0.37663096,0.8893756,0.99476165,0.9026627,0.35881516,0.9915951,0.38733518,0.9623581,0.99232906
19716.jpg,0.7267401,0.32858366,0.9999919,0.72710776,0.3122594,0.9998591,0.72585523,0.3111549,0.9999727,0.7243201,0.3098375,0.999833,0.72580886,0.31168675,0.9998735,0.72397196,0.31048337,0.9999615,0.72194916,0.30907875,0.99978286,0.7007611,0.3008982,0.99995756,0.6992903,0.3024525,0.9999808,0.71397984,0.33600962,0.9998124,0.7128487,0.33470753,0.9998505,0.64167744,0.33576918,0.9999529,0.6465001,0.33789626,0.9999993,0.69960576,0.23842871,0.3118473,0.71603733,0.23982412,0.9973695,0.7212342,0.14577416,0.43290982,0.7454456,0.113939494,0.99619836,0.7118465,0.11447686,0.4690801,0.7387508,0.08084822,0.99003124,0.7129535,0.10674563,0.45921627,0.73136157,0.07805592,0.9877093,0.71799415,0.1158739,0.454832,0.7329005,0.09139919,0.98803073,0.5511482,0.57721806,0.9999776,0.5095594,0.5784692,0.999997,0.73770964,0.6015144,0.98756963,0.38749066,0.74139184,0.99938965,0.91399467,0.6028415,0.9967964,0.24495554,0.87265337,0.9938678,0.95113564,0.620584,0.99726105,0.21033129,0.88665384,0.9931902,0.9668001,0.52512497,0.996012,0.28152874,0.9463783,0.98920923
21384_aug.jpg,0.471201,0.65187585,0.99926656,0.48474595,0.6698567,0.99933076,0.48747927,0.6699889,0.9993005,0.49076355,0.6701852,0.99920505,0.48612848,0.66976905,0.9993704,0.48948905,0.6697624,0.99936634,0.49337178,0.6699295,0.9993845,0.5223528,0.6598567,0.99824035,0.52253056,0.66074854,0.9992723,0.47747338,0.6350641,0.99814105,0.4787129,0.63553494,0.99862814,0.5371297,0.5860698,0.99343807,0.5470354,0.59118044,0.99899083,0.5097598,0.7170534,0.1490961,0.5112482,0.7319279,0.991634,0.5164293,0.84894526,0.3414903,0.5113256,0.87737966,0.98833454,0.53211635,0.8765899,0.45911488,0.525049,0.9035858,0.9792594,0.53608483,0.88073707,0.47394776,0.5333398,0.90087974,0.97506917,0.5318406,0.86938953,0.46825284,0.5297686,0.89176047,0.9637721,0.53087914,0.2914222,0.9945845,0.53754485,0.2837057,0.99672544,0.32153898,0.37696114,0.16966157,0.3210953,0.37745145,0.9891851,0.11138961,0.46231595,0.2557907,0.090524375,0.4648394,0.9890287,0.05370611,0.4429284,0.37020135,0.047255754,0.4656475,0.9890353,0.12876263,0.5514081,0.40402615,0.12182608,0.5535809,0.9817477
2226.jpg,0.35367888,0.8820245,0.99996793,0.33294517,0.8863448,0.9999747,0.3315755,0.8849242,0.9999777,0.33048993,0.88362074,0.9999825,0.33254057,0.8848603,0.9999578,0.3308254,0.88222766,0.999948,0.32912832,0.879718,0.9999584,0.3230621,0.8576737,0.999969,0.32001215,0.85505575,0.9999378,0.36071974,0.86456597,0.99992347,0.35974896,0.86247945,0.99986494,0.38814515,0.782568,0.999946,0.38085175,0.7424013,0.999263,0.53449017,0.8902298,0.98851275,0.51192385,0.83886707,0.4503834,0.45966795,0.98211324,0.98761255,0.48767754,0.94380486,0.40883335,0.43859744,1.0114214,0.9819743,0.45491612,0.98021144,0.34676754,0.42807654,1.0075406,0.9800239,0.4485174,0.97642076,0.33671036,0.43461043,0.9953562,0.97252965,0.46353722,0.968353,0.3383807,0.58565426,0.5828559,0.99959856,0.5685873,0.55588704,0.9989961,0.78513324,0.4505199,0.9172543,0.7727864,0.4550195,0.27604994,0.94477266,0.3267041,0.925013,0.94035435,0.33465254,0.49617484,0.98857975,0.26228577,0.91095585,0.9793876,0.29791087,0.55746883,1.0081898,0.39428103,0.9032429,1.0059512,0.39973018,0.66276556
23378_aug.jpg,0.7360556,0.60726464,0.9998685,0.7521087,0.59903455,0.99981135,0.75187653,0.5968256,0.9998605,0.7516115,0.5943324,0.9997882,0.7517799,0.59817004,0.9997751,0.7514667,0.5956021,0.99983776,0.751134,0.59278363,0.9997571,0.74012446,0.5701453,0.99966586,0.7402187,0.57026565,0.9997837,0.71674895,0.5988092,0.99968195,0.71731603,0.59699494,0.9996209,0.6687144,0.52884364,0.9982204,0.67521226,0.5284628,0.9991561,0.78546184,0.56487167,0.17164156,0.7968234,0.5698304,0.99773264,0.90302575,0.56075794,0.46494988,0.9319135,0.56913406,0.99754155,0.93173355,0.5416374,0.740283,0.96635973,0.5559551,0.992564,0.9344181,0.54033,0.756596,0.9642395,0.54770994,0.9877687,0.9242205,0.5461736,0.7486066,0.95223707,0.5507449,0.9793057,0.37538782,0.46618718,0.995544,0.36431545,0.45890284,0.9958333,0.45476848,0.672838,0.15374921,0.45115867,0.6710285,0.99594754,0.53682554,0.87656796,0.5025922,0.54123056,0.8970382,0.9967554,0.5426695,0.92429435,0.6779509,0.54207003,0.94367707,0.9979519,0.63378197,0.8718491,0.8163074,0.6346563,0.8850578,0.9964191
28540.jpg,0.08371003,0.42541456,0.9985464,0.07109885,0.40966427,0.9976252,0.07729736,0.41021833,0.9977175,0.07882182,0.4061707,0.9980774,0.06766847,0.4184072,0.9965732,0.06780513,0.41953334,0.9954531,0.06941229,0.43019563,0.99680835,0.088159904,0.39941508,0.9968945,0.07495488,0.43126616,0.99521744,0.099356726,0.4224491,0.996012,0.09478815,0.43457764,0.9945741,0.16077355,0.3841663,0.9997335,0.12939227,0.48077768,0.9997919,0.23985079,0.3963514,0.2939212,0.19293733,0.55577725,0.4273041,0.2636772,0.42461523,0.16881678,0.25356695,0.63216305,0.4070905,0.27672026,0.42795157,0.18347703,0.27095622,0.6610213,0.36441466,0.2695396,0.4352389,0.18740226,0.27906653,0.6591117,0.39373916,0.2651588,0.43616733,0.15713654,0.27734882,0.64722526,0.40945318,0.30924815,0.46859282,0.9991473,0.2908081,0.52940387,0.9993968,0.42953527,0.49064755,0.46062002,0.41069448,0.5751984,0.2970671,0.56586075,0.4649195,0.7546029,0.55092156,0.5770645,0.5730339,0.5813807,0.4598752,0.605394,0.5725503,0.5692315,0.51395875,0.62665194,0.4632503,0.8127061,0.5939245,0.6075508,0.64254564
29447_aug.jpg,0.50243205,0.2936512,0.99998343,0.494712,0.27490205,0.9999801,0.4926668,0.2745343,0.9999846,0.4901803,0.27399692,0.9999789,0.493271,0.27528355,0.99997425,0.49063924,0.2753447,0.9999802,0.48771566,0.2752226,0.9999734,0.46236205,0.27964094,0.99997413,0.4669348,0.28115764,0.99997854,0.49153495,0.30997783,0.99996495,0.4904566,0.3094218,0.9999597,0.41263467,0.34564623,0.9994666,0.43322498,0.33387217,0.99983037,0.44705907,0.22186449,0.2801665,0.47121045,0.20974803,0.9970584,0.4542967,0.11123991,0.65909845,0.4759278,0.058775723,0.9975988,0.43995845,0.079461336,0.8730515,0.4656307,0.02938646,0.9920814,0.44133037,0.074857175,0.8851334,0.45799986,0.028795302,0.9861558,0.447938,0.080783844,0.87298834,0.46025297,0.04078114,0.97684234,0.35246328,0.64861107,0.99941695,0.35394028,0.66152525,0.99970263,0.5476509,0.61486906,0.16494867,0.55996424,0.6254025,0.99595034,0.735929,0.5505549,0.5695258,0.76302254,0.55262244,0.99596643,0.7750776,0.5602155,0.7789425,0.79477525,0.5661173,0.9980057,0.742694,0.45458034,0.8965298,0.77804166,0.4482668,0.99685705
34979_aug.jpg,0.4964882,0.91082776,0.99990666,0.47682777,0.92175233,0.9999273,0.4751603,0.92084306,0.9999255,0.4736421,0.92003,0.99994683,0.4757956,0.92082167,0.99989164,0.47333586,0.9191017,0.999869,0.47082725,0.9175228,0.99991155,0.45945698,0.9003693,0.9998888,0.45622283,0.899179,0.99984384,0.4975643,0.89214474,0.9998042,0.49633121,0.8907331,0.9997104,0.49251986,0.8026904,0.999887,0.48010278,0.7700375,0.9988489,0.65370655,0.84077495,0.9800397,0.6297315,0.80199564,0.20254812,0.6523484,0.93721795,0.9665746,0.69829243,0.8706212,0.22606109,0.64510715,0.9807159,0.9538511,0.6867517,0.90004325,0.2298872,0.6328827,0.9844058,0.94901735,0.68689936,0.9097375,0.23611851,0.63455874,0.9689027,0.9332362,0.6948143,0.900056,0.25156868,0.5991674,0.5474762,0.999393,0.58745736,0.5365376,0.998374,0.74542475,0.3537275,0.9381225,0.7359563,0.36317992,0.27942643,0.8588829,0.16414335,0.96236473,0.8558159,0.18539426,0.61305624,0.85790575,0.13907713,0.94477785,0.864766,0.15288752,0.6648901,0.9552751,0.18369162,0.94691753,0.9612718,0.21474805,0.7825979
35482.jpg,0.6223007,0.38014856,0.99915874,0.637117,0.3834133,0.9993431,0.63790524,0.38523144,0.99934727,0.638433,0.387391,0.9993642,0.6374792,0.38352665,0.999496,0.6386558,0.38526028,0.99951005,0.63956565,0.3872072,0.9995431,0.63865316,0.4066006,0.9986486,0.63866603,0.4050325,0.9991947,0.6156134,0.39036652,0.9973558,0.6155339,0.3902523,0.99756086,0.6049999,0.43492076,0.99736696,0.5941166,0.43985462,0.99480057,0.65679365,0.33661085,0.9819181,0.64510477,0.34427282,0.2225274,0.7187597,0.24528247,0.96913046,0.6970475,0.2683393,0.550467,0.7386726,0.23338285,0.95650065,0.7125143,0.2588926,0.672938,0.7402884,0.23846418,0.9460615,0.7168712,0.25593147,0.68099385,0.73366904,0.24052864,0.928214,0.7099601,0.2581289,0.6819416,0.42279744,0.597615,0.99828523,0.42378578,0.59146094,0.9983222,0.34017682,0.4425649,0.9683993,0.3487333,0.44530356,0.2126093,0.26116017,0.30218065,0.97967976,0.26941144,0.31194824,0.4457206,0.23183222,0.2836411,0.97268236,0.24533546,0.29708645,0.5092161,0.29606444,0.22801855,0.9717975,0.30796564,0.23507345,0.5828068
35702_aug.jpg,0.6107366,0.25142038,0.9999527,0.629034,0.2525413,0.9999598,0.6305796,0.25530097,0.9999448,0.63201886,0.25969657,0.99993026,0.629049,0.25134295,0.9999434,0.6305033,0.25347638,0.9999348,0.63210106,0.2555542,0.99993,0.63706106,0.2833546,0.99995613,0.6411135,0.28220227,0.9999652,0.604952,0.26483873,0.9999269,0.6028869,0.26365808,0.9999467,0.5963545,0.34274596,0.99994886,0.5824886,0.3456605,0.99979573,0.61679864,0.22045138,0.99228376,0.63314146,0.24671605,0.43548536,0.69119227,0.118311286,0.95485705,0.7035109,0.14060181,0.57557184,0.7068539,0.10767901,0.92332655,0.7123055,0.13151875,0.57389385,0.70905554,0.11264646,0.91378057,0.714288,0.13193363,0.57790726,0.7111681,0.11351174,0.9142657,0.7158443,0.13033068,0.5597015,0.52288944,0.6399805,0.99999094,0.49315107,0.6001695,0.9999902,0.44200996,0.84545493,0.9931473,0.2681871,0.58816546,0.8586956,0.43881294,0.67363334,0.6171946,0.1376203,0.41216403,0.93672085,0.44346708,0.63176817,0.7151302,0.11438084,0.39460006,0.9164407,0.4331927,0.6492715,0.55025554,0.12505993,0.33307126,0.91240525
39296.jpg,0.4207661,0.30979574,0.9999621,0.40102798,0.30757,0.9999672,0.39910203,0.30959535,0.99996436,0.3968204,0.31178758,0.999961,0.39962277,0.30879247,0.99995863,0.39719272,0.311512,0.9999585,0.39446262,0.3142234,0.999962,0.3836857,0.33940533,0.99995315,0.3843817,0.33869156,0.9999447,0.42587483,0.32826325,0.99989367,0.4241351,0.32905495,0.9999118,0.4062239,0.41313767,0.9982508,0.39667866,0.3967746,0.9997229,0.3585341,0.28138936,0.35902578,0.3324594,0.26522285,0.99271095,0.26929092,0.19325835,0.44402018,0.21628708,0.13826716,0.98728395,0.24136278,0.1794622,0.4589185,0.18417636,0.120272696,0.974038,0.23860198,0.17621344,0.4660781,0.17861041,0.12257719,0.9684788,0.24537739,0.178191,0.45403033,0.19194093,0.13147777,0.9616692,0.54479986,0.6937296,0.99860567,0.5463991,0.6927484,0.9994043,0.73058414,0.5146947,0.20619962,0.7426608,0.5087819,0.986315,0.8746184,0.30574745,0.3124776,0.8921734,0.29313502,0.9822482,0.91689754,0.2852319,0.37847504,0.9420382,0.2617372,0.9795329,0.8312292,0.21256295,0.48217076,0.84456146,0.20404506,0.9760908
39693_aug.jpg,0.48272038,0.61934143,0.9989711,0.49676266,0.6379255,0.9990557,0.49975058,0.6386281,0.99903643,0.50342077,0.6394828,0.99880266,0.49836332,0.63843775,0.998912,0.50211847,0.639233,0.9988593,0.5066518,0.63993716,0.99888796,0.53969795,0.63327885,0.9985965,0.5398701,0.6322856,0.9986324,0.49251693,0.60020304,0.99706846,0.49574962,0.6005057,0.9976439,0.57844126,0.5471723,0.9933462,0.58463454,0.54671615,0.9978961,0.5963199,0.7111794,0.24583933,0.58814216,0.7309488,0.95366544,0.66392857,0.8489896,0.3595584,0.6611464,0.8989634,0.94408333,0.6930809,0.870675,0.38701153,0.6973424,0.9352826,0.93015236,0.69635564,0.8766784,0.39133927,0.7062743,0.9314734,0.9278609,0.6852621,0.86862147,0.37772524,0.6960066,0.919596,0.91783035,0.54285234,0.19587581,0.99677247,0.5576278,0.17381854,0.99736625,0.32968587,0.342565,0.17139451,0.33149657,0.3369495,0.9806778,0.09497312,0.52499825,0.19270235,0.08409691,0.53058463,0.959322,0.039439857,0.5455041,0.25016314,0.034326315,0.5487243,0.95505935,0.13286012,0.6297082,0.26942798,0.12173784,0.63605165,0.9443407
40254_aug.jpg,0.24811125,0.37244457,0.99999595,0.23333654,0.37984383,0.9999207,0.23308596,0.3816026,0.9999852,0.23280194,0.38359994,0.9999069,0.23333082,0.38180047,0.99992704,0.23303571,0.3844971,0.9999783,0.23267543,0.38726956,0.9998772,0.23424876,0.40651554,0.9999796,0.2359612,0.40700173,0.99999154,0.26013047,0.38133058,0.99991083,0.25999248,0.38331518,0.9999306,0.29137808,0.43781084,0.9999689,0.28712887,0.43743595,0.99999964,0.17976716,0.43164366,0.35378456,0.1722272,0.4194803,0.998808,0.09270191,0.4608171,0.4487023,0.04981062,0.45583594,0.996968,0.07214472,0.48446128,0.45880827,0.024873018,0.47566524,0.9907052,0.06768277,0.48552707,0.44814664,0.028502703,0.48165205,0.98841256,0.072651,0.47724715,0.44347247,0.037575603,0.4759948,0.9896376,0.54593515,0.4131002,0.9999753,0.5643656,0.45379487,0.9999974,0.48226437,0.24099703,0.98056203,0.76670945,0.487916,0.9994117,0.4030347,0.0818055,0.9953969,0.9421903,0.5516101,0.9931594,0.40317878,0.04467964,0.9966222,0.9696913,0.5752121,0.9926462,0.34068564,0.07527512,0.9953811,0.9847499,0.4860593,0.9891199
43695.jpg,0.46723676,0.58594924,0.9996706,0.46991655,0.60903335,0.9996879,0.47193444,0.60983837,0.99969923,0.4743534,0.6106849,0.9995915,0.4710902,0.60903823,0.9996804,0.47350746,0.6097045,0.9997125,0.47628593,0.6103462,0.9996774,0.5023643,0.61201245,0.9993525,0.5004731,0.61009896,0.9996513,0.4846202,0.56923354,0.99909306,0.48568153,0.56978756,0.99930084,0.5697556,0.53831935,0.9964451,0.55327255,0.5424396,0.9987676,0.55221194,0.6828933,0.20550299,0.5285613,0.7057321,0.9874626,0.58858645,0.81514037,0.40441924,0.5785444,0.8787477,0.98713857,0.61933255,0.8426844,0.53303665,0.6063679,0.91365516,0.9770822,0.6160003,0.8500204,0.5384916,0.6133143,0.9105042,0.97169185,0.6058363,0.84492564,0.5303838,0.60506743,0.8993349,0.9615678,0.59672964,0.20385951,0.99688065,0.5905625,0.18597877,0.9972894,0.37148154,0.32657668,0.19889095,0.33997542,0.32178822,0.99358517,0.15081,0.45420012,0.3209284,0.112758696,0.46608347,0.9921123,0.11201066,0.46171927,0.41690868,0.058119774,0.48061413,0.99182266,0.17853618,0.5522076,0.4958101,0.14176217,0.56458116,0.9872283
46059.jpg,0.7600502,0.68472683,0.9996051,0.7629029,0.70034736,0.9997818,0.7614831,0.70176196,0.99978095,0.7599241,0.702986,0.9997782,0.7624703,0.7004504,0.9997763,0.7609849,0.7020635,0.999729,0.759369,0.7036397,0.9996989,0.7434414,0.7085375,0.9997358,0.7425511,0.7093604,0.99941635,0.74673045,0.6808537,0.99927527,0.74677515,0.6802849,0.99908614,0.69449055,0.6836529,0.9995295,0.6900024,0.6750364,0.9983265,0.75573117,0.782755,0.9887149,0.7367879,0.75246555,0.28682354,0.74819565,0.87954915,0.966169,0.7398922,0.85191536,0.4142765,0.7350056,0.90689826,0.943933,0.7282519,0.8765067,0.51996076,0.72927576,0.90574133,0.934764,0.7256457,0.87771285,0.53793377,0.73345166,0.8945049,0.91373795,0.73065746,0.8681433,0.54739296,0.57958233,0.47121912,0.99760604,0.5735742,0.47211266,0.99645555,0.752669,0.5020827,0.9360613,0.7420327,0.49564603,0.12450277,0.9333528,0.5338437,0.96538615,0.90665376,0.5301993,0.2408081,0.96441257,0.5129617,0.97706234,0.94584477,0.5125616,0.34075302,0.93740904,0.5841205,0.9673418,0.9267106,0.5833672,0.36739108
49958.jpg,0.36693746,0.5617436,0.9999616,0.34577662,0.577808,0.99995804,0.34480536,0.58142704,0.99995995,0.34399086,0.5852037,0.999949,0.3482606,0.57524735,0.99995124,0.34871057,0.57692075,0.9999554,0.34940988,0.5786977,0.9999517,0.3539516,0.6121541,0.9999404,0.3595044,0.600657,0.9999411,0.3891222,0.5697618,0.99989927,0.39069754,0.567688,0.9998927,0.47153762,0.64264864,0.9988953,0.45678228,0.6070143,0.99982363,0.30510613,0.63419247,0.31126067,0.26924998,0.59616137,0.99541867,0.16572118,0.6440805,0.6891142,0.08399403,0.60872376,0.9963715,0.14648956,0.6774255,0.7806325,0.047133803,0.6263744,0.9913135,0.13803482,0.67619216,0.7929696,0.05477649,0.643349,0.98836863,0.14409578,0.6617324,0.77735883,0.065746486,0.6375485,0.982904,0.85541385,0.5519504,0.99908376,0.8692807,0.5206153,0.9996081,0.69264126,0.2957287,0.2009106,0.6968753,0.28242517,0.9921864,0.51754093,0.05712557,0.39800176,0.5084175,0.033296824,0.9910268,0.4984146,0.010740638,0.5170863,0.49439505,-0.007304728,0.99120456,0.38142926,0.08058047,0.66156155,0.3752457,0.063622236,0.98936903
51249_aug.jpg,0.3466061,0.41083348,0.99935025,0.3446992,0.3972861,0.99949825,0.34633422,0.39614633,0.9994862,0.3482169,0.39505428,0.99952495,0.3441787,0.39805734,0.99958235,0.34534532,0.39747852,0.9995751,0.34667686,0.39710206,0.999616,0.36577505,0.39091688,0.9989145,0.36356723,0.39533406,0.9993099,0.3604021,0.4173435,0.99770963,0.3600698,0.41901907,0.99774593,0.41230065,0.40276664,0.9976312,0.41398337,0.42806125,0.99489295,0.29174936,0.39671,0.976694,0.30137306,0.4155063,0.18210235,0.1841163,0.36229932,0.9627374,0.20761925,0.3886443,0.4540931,0.16710794,0.34733132,0.94968665,0.19178525,0.37670302,0.5768854,0.16953284,0.34458953,0.93876207,0.19096908,0.37554538,0.58493924,0.17307457,0.35042974,0.91821444,0.19410971,0.378948,0.5958295,0.6213354,0.5343491,0.9978435,0.60912746,0.54085493,0.9977296,0.48977712,0.65389967,0.9573768,0.4964101,0.66414493,0.19397745,0.3640946,0.79244006,0.9684691,0.37010902,0.7708582,0.35293105,0.3615993,0.81492156,0.95981055,0.3532182,0.8051437,0.40884337,0.28631923,0.77722204,0.9574846,0.29524806,0.7673546,0.47554284
52181.jpg,0.41541928,0.35682097,0.9997986,0.39357838,0.351546,0.9997917,0.39137942,0.35317242,0.99980825,0.3887331,0.3553091,0.9997565,0.39257467,0.35358253,0.99978584,0.39001194,0.35631856,0.9998118,0.38694102,0.35929808,0.99978966,0.37360045,0.38791242,0.999501,0.37299693,0.3862095,0.99977857,0.42170852,0.37816745,0.9994653,0.42056137,0.37914437,0.9995497,0.4095386,0.4604854,0.99658716,0.39713126,0.45683375,0.99943036,0.34338778,0.34116393,0.19162409,0.33467036,0.32899186,0.9960485,0.25750974,0.24926615,0.4688782,0.24774498,0.21762872,0.9952134,0.22353023,0.23482549,0.634677,0.21249521,0.19374299,0.9895504,0.21901959,0.23336926,0.65018386,0.20584732,0.20180678,0.9862562,0.23044756,0.2394661,0.63665086,0.21808463,0.21184114,0.97870207,0.60275215,0.6916255,0.9945851,0.60391134,0.69862705,0.996488,0.71399647,0.4778309,0.1666709,0.7170112,0.47476524,0.9915036,0.8163836,0.2737148,0.30622607,0.82950735,0.25888216,0.990965,0.85426533,0.238224,0.43935123,0.8657899,0.2245267,0.99266315,0.73702055,0.2180073,0.52615446,0.744166,0.20701048,0.9870143
53340_aug.jpg,0.33089608,0.60266954,0.99999905,0.31391406,0.5995425,0.9999994,0.31265396,0.5969689,0.9999995,0.31120405,0.593942,0.9999994,0.31441408,0.60105264,0.9999987,0.31370205,0.59974426,0.99999905,0.31277278,0.5981856,0.99999845,0.30976108,0.56870407,0.99999964,0.31118158,0.5751308,0.9999995,0.34079766,0.58896476,0.9999995,0.34126866,0.59073544,0.99999845,0.3625752,0.48715758,0.9999987,0.3671931,0.52887386,0.99999535,0.37484807,0.3465443,0.9969477,0.33457124,0.6388059,0.92838556,0.38342553,0.22948849,0.9909644,0.29871628,0.7093885,0.9614963,0.37368548,0.19697958,0.9778567,0.27896452,0.7252024,0.9280417,0.3816967,0.19667237,0.97856164,0.283647,0.71970713,0.92653483,0.38876766,0.20750476,0.977436,0.28769785,0.71830773,0.9296818,0.51885784,0.35379207,0.9999945,0.53181076,0.36743933,0.9999982,0.6569689,0.3555696,0.99932086,0.61009234,0.33317277,0.9581628,0.5111435,0.47567055,0.99642414,0.52650577,0.47022986,0.9540497,0.51003146,0.49788713,0.9926046,0.52304727,0.4964878,0.9414093,0.41618207,0.5152884,0.98521096,0.47258157,0.49994895,0.93882173
5338.jpg,0.61453414,0.33557403,0.9999796,0.63152605,0.33460262,0.9999914,0.6331898,0.3367876,0.99999475,0.63531363,0.33914623,0.9999925,0.6304494,0.33293813,0.99998045,0.6309698,0.33380708,0.9999875,0.6318662,0.334653,0.9999851,0.6436191,0.36005244,0.9999944,0.64096564,0.3510265,0.99999297,0.6085615,0.35035077,0.99998915,0.6078131,0.34734845,0.9999685,0.6294862,0.45113075,0.9999275,0.61212957,0.41239452,0.9996351,0.6679628,0.5819405,0.9948494,0.5979506,0.2948002,0.9027217,0.7060675,0.6963244,0.979514,0.6101649,0.2055014,0.9017986,0.7226788,0.7232228,0.9360019,0.6299131,0.18467075,0.7856915,0.72027284,0.7221062,0.93546414,0.63315344,0.18325952,0.7871625,0.7119583,0.71449393,0.92944366,0.62605894,0.18944728,0.79410386,0.53266644,0.63850313,0.9997447,0.5305973,0.6438438,0.99995553,0.3739884,0.5049289,0.9927208,0.5672294,0.83807015,0.99780434,0.24927363,0.37951696,0.9770403,0.70695806,0.74442106,0.9865551,0.22268385,0.36779407,0.9642147,0.70862067,0.7180817,0.97708046,0.2778525,0.29796872,0.9536885,0.7727261,0.72756904,0.9802715
54638.jpg,0.2762262,0.5391199,0.99762064,0.2641174,0.52396107,0.99822503,0.2649883,0.52138054,0.9985128,0.26594087,0.5185614,0.99829847,0.2640139,0.5241789,0.998038,0.26497477,0.52173966,0.99815077,0.26595983,0.51897186,0.99753475,0.28815302,0.49034658,0.9978911,0.2866507,0.49274847,0.9977448,0.29510903,0.53395647,0.9964684,0.29739374,0.53539777,0.9949655,0.3585319,0.47971958,0.99758506,0.37578773,0.48549852,0.9917394,0.2036376,0.4739247,0.98772496,0.22596085,0.48258647,0.14671542,0.054819167,0.43873566,0.97187173,0.093759,0.4339197,0.32125112,0.043871045,0.41857195,0.9614175,0.0715214,0.4085654,0.41815335,0.044315994,0.41052747,0.9575504,0.0701946,0.4075564,0.42167798,0.048318684,0.41822392,0.94454885,0.0751521,0.4161579,0.43212613,0.6768598,0.5025121,0.99522996,0.67871946,0.4991882,0.99313354,0.5642443,0.732282,0.98771894,0.56574166,0.7243449,0.28535804,0.46334383,0.95311224,0.9925424,0.47112533,0.9413894,0.35343254,0.46154776,0.99243927,0.99068356,0.466737,0.980384,0.4180241,0.37382415,0.93681014,0.9893992,0.3756734,0.9305262,0.42582545
56677.jpg,0.63735044,0.42451048,0.9998354,0.6554512,0.42510808,0.99989593,0.6564759,0.42723113,0.99988806,0.6573621,0.42941594,0.9998858,0.655211,0.42415023,0.9999057,0.65605325,0.42536485,0.9998977,0.656857,0.426655,0.9998932,0.6569934,0.44858333,0.9997768,0.6556388,0.44400233,0.99976724,0.6261654,0.43721384,0.9994808,0.625003,0.43542296,0.99942076,0.61976373,0.4989211,0.9985777,0.6061227,0.49083376,0.99771106,0.7261181,0.4505266,0.9882997,0.7023051,0.45166236,0.34120288,0.86103356,0.42190182,0.9779218,0.81095886,0.4324249,0.5665331,0.889362,0.427857,0.96262515,0.8365291,0.4428349,0.6552108,0.89325535,0.438802,0.95676386,0.8419046,0.4449013,0.66951203,0.88413763,0.43644524,0.9475195,0.8346398,0.44034368,0.66580796,0.35394964,0.5862774,0.99706477,0.3666965,0.5832626,0.996732,0.43999705,0.38241178,0.96728635,0.44131988,0.39457035,0.21459983,0.5241044,0.16051987,0.97483575,0.5195366,0.1844483,0.35448307,0.5147137,0.119137526,0.9743474,0.5101783,0.13801512,0.3816373,0.5939758,0.16825014,0.97367406,0.58954966,0.17873102,0.4666216
57706.jpg,0.3319727,0.54680467,0.9988462,0.31994733,0.5382247,0.99904984,0.32004422,0.53656036,0.9990128,0.32046947,0.53474283,0.999113,0.32014033,0.5387454,0.99926454,0.320175,0.5375037,0.9992711,0.3204923,0.53624564,0.99934727,0.32867002,0.51852113,0.99800533,0.32904968,0.52203286,0.99890125,0.34408942,0.54101557,0.99713683,0.34440917,0.5419335,0.9971431,0.37064415,0.4942525,0.9979746,0.38563123,0.5108326,0.9967302,0.28252608,0.5690814,0.9796282,0.3045567,0.5782395,0.26274532,0.18074402,0.6216725,0.97057414,0.21754307,0.6230314,0.6031993,0.15635625,0.62272835,0.960739,0.19868353,0.6236316,0.7107019,0.15682048,0.619547,0.95184726,0.19655377,0.6236123,0.720097,0.1638565,0.62094074,0.9345823,0.20236531,0.6243633,0.7297758,0.6107455,0.4406903,0.9987942,0.6017402,0.45365408,0.9989427,0.6224048,0.6192403,0.9667719,0.6094302,0.61667323,0.20545407,0.61949396,0.8044957,0.9777996,0.6153501,0.77672315,0.4459774,0.6296725,0.8351114,0.96934044,0.6088296,0.8126061,0.5281135,0.5585132,0.840049,0.96993655,0.54654443,0.8288259,0.5996629
58033.jpg,0.694547,0.3221566,0.99983597,0.6920348,0.30360964,0.9997937,0.68999183,0.30284977,0.9998348,0.6875554,0.3019585,0.9997743,0.6892739,0.30323708,0.99975556,0.68571776,0.30221832,0.99980277,0.6818997,0.30096117,0.99973756,0.6582217,0.29997388,0.9996414,0.6549509,0.2990021,0.99973327,0.6744869,0.33365804,0.99958986,0.6719464,0.33211774,0.9995419,0.58681464,0.34992445,0.99742895,0.58918893,0.34668145,0.99873465,0.65875983,0.25694245,0.17829898,0.665328,0.2480694,0.9953355,0.704063,0.14332819,0.41961998,0.7208587,0.11334184,0.9947855,0.6965616,0.1140399,0.6878583,0.71883655,0.08458835,0.98697704,0.69559205,0.11013913,0.7019226,0.7100133,0.082999885,0.9795101,0.6980195,0.11991894,0.6990764,0.7102587,0.09234214,0.967257,0.4297386,0.59866655,0.99614304,0.41663834,0.6117103,0.9964562,0.64765096,0.59519744,0.14857519,0.65190446,0.6051133,0.99486333,0.8684081,0.5905507,0.38951245,0.887058,0.5998656,0.9951231,0.9074256,0.5971474,0.55612636,0.92211664,0.6101273,0.9968772,0.9034209,0.50757337,0.7220643,0.91384006,0.51501864,0.99481803
61098_aug.jpg,0.45217296,0.6472649,0.99997747,0.45167834,0.67627037,0.999977,0.454393,0.6782596,0.9999794,0.45748687,0.6805091,0.9999752,0.45193788,0.67585236,0.99996877,0.45444983,0.6772709,0.9999734,0.45727897,0.6787132,0.99996865,0.4908,0.6837675,0.99996305,0.4855674,0.67837465,0.99996066,0.47260648,0.6311965,0.999951,0.4733652,0.6318387,0.99993825,0.5706237,0.6101693,0.99912506,0.5497531,0.60250556,0.99976236,0.4612505,0.73338014,0.33347842,0.4096647,0.73442185,0.9967866,0.37653202,0.8501612,0.63940555,0.28602052,0.8868668,0.9969981,0.39377728,0.88933337,0.7996043,0.26864606,0.92338073,0.9897367,0.3835677,0.8962525,0.81536174,0.28331757,0.9308386,0.9830928,0.37402633,0.88393176,0.80160046,0.28975117,0.9207369,0.97284365,0.7890345,0.25914577,0.99819666,0.7780045,0.23423654,0.9989629,0.48182622,0.19680513,0.14474794,0.46824393,0.19558048,0.9895866,0.17936623,0.16455457,0.5025923,0.1533202,0.1478925,0.9921096,0.13698888,0.13782436,0.7081866,0.108279586,0.11974804,0.9944946,0.10973048,0.2807123,0.8451898,0.07559568,0.26702416,0.9937279
61599.jpg,0.5808876,0.3689868,0.9992411,0.59128165,0.35895932,0.99953806,0.5892476,0.357811,0.999482,0.5871209,0.35669127,0.9996124,0.59841555,0.3649102,0.999607,0.60097694,0.36756754,0.9994305,0.60330284,0.37005436,0.9994685,0.5826899,0.36495268,0.99929667,0.6032766,0.38298815,0.99959344,0.56729066,0.37778834,0.9990545,0.57704526,0.38697395,0.9991372,0.5241815,0.40586078,0.9983962,0.5806793,0.47383025,0.99762565,0.6242532,0.29903618,0.8906921,0.64924896,0.3778374,0.23692226,0.7308729,0.21134293,0.9491287,0.7216134,0.3656057,0.55779374,0.76198995,0.19933397,0.9503828,0.74493706,0.37242287,0.6096117,0.7684194,0.2046515,0.94793946,0.7444481,0.37102622,0.60722536,0.75782794,0.21063721,0.9321501,0.738165,0.3591202,0.5835998,0.32987705,0.60466444,0.99932694,0.37418333,0.642769,0.99897575,0.313436,0.4154516,0.9566262,0.38461196,0.5288483,0.28899077,0.29391694,0.23470601,0.9657259,0.36820555,0.45749003,0.51083004,0.27574992,0.20680577,0.9547452,0.3528066,0.44815224,0.4942001,0.33056852,0.16905183,0.93650985,0.40988714,0.43215856,0.5499688
66405.jpg,0.60368395,0.29789776,0.9993742,0.60618645,0.30678263,0.99954057,0.6048447,0.30848685,0.99946374,0.60252595,0.31111443,0.99952185,0.6051512,0.30608267,0.99956936,0.6039348,0.3070074,0.99952114,0.60220885,0.30796072,0.999468,0.58423245,0.32167673,0.9994318,0.58520365,0.3213071,0.9992799,0.5865089,0.30541506,0.99847585,0.58580285,0.30178538,0.9986885,0.55434704,0.33601266,0.9980421,0.5399728,0.33368316,0.99728143,0.66627,0.29447788,0.94504917,0.65938187,0.29308316,0.1961532,0.7766244,0.27767617,0.9118961,0.7493167,0.27864945,0.3540514,0.80895513,0.2915755,0.8739336,0.78864014,0.28752905,0.37142578,0.80957675,0.29690608,0.8495234,0.7839442,0.28615403,0.35315284,0.80021775,0.29048157,0.8194566,0.776206,0.28236115,0.35143897,0.3399045,0.22220941,0.9987419,0.29848948,0.23972216,0.99904245,0.41519487,0.27347568,0.87979865,0.34997508,0.1797065,0.6638185,0.73374295,0.21945252,0.8471912,0.44377467,0.083399065,0.81950074,0.71746796,0.13659434,0.830573,0.45316452,0.064057015,0.8125563,0.79771674,0.22533342,0.85809606,0.4864971,0.10996332,0.8573992
67562_aug.jpg,0.3653881,0.5731699,0.9997521,0.34851193,0.5723228,0.9998455,0.34759313,0.5704337,0.99983513,0.34681582,0.5684403,0.9998301,0.34832492,0.57262975,0.9998599,0.34728634,0.57116795,0.9998555,0.3462611,0.569633,0.99984825,0.34764606,0.54908174,0.9996282,0.34741634,0.55179757,0.99967027,0.3752346,0.5608788,0.9992663,0.3759954,0.56180483,0.9991731,0.38797748,0.49629152,0.99793315,0.3941265,0.50164413,0.99703896,0.28221965,0.54749525,0.9855881,0.29769468,0.5458979,0.23545077,0.14373738,0.5827884,0.97349226,0.18588632,0.56915396,0.4728149,0.11327237,0.58024585,0.9564014,0.16268209,0.56257147,0.59590703,0.11108667,0.5700639,0.94988817,0.1576559,0.560291,0.61007375,0.1207059,0.57093316,0.9373474,0.16581613,0.563567,0.60751235,0.6450308,0.406469,0.99651957,0.6266802,0.4085156,0.99650866,0.56028736,0.60951245,0.96426225,0.5568835,0.5958263,0.21127817,0.48122305,0.82906914,0.97313,0.48199496,0.80520797,0.3503917,0.4866327,0.8674346,0.972649,0.4862332,0.8443594,0.37545958,0.40669546,0.8239418,0.9707873,0.40576828,0.81357944,0.44620004
68577.jpg,0.63141274,0.48032045,0.9999871,0.636363,0.46019867,0.99998677,0.63403714,0.45754996,0.9999893,0.63154626,0.45463276,0.9999851,0.63540393,0.46023723,0.99998415,0.6327539,0.45800623,0.99998736,0.630045,0.4556877,0.9999832,0.60365456,0.43615222,0.9999825,0.60441184,0.44080245,0.99998,0.60877216,0.48282441,0.99996567,0.60885906,0.48166597,0.9999597,0.5225209,0.44775254,0.9987828,0.54118276,0.44919103,0.9995921,0.665871,0.4268777,0.23402339,0.6967429,0.42405277,0.9964385,0.78966075,0.38572365,0.47460482,0.84776014,0.36601877,0.99462116,0.8182924,0.35482585,0.6557302,0.8709671,0.3358085,0.98318726,0.81930333,0.35489285,0.6759626,0.8687471,0.3301897,0.9728545,0.8093075,0.36648446,0.66510564,0.8606755,0.3400286,0.9586469,0.17530827,0.4943492,0.99595535,0.16674092,0.5020049,0.99811447,0.38003373,0.6414496,0.10468802,0.39308345,0.64991015,0.9885795,0.61845785,0.7792766,0.37605798,0.64267635,0.807827,0.9900345,0.64186174,0.81710845,0.5607873,0.6609523,0.85031796,0.9921759,0.6982169,0.7358684,0.7820911,0.7254692,0.7684181,0.9926358
71557.jpg,0.5321044,0.38582188,0.99998045,0.51976615,0.3645658,0.99997735,0.51622874,0.36442494,0.99998343,0.51215655,0.36406225,0.99997556,0.51905364,0.36302727,0.9999722,0.5152083,0.36188817,0.9999796,0.5106249,0.36075985,0.9999714,0.46869728,0.37156558,0.9999708,0.46979815,0.36958987,0.99997115,0.51583046,0.4072045,0.9999435,0.51455194,0.40505433,0.9999442,0.41280076,0.46428746,0.9990435,0.42166242,0.44313124,0.99979407,0.42878112,0.28622347,0.27128324,0.44400042,0.25684327,0.99853027,0.36679608,0.14453089,0.53383017,0.37537998,0.068338394,0.99803597,0.33036712,0.117828965,0.72276133,0.34004512,0.04339522,0.9930126,0.3303762,0.110743225,0.73903686,0.33336422,0.047186315,0.98851156,0.3430524,0.11885315,0.72699296,0.34271964,0.055121005,0.98069215,0.39466688,0.86226296,0.9966725,0.3937473,0.85828674,0.99874324,0.64339924,0.6789262,0.18930328,0.6472949,0.66277087,0.9951593,0.9111224,0.5087477,0.5020516,0.93111664,0.4964164,0.9954573,0.9516675,0.49896786,0.6580294,0.9668448,0.4892135,0.99668795,0.8757627,0.3898493,0.85432017,0.88862413,0.36623144,0.99636155
72740.jpg,0.5917712,0.76683426,0.99538076,0.5841785,0.7777791,0.99852884,0.58144045,0.77727765,0.99835,0.5778754,0.77464974,0.9988589,0.58728737,0.7776782,0.9977143,0.5865627,0.7771205,0.99652606,0.58537185,0.77689564,0.996799,0.54195493,0.7642391,0.9983985,0.5507905,0.7663306,0.9970901,0.58261406,0.7512467,0.9978521,0.58715814,0.74964356,0.996349,0.49125335,0.7191291,0.99702877,0.55183315,0.7077174,0.99601525,0.55969673,0.80518436,0.951104,0.5945615,0.7974176,0.30332133,0.59107375,0.92965853,0.89764917,0.61339515,0.90155256,0.58961403,0.5957831,0.94962835,0.8925969,0.6102774,0.92626804,0.64568543,0.59474736,0.95049345,0.8771422,0.6061124,0.9237148,0.6437403,0.5928017,0.9456038,0.86022484,0.6048679,0.9213673,0.64868057,0.41391775,0.4987063,0.99976295,0.48629066,0.48714992,0.99983406,0.2932747,0.38639098,0.86331487,0.45820865,0.33697325,0.88722336,0.44006717,0.4873047,0.24146394,0.43696347,0.37318808,0.36457318,0.46021128,0.51587623,0.25189003,0.43825886,0.3934046,0.4948933,0.49000677,0.49486005,0.23911452,0.4095978,0.34474927,0.43654934
79722_aug.jpg,0.68749595,0.36975616,0.9987153,0.68862903,0.3456212,0.99909353,0.6852792,0.34137776,0.9990582,0.68178576,0.33656815,0.99916875,0.69002163,0.34865353,0.9988268,0.68797886,0.34720224,0.9985108,0.6856353,0.34563068,0.99879503,0.644122,0.31417444,0.9988432,0.6506289,0.3272836,0.99853873,0.6601159,0.37218753,0.99847263,0.660462,0.37637848,0.99826425,0.5328188,0.34036508,0.99508226,0.5516397,0.37891898,0.9967481,0.7146137,0.20900476,0.33996677,0.7260003,0.24464363,0.92011696,0.8395834,0.06621432,0.49099723,0.89393866,0.07660103,0.894555,0.86537886,0.060029566,0.57975096,0.91038835,0.041892648,0.8547501,0.8728758,0.05625546,0.5828869,0.89984983,0.03837973,0.83435166,0.8505863,0.04418391,0.6006759,0.8975459,0.048455775,0.81156796,0.2890542,0.6705899,0.9909697,0.27043784,0.70580864,0.99372476,0.5393919,0.76147825,0.13393094,0.547492,0.78193176,0.859322,0.80347764,0.84233606,0.18452525,0.818469,0.8581423,0.7977299,0.8490436,0.85424787,0.23925976,0.8562016,0.8693007,0.8219049,0.8818413,0.77296203,0.28576875,0.8768722,0.8080128,0.7810357
81436_aug.jpg,0.27641606,0.3309531,0.9948377,0.26961362,0.3346516,0.9958098,0.2641335,0.3392378,0.99483633,0.25882453,0.3439414,0.99523515,0.28420955,0.3221063,0.9968359,0.2879508,0.31849253,0.99633574,0.29174876,0.314778,0.9968727,0.2490034,0.36116713,0.9946455,0.24033922,0.3519802,0.9977544,0.24119955,0.37427694,0.9982615,0.24403957,0.3704325,0.99848914,0.21127865,0.46094865,0.9990682,0.34930035,0.32751873,0.9998609,0.3417993,0.5196663,0.1916372,0.5247257,0.34058124,0.9643764,0.5086619,0.4714662,0.41718927,0.7268854,0.31237364,0.9899609,0.53262246,0.4593853,0.42654762,0.77690864,0.30750966,0.9869552,0.5439813,0.44829565,0.43474156,0.77561367,0.29765677,0.9854617,0.5410911,0.45120445,0.4419997,0.7568394,0.30587503,0.98136353,0.3531232,0.46469498,0.9998487,0.41265112,0.40090737,0.99997854,0.5002719,0.5126965,0.31249788,0.5649669,0.30997577,0.8049776,0.6534996,0.5990685,0.57387507,0.8131083,0.25267747,0.8939525,0.66993296,0.61838615,0.53578746,0.8463373,0.256773,0.81859475,0.70138323,0.5943007,0.6493986,0.8846772,0.18579733,0.8537831
85685.jpg,0.46889436,0.801627,0.9999974,0.47807315,0.8162608,0.9999713,0.4790256,0.8164195,0.9999906,0.47984472,0.8164209,0.9999654,0.48080325,0.8160248,0.9999777,0.4836322,0.8161521,0.9999895,0.4866102,0.81627953,0.99995995,0.49699867,0.8075049,0.9999869,0.5026664,0.80933714,0.9999956,0.47204322,0.78554326,0.99997723,0.47517565,0.78498214,0.9999832,0.50251645,0.72978085,0.99991834,0.51986027,0.7276567,0.9999987,0.5244878,0.8144979,0.21195413,0.57130605,0.8322551,0.9938398,0.5848726,0.89156187,0.3475393,0.64294344,0.9270189,0.986439,0.60944366,0.89969444,0.38113654,0.6615788,0.92827076,0.96984303,0.6122743,0.8988192,0.38401413,0.66548854,0.9289628,0.9634819,0.6023823,0.9004816,0.36969924,0.6580873,0.9281002,0.9624342,0.4110833,0.5155129,0.9999764,0.43213487,0.48465005,0.99999726,0.35408047,0.6848239,0.94662005,0.3476777,0.33026135,0.99917954,0.2931577,0.84440994,0.9892588,0.3000875,0.15904474,0.9933281,0.27894652,0.8616426,0.9925867,0.30808327,0.13323957,0.99428964,0.32962918,0.88887703,0.9940606,0.25497523,0.09075773,0.99292713
85704.jpg,0.32362494,0.39734846,0.9998566,0.30375373,0.39384675,0.9998658,0.3027411,0.39496067,0.9998535,0.3014268,0.39617965,0.9998198,0.30177528,0.39600325,0.99985397,0.29977185,0.3983823,0.99985147,0.29751235,0.40073273,0.99985635,0.29166287,0.41857338,0.99977285,0.289608,0.42081812,0.9998004,0.33229816,0.4139664,0.999426,0.33043718,0.41587517,0.99950457,0.33620927,0.49525118,0.99401903,0.3250578,0.4864045,0.9989893,0.2380895,0.40985256,0.19319087,0.22949564,0.38903454,0.9773572,0.13805449,0.3452935,0.41188285,0.09909293,0.3046458,0.9767829,0.105979055,0.34878853,0.4720078,0.06594482,0.30495852,0.96351254,0.10161123,0.3448486,0.48348328,0.061509937,0.31101733,0.958801,0.10832691,0.3434846,0.4739228,0.07248485,0.31270716,0.95180506,0.5665904,0.6971372,0.99813986,0.56154525,0.7018933,0.9992636,0.624007,0.5052844,0.17004716,0.62726593,0.5059655,0.9882861,0.65526813,0.3019413,0.22838807,0.66607666,0.28874308,0.9786214,0.67898977,0.2722614,0.30814502,0.69201,0.25434014,0.97451276,0.5800084,0.23801419,0.37998974,0.5944017,0.23019597,0.96820974
86195.jpg,0.5369525,0.59899724,0.99977237,0.5507685,0.6024922,0.99985003,0.55127275,0.60098964,0.9998528,0.5522043,0.59947485,0.99985063,0.5532311,0.6020044,0.99981266,0.55529916,0.6000724,0.99980193,0.5575993,0.5980778,0.9998135,0.5619281,0.57629704,0.9997845,0.5627506,0.57699984,0.99975234,0.5295479,0.58255494,0.99961394,0.53279495,0.5821166,0.99966276,0.55219424,0.5144808,0.9966899,0.54736733,0.53361505,0.9994987,0.58935964,0.6034788,0.27159232,0.5965824,0.62702763,0.99032927,0.64499843,0.70506454,0.53639954,0.67126334,0.7437311,0.9876101,0.6638271,0.72072506,0.6775235,0.6935628,0.767182,0.9755847,0.6670342,0.7249794,0.6920423,0.6960417,0.764801,0.9665376,0.6629071,0.72646,0.6766259,0.6880027,0.7567965,0.9523733,0.37762928,0.31087437,0.9987594,0.36432394,0.31897196,0.9994611,0.20356597,0.47170505,0.2473964,0.19555478,0.47919324,0.99287707,0.06571394,0.63314426,0.35360214,0.054784656,0.6406951,0.99103665,0.03580025,0.66047096,0.52660525,0.024738938,0.6664775,0.99368024,0.10180494,0.71026003,0.59294415,0.08990434,0.71787834,0.9886231
87461_aug.jpg,0.34255183,0.69354653,0.99961424,0.32899737,0.69096,0.99978894,0.32805568,0.68947566,0.99974936,0.32723987,0.68785244,0.9997633,0.32880127,0.6905873,0.9997439,0.3277367,0.6889871,0.9996489,0.32666856,0.6873029,0.99965465,0.32630777,0.6713241,0.99981993,0.3253374,0.6718602,0.9994562,0.34879002,0.6855111,0.99935144,0.34968716,0.6847525,0.999226,0.3633502,0.6369099,0.9997764,0.36849004,0.62954164,0.9995865,0.2737581,0.67125475,0.98485965,0.2838766,0.6694616,0.350854,0.17561638,0.6793659,0.96417266,0.20152938,0.6703495,0.5837777,0.15849036,0.67159396,0.9417937,0.18934071,0.6585588,0.6298511,0.15626326,0.66537476,0.93387765,0.18477508,0.65693927,0.6433634,0.16298741,0.6683635,0.91516405,0.18832636,0.661789,0.65800613,0.5543327,0.5431226,0.99938107,0.55198467,0.54112256,0.9993573,0.4995943,0.6756768,0.88119566,0.49931914,0.6751647,0.14966221,0.42817745,0.8375802,0.8958503,0.43487015,0.8299259,0.2410135,0.4294324,0.85637236,0.9451169,0.43891805,0.8533158,0.38755918,0.3769276,0.83719516,0.92069626,0.39025545,0.8470857,0.3857068
88790_aug.jpg,0.49492013,0.7046397,0.99999464,0.5198353,0.73036957,0.9999939,0.52361965,0.7302998,0.9999958,0.5278282,0.7298684,0.99999285,0.51970214,0.7311728,0.9999918,0.5227996,0.7320535,0.9999944,0.5264373,0.73267514,0.99999094,0.5589558,0.7154042,0.9999924,0.55280375,0.72150964,0.9999944,0.50206554,0.68036705,0.9999871,0.50284624,0.6823514,0.99998796,0.56780654,0.60493624,0.9996076,0.5712743,0.63145375,0.99988496,0.68846,0.75752527,0.3668635,0.70100176,0.7994475,0.99918085,0.8403104,0.8359111,0.6746301,0.8947741,0.89334416,0.9989359,0.88600147,0.8338381,0.85557276,0.95431805,0.9004356,0.99518824,0.8900145,0.8345472,0.86676306,0.96818984,0.8923143,0.9915603,0.8711984,0.83596325,0.84394217,0.9419483,0.8870699,0.9850588,0.39519665,0.19576678,0.9980533,0.3844055,0.19232717,0.9993168,0.22328474,0.4924061,0.26724917,0.21005166,0.51189375,0.99762744,0.07228345,0.77769274,0.7386505,0.05036828,0.8008061,0.9979977,0.045737773,0.8008686,0.85881364,0.013898551,0.8303401,0.9983998,0.17566785,0.86110914,0.9571712,0.14912488,0.8949689,0.9984138
89167_aug.jpg,0.3587409,0.65164757,0.97685224,0.3482871,0.65810645,0.9863663,0.3477917,0.6602797,0.9852058,0.34582624,0.6624742,0.98687905,0.3644964,0.6506167,0.98863727,0.36541557,0.6511507,0.98669827,0.3654006,0.6517343,0.98660755,0.3458785,0.67651033,0.99024266,0.3597374,0.656986,0.9839864,0.35947365,0.6680774,0.98149335,0.36114725,0.6665356,0.98658466,0.36802733,0.6798923,0.99026275,0.38506052,0.7169881,0.99161834,0.36065757,0.75038135,0.35079405,0.33645895,0.7958667,0.26634145,0.2748673,0.71246237,0.3677434,0.2740743,0.7136551,0.40974638,0.28678817,0.7750342,0.40878013,0.2386617,0.68958884,0.44240087,0.28182244,0.758626,0.4011493,0.24259095,0.68607754,0.4385197,0.2923885,0.75225306,0.38006002,0.23730755,0.69045514,0.42634374,0.51554686,0.9563146,0.9950996,0.5143029,0.9478286,0.9954288,0.5470842,0.734532,0.60566044,0.45829615,0.7603297,0.71571296,0.27844495,0.7006206,0.47367525,0.26748392,0.68373895,0.6049834,0.28163004,0.7280653,0.43430877,0.26943243,0.7311674,0.6566974,0.20439634,0.6971235,0.37304905,0.19826587,0.660184,0.512818
89175_aug.jpg,0.6662015,0.5615913,0.9987791,0.6703162,0.5755788,0.9988569,0.66925836,0.5768938,0.9988865,0.6678457,0.5779692,0.9989458,0.6696389,0.575115,0.9990453,0.66825485,0.5762766,0.99910504,0.66664374,0.5772325,0.9991755,0.6483547,0.5856215,0.9975419,0.6480378,0.58406734,0.99861085,0.6526555,0.5588431,0.99626106,0.6517734,0.55760336,0.9961785,0.59968805,0.57652056,0.9969216,0.58881414,0.55915135,0.99357337,0.71579164,0.5741835,0.98113096,0.70088375,0.5601403,0.18996508,0.82844865,0.59356457,0.9666512,0.7962096,0.57335067,0.4678367,0.84883565,0.6119092,0.95516765,0.8113973,0.58566076,0.59716934,0.84557414,0.6161492,0.9447568,0.8126531,0.58811593,0.61009353,0.84008324,0.6093481,0.9240623,0.80922663,0.5815655,0.6309757,0.38284478,0.48085997,0.99622107,0.38655373,0.46881366,0.9964898,0.4832241,0.33610684,0.96794885,0.48457518,0.32628176,0.25920922,0.6009393,0.18880334,0.97830725,0.5967603,0.20026371,0.48632893,0.6009251,0.16271895,0.96724945,0.6015393,0.16771209,0.57517445,0.6652656,0.19727555,0.969799,0.66465753,0.19926208,0.621497
89997_aug.jpg,0.67310476,0.6340207,0.9978224,0.66627,0.65390444,0.9983152,0.6629983,0.6549784,0.9985267,0.6596852,0.6561462,0.99833053,0.6658399,0.65431464,0.9985928,0.66215914,0.65544456,0.9985877,0.6582532,0.6568288,0.99834955,0.62655956,0.6588962,0.99796754,0.6263579,0.66076005,0.9971993,0.6567353,0.62470233,0.9955319,0.6562404,0.62306166,0.99495524,0.58934534,0.61707187,0.9974853,0.5705931,0.61390865,0.9927872,0.6939384,0.73835516,0.98764426,0.6728637,0.72499907,0.36346015,0.7876849,0.9212527,0.97063756,0.7246676,0.8730874,0.64931107,0.78897065,0.9476706,0.9514436,0.7347716,0.91388595,0.7550774,0.7824608,0.9498677,0.940267,0.7328588,0.9155692,0.76587707,0.78186834,0.9416758,0.9198765,0.7337489,0.9078604,0.75478756,0.37294915,0.3614974,0.98838055,0.3589897,0.36224687,0.98925215,0.6395405,0.29397115,0.9607863,0.6270597,0.29315332,0.2055969,0.8918208,0.21679783,0.9755848,0.87155527,0.22047617,0.41857404,0.92450505,0.18039559,0.97979903,0.90748715,0.18794213,0.50857943,0.9393928,0.281475,0.9713127,0.9176698,0.28848445,0.5341087
96503_aug.jpg,0.5504777,0.6930027,0.99990237,0.5650337,0.7097299,0.99990237,0.5674248,0.70961785,0.9999068,0.5700606,0.7094481,0.99988186,0.56610465,0.7093811,0.99987245,0.5686613,0.7090848,0.999884,0.5712484,0.70883995,0.99987066,0.59349906,0.6982728,0.9998481,0.589661,0.69892424,0.9998714,0.55768865,0.67573255,0.99975294,0.55834866,0.67628735,0.99973327,0.6187699,0.6216551,0.9981316,0.6036918,0.6393738,0.9995105,0.62384677,0.74841416,0.27268457,0.6126851,0.7682853,0.9929911,0.64966214,0.8628322,0.62281555,0.6492725,0.91094375,0.99488306,0.6720035,0.88619137,0.77405417,0.6714858,0.9487259,0.98790854,0.6698576,0.8919608,0.7868554,0.67672837,0.9486262,0.9830688,0.66207486,0.88374156,0.77326304,0.6690418,0.93338776,0.97543645,0.5981122,0.31366634,0.9988746,0.5906952,0.31466746,0.999321,0.41650298,0.3972774,0.12192444,0.4074471,0.399549,0.98544323,0.24260005,0.5209909,0.3031632,0.22992027,0.52614135,0.98293996,0.20325899,0.5199167,0.50031996,0.19149292,0.52654254,0.9890218,0.24153802,0.60904825,0.6185951,0.23954168,0.6227816,0.9825899
98512.jpg,0.5640043,0.70525044,0.99998176,0.5881816,0.71914613,0.9999784,0.59102565,0.7179133,0.9999862,0.5940723,0.7162762,0.99997723,0.5889152,0.7193881,0.9999677,0.5918995,0.71869636,0.9999778,0.5950706,0.7178209,0.999964,0.6134532,0.6904369,0.9999713,0.61199105,0.69744813,0.99997294,0.56307346,0.6775935,0.9999528,0.56457585,0.6774078,0.99995184,0.5964853,0.5757254,0.9994765,0.6049888,0.5989194,0.99976736,0.7282047,0.70943063,0.388748,0.74232185,0.73614407,0.99856985,0.8990302,0.747472,0.6620565,0.9361185,0.776071,0.99851114,0.93681777,0.74419636,0.8603808,0.98828554,0.785876,0.9934947,0.93830085,0.74042004,0.8710958,0.988886,0.7739442,0.98799056,0.9236293,0.7403313,0.8545236,0.96496165,0.7675052,0.97877103,0.32183307,0.25389066,0.9980076,0.31364998,0.2515348,0.99897695,0.22228599,0.5774043,0.2310392,0.20978451,0.5922798,0.99698466,0.14421499,0.85076773,0.6996737,0.11783986,0.8921845,0.9974527,0.10188879,0.8935833,0.8367207,0.06618859,0.93658125,0.9983563,0.25520083,0.9023138,0.9500189,0.23091447,0.9260864,0.998212
