11678.jpg,0.6579702,0.51341784,0.9998486,0.6390393,0.5214947,0.99990535,0.63599956,0.5201933,0.99989223,0.6331408,0.5189303,0.9999031,0.640674,0.5206249,0.9998579,0.6389793,0.5188136,0.9997763,0.63753974,0.5171426,0.9998097,0.61079586,0.49669242,0.9998832,0.61582696,0.49703145,0.9998566,0.6505139,0.49243766,0.9995814,0.65363836,0.4923799,0.99950194,0.5955169,0.42768216,0.9992975,0.6071949,0.4068593,0.9994456,0.739163,0.5152566,0.9901334,0.74146754,0.5086843,0.3792205,0.87175894,0.6431122,0.9735917,0.83547676,0.6073483,0.6219755,0.89771426,0.6738457,0.9569576,0.86225337,0.6400663,0.6535037,0.8911082,0.6766848,0.94667923,0.8654137,0.6483672,0.6292951,0.8879089,0.6723349,0.94325274,0.86053306,0.64296716,0.6624529,0.3119405,0.24389222,0.9976888,0.35656917,0.18393736,0.9994136,0.08075264,0.37778932,0.9973061,0.4803737,0.02574876,0.99118876,0.006837249,0.586276,0.9650012,0.26816216,0.03648843,0.9776734,0.018126994,0.62400836,0.92934304,0.23879197,0.065216534,0.97867113,-0.027260214,0.6270532,0.95289683,0.19669515,0.012175456,0.95386434
16777.jpg,0.29916853,0.706534,0.99999,0.28672528,0.7099836,0.99998796,0.2823258,0.7067841,0.99998224,0.27805346,0.7034968,0.9999887,0.29701346,0.7148326,0.9999895,0.3001951,0.7154006,0.9999865,0.30337638,0.7159858,0.9999902,0.27207726,0.6803453,0.99998057,0.30720717,0.70070463,0.9999906,0.2969557,0.68325925,0.9999869,0.31060523,0.6926254,0.99998784,0.27601546,0.5552442,0.99988866,0.38055947,0.665171,0.99999297,0.21006553,0.44237754,0.89521474,0.47654444,0.7766305,0.9937097,0.13414985,0.32607463,0.61793965,0.56116664,0.88954943,0.9696462,0.10036367,0.31014964,0.5292946,0.5812686,0.92836446,0.89143366,0.09334573,0.31198245,0.5547564,0.58272576,0.9358545,0.9008236,0.10632914,0.3106105,0.58782375,0.5775137,0.9227586,0.9334252,0.41870388,0.41498393,0.9999236,0.45159453,0.45321676,0.9999075,0.48998392,0.21761332,0.96940696,0.24157673,0.4886399,0.99727756,0.587906,0.04165107,0.9940158,0.121758044,0.29842305,0.9957782,0.61271006,0.027253538,0.99579775,0.118906885,0.27030173,0.99188215,0.5448604,-0.019610733,0.9935788,0.03652376,0.31828767,0.99395424
17537_aug.jpg,0.94566727,0.5844705,0.99992085,0.9396374,0.60695964,0.9999461,0.9366989,0.6071141,0.9999274,0.9337481,0.6072173,0.9999486,0.94009864,0.6091887,0.99994445,0.9375093,0.61089665,0.99994254,0.9347089,0.6128447,0.9999566,0.9064604,0.6052149,0.99994266,0.9042263,0.6156071,0.99993575,0.9242736,0.5642035,0.9999573,0.92510045,0.56625247,0.99996185,0.7967274,0.4962477,0.9999926,0.7900357,0.5407103,0.9999342,0.6679456,0.28585583,0.9859335,0.6618211,0.36735433,0.116747156,0.5776812,0.11909771,0.9715073,0.5951617,0.20237233,0.1505322,0.5659489,0.07668716,0.9402543,0.5855868,0.1693026,0.13396417,0.5719367,0.07354811,0.9359847,0.5795394,0.15589428,0.13092671,0.5712253,0.08741495,0.90195644,0.57244664,0.15911768,0.13067615,0.489143,0.3547515,0.9999981,0.51928025,0.37545604,0.9999807,0.25857496,0.2500469,0.9998814,0.7334094,0.35595244,0.74013114,0.054047048,0.35003972,0.99940467,0.5682828,0.13156301,0.90961856,0.04042074,0.40614712,0.9936631,0.5349247,0.110075444,0.8519935,-7.408857e-05,0.31417423,0.9968008,0.61621046,0.046750635,0.90231544
19304_aug.jpg,0.3162672,0.65630966,0.9999676,0.3052975,0.64016294,0.99999297,0.30664358,0.6373271,0.9999951,0.30806887,0.634706,0.999992,0.30475444,0.64143467,0.9999826,0.30585027,0.6393774,0.9999862,0.30695564,0.63731325,0.9999864,0.32988524,0.6135028,0.9999889,0.3290204,0.61237216,0.99998784,0.33494237,0.65182847,0.99974674,0.33526435,0.65341604,0.9997713,0.40644136,0.6055829,0.99979275,0.41339153,0.5789829,0.99916506,0.26077324,0.6428251,0.99818003,0.26884377,0.616365,0.33891284,0.09541005,0.618829,0.9910313,0.12724233,0.6042041,0.565604,0.061940193,0.60395867,0.98376554,0.09103078,0.5878464,0.5408455,0.06387097,0.59127265,0.98266,0.08914727,0.57885104,0.53810847,0.07420242,0.59327894,0.97759753,0.09902817,0.58229905,0.5272963,0.7099036,0.46877664,0.99961,0.70916873,0.43817994,0.99965096,0.7323675,0.66594577,0.9996712,0.7437167,0.20299426,0.9910028,0.9246894,0.5142782,0.9885074,0.59193265,0.057650298,0.9915427,0.9379427,0.4805347,0.9904468,0.5490669,0.05396548,0.993507,1.0101728,0.5586203,0.98491585,0.5405097,-0.059208333,0.9893708
25638_aug.jpg,0.5798076,0.37919235,0.99948347,0.59505063,0.38897988,0.99967587,0.59426266,0.39169148,0.9996307,0.59330213,0.39501917,0.9997074,0.595194,0.38725397,0.9993493,0.59437406,0.3885984,0.9989342,0.59366,0.3904574,0.99942493,0.5722616,0.42068002,0.99963284,0.576447,0.41617632,0.9997346,0.55660856,0.3868508,0.99779046,0.5574487,0.38473338,0.9985782,0.4739641,0.45149386,0.9964845,0.47232753,0.4672594,0.9929733,0.53054315,0.27867332,0.99564457,0.5264772,0.3340824,0.30964676,0.65859497,0.300722,0.95148665,0.6390053,0.3291013,0.22652504,0.6865897,0.31104052,0.8971777,0.6677696,0.33271337,0.1661005,0.68312603,0.32810777,0.88343495,0.67083627,0.3438507,0.16379458,0.6699801,0.3322065,0.8893006,0.65777737,0.3479196,0.18336883,0.22271137,0.6990364,0.98822045,0.2073988,0.7021789,0.9945334,0.25074536,0.8667384,0.91459423,0.039892673,0.59376585,0.7930042,0.34813187,0.95832753,0.47658846,0.09322272,0.8235751,0.42631266,0.36575708,0.9638979,0.5144637,0.12823921,0.84211725,0.50694036,0.36561927,1.0133264,0.42862588,0.08337477,0.9142238,0.36352575
26326.jpg,0.6681994,0.3609957,0.9992187,0.6486488,0.35083297,0.9996542,0.6458405,0.35165542,0.9995491,0.6428837,0.35274008,0.9996246,0.64779735,0.35125953,0.9994936,0.64458424,0.35218626,0.99926335,0.6412254,0.35338545,0.9991862,0.6221403,0.37368748,0.999688,0.62321657,0.3755194,0.9994661,0.66610515,0.38154024,0.9991806,0.66360694,0.3817277,0.9989644,0.6014818,0.46335837,0.9964682,0.62273145,0.4557946,0.9956162,0.6149272,0.30199522,0.3047572,0.6279482,0.29164097,0.9458602,0.5975724,0.14891595,0.39884922,0.60840416,0.13094455,0.9037669,0.5776399,0.107736945,0.42616782,0.5972495,0.093821466,0.89484024,0.5775659,0.104650915,0.4187511,0.58743787,0.091552496,0.8765453,0.58325714,0.118772626,0.4536673,0.59013534,0.10247004,0.82979745,0.49187234,0.72633415,0.9981529,0.48650458,0.711133,0.9969021,0.637655,0.8955627,0.9585492,0.21187672,0.66307175,0.9970475,0.44604623,0.9907999,0.96316713,0.07648757,0.43847424,0.9896528,0.41232437,0.9775933,0.9211894,0.070216894,0.4082004,0.979106,0.44311133,1.0233071,0.8830641,0.008104503,0.3562526,0.96750677
28449.jpg,0.4719664,0.24746802,0.9997688,0.45715708,0.25158358,0.9997136,0.4573109,0.253911,0.99978393,0.457406,0.25644943,0.9997845,0.45650193,0.25237498,0.9997863,0.45631787,0.25508246,0.99985576,0.45614994,0.2579248,0.99980253,0.4660578,0.28137612,0.9998926,0.4675385,0.28008676,0.9998399,0.48858017,0.26113212,0.9994404,0.48808727,0.2628224,0.99913895,0.5229762,0.32557267,0.9985663,0.530673,0.30944306,0.9995907,0.41514722,0.22628438,0.44130316,0.4133567,0.2180408,0.9877439,0.31223494,0.19182679,0.44130147,0.28662717,0.17728421,0.942771,0.27785775,0.19577047,0.4212428,0.2573549,0.17580006,0.9274833,0.27571455,0.19886172,0.41406205,0.2542749,0.18305105,0.91640526,0.28557542,0.19809654,0.4172667,0.26254976,0.18502882,0.9047576,0.7358928,0.5413669,0.9999163,0.7712152,0.5155261,0.9999522,0.760418,0.7120865,0.96416235,0.87147844,0.4064247,0.9975568,0.65294623,0.8150531,0.9268366,0.9390517,0.6038792,0.98286337,0.6267636,0.82125854,0.9411997,0.9344209,0.639664,0.9798678,0.65713954,0.89947146,0.84127516,0.99904835,0.6301269,0.9543884
29010_aug.jpg,0.6159825,0.39639312,0.9999721,0.6218333,0.4152589,0.99999,0.6207962,0.41851348,0.99999547,0.61974895,0.42220694,0.9999883,0.62145054,0.4133232,0.9999727,0.62042964,0.41491503,0.9999882,0.61936325,0.41696554,0.9999831,0.5978347,0.43281743,0.9999887,0.5981886,0.42482904,0.9999908,0.59780216,0.4004484,0.99986756,0.5971486,0.3966289,0.99987996,0.52291256,0.44330174,0.9999491,0.5288021,0.42234504,0.9995803,0.6410253,0.30703428,0.9977858,0.6463788,0.28746924,0.45694184,0.77869236,0.2041974,0.9829958,0.780071,0.18711543,0.73060614,0.81025815,0.17660928,0.9683603,0.8120451,0.1613298,0.745934,0.81836164,0.17330778,0.9625058,0.8172826,0.1579153,0.74849755,0.8077883,0.18541718,0.9526629,0.81091833,0.16564375,0.74362504,0.419317,0.72005916,0.9999341,0.45119947,0.71315575,0.9999169,0.23234479,0.6185876,0.9998679,0.58177584,0.84490323,0.98654014,0.17031088,0.8298517,0.99634284,0.7634245,0.8974743,0.9920494,0.182773,0.8555655,0.99611413,0.79804695,0.88158685,0.99465334,0.096633285,0.8903751,0.9956654,0.84252214,0.9650529,0.9880514
31152_aug.jpg,0.5108661,0.2888927,0.9995389,0.48631328,0.29390448,0.9998429,0.4847288,0.29655284,0.9998079,0.48336005,0.29950348,0.99981636,0.48642874,0.29422623,0.99971694,0.4848452,0.29676306,0.99963534,0.48338902,0.2995527,0.9995634,0.48384714,0.33286247,0.9998497,0.48604295,0.32897025,0.9997445,0.5254935,0.30709916,0.9993987,0.52367634,0.30799633,0.9993892,0.53567207,0.40503183,0.9966453,0.5393666,0.38513818,0.9981634,0.41373736,0.29650417,0.17775306,0.41343832,0.27200165,0.90497255,0.28016356,0.20319307,0.4027796,0.28124118,0.1838153,0.881315,0.2393426,0.19933999,0.44320905,0.23567459,0.17097384,0.87449765,0.2313976,0.19491982,0.43219814,0.22631413,0.17402428,0.8555385,0.2465555,0.19706154,0.44011047,0.23993474,0.17949176,0.81232214,0.6654052,0.65603876,0.99899954,0.63720006,0.65133005,0.999193,0.8960525,0.63161886,0.9721807,0.40893182,0.8028735,0.9990115,0.863353,0.8292478,0.97847533,0.13781148,0.8015928,0.9970592,0.83415276,0.8595637,0.92956936,0.12440246,0.7971586,0.9855924,0.8976662,0.85116756,0.92420137,0.08466625,0.8361695,0.9869718
31159.jpg,0.37348855,0.30143487,0.9999801,0.38455373,0.29115283,0.99997914,0.38768947,0.29200238,0.9999752,0.39122725,0.29289854,0.9999764,0.38324982,0.29105374,0.9999796,0.38527575,0.2919578,0.99997056,0.38772616,0.29288483,0.9999753,0.4204747,0.31426167,0.9999821,0.41420725,0.31251767,0.99998975,0.37929082,0.31685337,0.9998586,0.3778141,0.31743836,0.99991107,0.4520626,0.38888764,0.9998772,0.43764293,0.4025616,0.9999083,0.40303347,0.25558215,0.99799794,0.39003906,0.2783472,0.4870424,0.43866774,0.13479212,0.9901812,0.4215074,0.1856722,0.57379395,0.46858025,0.1146183,0.97345054,0.4504526,0.15760076,0.47196123,0.47625017,0.119647324,0.9683043,0.46195117,0.15230083,0.46279198,0.46734363,0.12843943,0.9684303,0.45096928,0.16107735,0.49965668,0.689085,0.6488276,0.99979204,0.6449693,0.6667574,0.9999784,0.93226415,0.6234751,0.9990476,0.4916801,0.72022665,0.991595,0.9963523,0.47699887,0.976541,0.72468424,0.85338074,0.9907109,0.98716086,0.45020485,0.9580364,0.7698307,0.8563611,0.99089164,1.0576872,0.47154513,0.96805924,0.741913,0.9511467,0.9826446
31637_aug.jpg,0.48905987,0.22084913,0.9999596,0.50775576,0.22799918,0.999969,0.50867033,0.23068047,0.99996173,0.50969875,0.23344103,0.9999639,0.506563,0.22749937,0.99996936,0.5067146,0.22997084,0.9999484,0.5070314,0.23261648,0.9999591,0.5039384,0.26516917,0.999966,0.50330794,0.2633556,0.99998045,0.47588956,0.23301256,0.99990726,0.47459722,0.23285863,0.9999263,0.46405944,0.32151717,0.9998723,0.45190382,0.33341053,0.99989307,0.5093912,0.16611362,0.9979225,0.5113991,0.17821056,0.2229887,0.61143005,0.027449846,0.98333067,0.6028608,0.049755096,0.3497681,0.6373558,0.00924027,0.9637366,0.6336719,0.033317387,0.38351738,0.65147924,0.018217146,0.9544422,0.6471866,0.03719884,0.3733322,0.6433815,0.024808526,0.9513289,0.63815975,0.04196459,0.40999076,0.48581803,0.6864313,0.9996196,0.427667,0.6883245,0.99992704,0.75684106,0.7663874,0.9994978,0.22205809,0.7406552,0.99710995,0.983606,0.6537754,0.98689276,0.36891365,0.9438932,0.99472874,0.9841865,0.6203935,0.97721076,0.40307623,0.9538002,0.9928306,1.0515556,0.6150316,0.97894776,0.33134452,1.0267594,0.98544335
34436.jpg,0.7023783,0.41039455,0.9996635,0.7102621,0.42708838,0.9995565,0.7085152,0.43159455,0.99953365,0.706687,0.43656993,0.99953425,0.7111915,0.42314702,0.9996592,0.7100336,0.4244196,0.99955505,0.708813,0.42630154,0.99957985,0.6829288,0.46095383,0.9996753,0.68574846,0.4527408,0.9997414,0.6822034,0.41733086,0.9981693,0.6816683,0.41312277,0.9987155,0.5908608,0.48683554,0.99887425,0.56952953,0.46816653,0.99876887,0.7589762,0.46984082,0.9959423,0.7189158,0.44249016,0.123869926,0.9074368,0.4723489,0.9681427,0.8667548,0.46652198,0.15500882,0.93738866,0.4857887,0.9396797,0.8987602,0.47710288,0.1561438,0.93912107,0.48876613,0.92906255,0.9041855,0.47607952,0.15435882,0.9289323,0.4833017,0.9216616,0.8850444,0.47325498,0.17906389,0.2965954,0.6424995,0.9996959,0.27554047,0.6199452,0.9999391,0.2628784,0.89481163,0.9995834,0.25548613,0.4266758,0.98754114,0.44654515,0.998647,0.9856684,0.05043271,0.591709,0.99233043,0.48829228,0.9900401,0.97944754,0.037844032,0.62583447,0.99130815,0.4772287,1.070562,0.97310907,-0.062048852,0.5613903,0.9789467
35405.jpg,0.26969796,0.56805235,0.9999572,0.26678863,0.5499169,0.9999908,0.2689955,0.5477553,0.9999933,0.27104753,0.54583323,0.99999034,0.26587912,0.55039734,0.9999771,0.26767284,0.5486651,0.9999808,0.26942956,0.5469326,0.9999826,0.29851744,0.53379434,0.9999827,0.2986556,0.5323776,0.9999789,0.2902344,0.5688161,0.99965703,0.29006067,0.57001495,0.9996107,0.3661292,0.55245495,0.99976903,0.38732952,0.53145343,0.99813795,0.2233999,0.5272206,0.9969121,0.23857504,0.5136061,0.1881635,0.086367846,0.43690875,0.9796693,0.111804545,0.44133848,0.29099268,0.06309658,0.4083398,0.9646224,0.08705938,0.40969014,0.30048198,0.06771332,0.39875466,0.9608224,0.08587092,0.4006161,0.30119973,0.07460308,0.40457958,0.95247597,0.093230724,0.40803894,0.31243867,0.6983827,0.54816705,0.9995554,0.702401,0.52606195,0.99932754,0.64293504,0.7518452,0.9984596,0.83099204,0.33333573,0.96582794,0.9046111,0.6855928,0.9852845,0.7679829,0.14397669,0.9798994,0.9389392,0.65600705,0.98843634,0.7402457,0.12136346,0.98907286,0.9784294,0.7699256,0.9830868,0.79316974,0.054579407,0.9786097
37114.jpg,0.33326378,0.30681124,0.99998486,0.34816355,0.2925468,0.99999416,0.35297483,0.29368424,0.9999968,0.35823077,0.29483917,0.9999944,0.34250098,0.2918834,0.9999875,0.34310302,0.29250696,0.99999106,0.3440619,0.2929859,0.9999888,0.38697362,0.31695783,0.99999464,0.36718655,0.3121288,0.9999943,0.34736896,0.329761,0.99991524,0.33904377,0.32826456,0.9999149,0.43661588,0.4111482,0.99994934,0.3944182,0.40735695,0.9997688,0.40562785,0.24332422,0.9993293,0.34170228,0.26979354,0.44275683,0.42655697,0.085442424,0.9918235,0.36607704,0.17947346,0.62325877,0.4455106,0.057186365,0.98191154,0.3958457,0.14066559,0.5506486,0.45000115,0.056418538,0.98134685,0.39828795,0.14111513,0.54896873,0.44461942,0.0671199,0.981237,0.38598144,0.15717393,0.5458839,0.5920636,0.71722823,0.9999007,0.6126577,0.6955303,0.99985003,0.37757027,0.7768805,0.99951565,0.84736145,0.6608243,0.97160923,0.59024686,0.9384843,0.9943521,1.0100609,0.4961599,0.97901493,0.6228386,0.9403876,0.9951953,1.0010554,0.45415622,0.98837274,0.62604153,1.0014713,0.99079144,1.0909076,0.46964613,0.97939163
38779.jpg,0.24931633,0.7334771,0.9999993,0.24117303,0.72677785,0.9999939,0.24001864,0.7231374,0.9999981,0.23903853,0.7195563,0.9999927,0.24202216,0.7390809,0.99999547,0.241641,0.74315,0.9999969,0.241193,0.74716914,0.99999213,0.22811176,0.7234442,0.9999957,0.23234749,0.7540951,0.9999994,0.24995127,0.72811747,0.99999595,0.2511643,0.7403309,0.9999975,0.23994878,0.68267953,0.999998,0.24437183,0.79877067,1.0,0.2664858,0.65930647,0.37537354,0.27700147,0.8803352,0.943438,0.2370672,0.661076,0.49592108,0.32605675,0.9754174,0.898654,0.22610402,0.6608607,0.49699998,0.33311158,1.0030582,0.8170576,0.22100452,0.6660123,0.49582234,0.33308947,1.0049762,0.8310659,0.2256897,0.6676266,0.47633836,0.3341106,0.9931632,0.87849313,0.31215543,0.7325162,0.9999968,0.36699826,0.78530025,0.9999999,0.23065618,0.623499,0.99099886,0.49926388,0.8710234,0.99958533,0.1614788,0.4431152,0.99776816,0.6237581,0.80494356,0.9951637,0.16156776,0.4299903,0.9966233,0.63066995,0.7836228,0.9863441,0.10396913,0.4369779,0.99822325,0.66436374,0.8269928,0.9941732
40992.jpg,0.39444554,0.7552505,0.99998844,0.37563154,0.7389643,0.99999154,0.3755249,0.73576313,0.9999888,0.3753543,0.7324155,0.99999,0.37622485,0.7399478,0.99999154,0.37659273,0.73727286,0.9999845,0.37689832,0.7342331,0.9999883,0.39216796,0.70612824,0.99999213,0.39072424,0.7061782,0.99999523,0.41279483,0.74782354,0.99997556,0.41269433,0.7486226,0.9999795,0.45726797,0.6752318,0.9999565,0.45826358,0.6498656,0.9999782,0.348574,0.80351377,0.9984849,0.35212228,0.77602005,0.411031,0.18863207,0.8950827,0.99140054,0.19968298,0.87093055,0.51749176,0.15013725,0.91078186,0.9797515,0.15829226,0.8779479,0.5032384,0.1425463,0.90150464,0.974607,0.1499278,0.8749291,0.48356572,0.15331456,0.8933908,0.97004414,0.16256079,0.86705637,0.51765037,0.58863765,0.32968557,0.99989855,0.6420059,0.35350564,0.9999869,0.3853902,0.14027376,0.9997009,0.8502762,0.4031679,0.9982779,0.13266647,0.15506856,0.99246794,0.8125543,0.14890131,0.99780613,0.10314494,0.17175257,0.9894811,0.784547,0.112739295,0.99636334,0.040703118,0.1448267,0.98788595,0.8973311,0.06642386,0.9932852
41536_aug.jpg,0.39546838,0.33918524,0.9991792,0.38297707,0.33224842,0.99907327,0.38375992,0.33216086,0.99876046,0.3846321,0.33200803,0.9992124,0.37881777,0.33598498,0.99946386,0.37630647,0.33894154,0.99939954,0.37339753,0.34226063,0.99954766,0.38299388,0.34899965,0.9987489,0.3669384,0.3635444,0.9994252,0.40532592,0.35183918,0.99778557,0.39990073,0.35779828,0.99753857,0.4364552,0.42060566,0.9903198,0.39655617,0.45154268,0.99805105,0.3482844,0.34709373,0.27183133,0.3095669,0.36238006,0.96251523,0.2748573,0.27286258,0.37406,0.21562654,0.28149942,0.9040949,0.23804855,0.28345802,0.40174526,0.19181246,0.2599603,0.8850733,0.22682112,0.27010465,0.39415908,0.18996754,0.2556854,0.87014794,0.2439774,0.28201243,0.41007462,0.19691214,0.26034233,0.86218816,0.60539925,0.63101643,0.99904484,0.57223105,0.6523809,0.99979657,0.6080042,0.8283663,0.50891936,0.65089077,0.5743097,0.98782164,0.45539552,0.90004206,0.71964043,0.7972425,0.743533,0.98765415,0.42725375,0.8902898,0.7818341,0.80457664,0.77196425,0.98866385,0.43938,0.9453907,0.7670275,0.88392067,0.73549366,0.9796254
41841.jpg,0.6025035,0.3377981,0.99954754,0.6038771,0.3212624,0.99949026,0.60391915,0.32154462,0.99928194,0.6040086,0.321938,0.9995932,0.59929377,0.3198653,0.9996898,0.5957035,0.31908393,0.9996464,0.59184486,0.31820762,0.9997589,0.5858073,0.3260081,0.9994287,0.5712794,0.31997514,0.9996973,0.5932308,0.35139745,0.9992292,0.5862852,0.34944087,0.99918455,0.54331136,0.40588158,0.9937344,0.49946767,0.38031268,0.998871,0.5734885,0.29457217,0.27540794,0.5402083,0.26257628,0.97172403,0.6113598,0.20784664,0.35654217,0.5794053,0.14467514,0.92672837,0.58611536,0.17586887,0.389775,0.58820605,0.11972654,0.91133827,0.59291977,0.16313449,0.3851609,0.5924202,0.11744344,0.89897585,0.5904419,0.18120217,0.40431938,0.5907091,0.12525305,0.8865014,0.42392924,0.64373726,0.99924004,0.38911614,0.6239316,0.99985445,0.24055634,0.7303264,0.641143,0.4926207,0.6666991,0.9926157,0.118444115,0.6278743,0.79423404,0.3967756,0.86739314,0.99395424,0.11048564,0.5947089,0.83726776,0.37260044,0.88861144,0.99355775,0.059891522,0.6273496,0.830419,0.4329904,0.9333472,0.98880064
42136_aug.jpg,0.6486821,0.48138362,0.9996942,0.66063595,0.5009332,0.9998524,0.6591104,0.50353146,0.9997873,0.65746754,0.506416,0.9998373,0.6621537,0.50014925,0.9998016,0.66183865,0.50194293,0.99960583,0.6614832,0.5039702,0.9996302,0.63878065,0.5265862,0.99976605,0.6432438,0.52173185,0.9993505,0.6300337,0.48293206,0.9989281,0.6316003,0.48025766,0.9984383,0.5582131,0.52366006,0.99775225,0.5654024,0.5006054,0.9928006,0.697547,0.53493625,0.99734086,0.6895007,0.523329,0.106130905,0.8334412,0.5683376,0.99186385,0.8053087,0.5480662,0.4165063,0.86340857,0.57829577,0.98274684,0.83311653,0.560775,0.47471106,0.86363447,0.58171254,0.97979933,0.8382989,0.56382877,0.4671445,0.8536545,0.57856,0.97497195,0.8306427,0.5607879,0.51475835,0.30453312,0.41196555,0.9997955,0.330642,0.3815745,0.9997824,0.09701495,0.48460674,0.9987859,0.43225592,0.2663255,0.9792838,0.020861238,0.65932214,0.9932934,0.24889386,0.16505575,0.970533,0.027145803,0.69701004,0.97846985,0.20699763,0.1666237,0.97412884,-0.038662195,0.65688133,0.98216885,0.26642624,0.078193724,0.93603456
43466_aug.jpg,0.6082316,0.526483,0.9983773,0.5966346,0.53823346,0.9994215,0.5942195,0.53837,0.9995952,0.591936,0.53856397,0.99950075,0.5978068,0.53925693,0.9985507,0.59623647,0.5400281,0.99868244,0.59483564,0.54088396,0.9987078,0.5730026,0.5328127,0.99937767,0.579617,0.5344568,0.9982516,0.601681,0.51792085,0.99412894,0.60316557,0.5178295,0.9933309,0.55939037,0.48937535,0.9985122,0.5733108,0.49195772,0.99403113,0.5764793,0.57787186,0.99207497,0.6163101,0.56258667,0.26345837,0.60097027,0.66412413,0.9691195,0.6130366,0.65274,0.50540376,0.60096616,0.68182063,0.9501904,0.6124849,0.6723231,0.5535897,0.5995211,0.6828161,0.94248503,0.61076814,0.671626,0.5538644,0.6003526,0.6761818,0.9226661,0.61154515,0.66556394,0.5619855,0.50605184,0.33390737,0.99869305,0.49730375,0.3333919,0.9983929,0.63995045,0.25853774,0.99762183,0.36749333,0.32639536,0.9727025,0.5966452,0.1432149,0.99355197,0.2645811,0.3759764,0.97783196,0.5743568,0.12637311,0.9942848,0.25633627,0.38535047,0.98541707,0.6400312,0.101878256,0.9866854,0.22109166,0.38467115,0.96879154
44217.jpg,0.63116324,0.4008515,0.9952024,0.614845,0.39616048,0.9977519,0.6133302,0.397396,0.9965634,0.6116944,0.39850178,0.9971621,0.61336327,0.39706916,0.99753225,0.6109201,0.3990309,0.9963282,0.6082844,0.40105438,0.99679935,0.59688246,0.41976488,0.996491,0.5932851,0.42235038,0.99793905,0.633262,0.4193239,0.9936573,0.631431,0.42123404,0.9932856,0.62119496,0.4823382,0.9802452,0.5917045,0.5015372,0.9975956,0.5580066,0.37861675,0.11161713,0.5414928,0.38452926,0.9415348,0.49776328,0.27825156,0.19475421,0.48592132,0.27484527,0.9288531,0.4775496,0.25754985,0.2636278,0.46589294,0.2519594,0.9292843,0.48030072,0.25181007,0.25342238,0.4637735,0.25059724,0.9201906,0.48806852,0.25823742,0.28878468,0.47229135,0.25686416,0.8917055,0.74387497,0.6775726,0.9978235,0.7091475,0.7155533,0.9987313,0.8754325,0.5255495,0.9691812,0.5895115,0.893254,0.9983759,0.97435117,0.67324066,0.9390021,0.45120823,0.9574691,0.9911329,0.9650649,0.71294,0.88620955,0.4359406,0.96153593,0.9608904,1.0359359,0.67663777,0.84867454,0.3931507,1.004156,0.9568349
47809.jpg,0.69717115,0.49764395,0.9997851,0.71351975,0.49172074,0.9999049,0.71429366,0.4900068,0.9998616,0.7150199,0.48801905,0.9998919,0.71303266,0.49043286,0.9998852,0.71352184,0.48807722,0.9998503,0.7140697,0.4854387,0.9998467,0.71251476,0.4643919,0.9999168,0.71297336,0.46212655,0.9998617,0.6857569,0.48433828,0.9998404,0.6861073,0.48295504,0.9998184,0.66932863,0.40556633,0.99820614,0.67527616,0.40709734,0.99915195,0.67609346,0.52393234,0.3988374,0.6749361,0.52790385,0.9298585,0.7162187,0.62600285,0.4063741,0.71609116,0.63563085,0.81302214,0.7428675,0.6490173,0.3532706,0.73870206,0.66003144,0.79284936,0.7476065,0.6524934,0.34872892,0.74566984,0.6588001,0.76422966,0.74020696,0.6426004,0.36487436,0.7390906,0.64898604,0.7058589,0.71729535,0.19712019,0.9988342,0.7430122,0.21521108,0.99855345,0.6095747,0.07341704,0.8068159,0.8798179,0.28059748,0.9946209,0.6561499,0.07906535,0.8534883,1.0258207,0.40888447,0.98134226,0.6685506,0.0885731,0.77436596,1.0032105,0.43747276,0.95837474,0.6635356,0.04836972,0.6520533,1.0792536,0.46484292,0.9373507
48930_aug.jpg,0.35618326,0.6668958,0.9999957,0.37104,0.67111284,0.99999285,0.37223643,0.67094254,0.9999912,0.37356186,0.6709112,0.99999046,0.37445167,0.66978014,0.99999833,0.37776902,0.6686639,0.99999857,0.38095182,0.66759247,0.9999987,0.38930273,0.65418315,0.99999094,0.39549196,0.6494937,0.99999976,0.35311937,0.65354174,0.99999464,0.35674047,0.6501499,0.9999982,0.38950026,0.5862178,0.99998295,0.42419142,0.5773958,0.9999995,0.2649581,0.6471759,0.8170331,0.60144,0.5921978,0.925412,0.22246858,0.7490932,0.83808446,0.7422726,0.59980845,0.72628754,0.2223272,0.7815989,0.7299646,0.78436863,0.6180247,0.63836807,0.22060937,0.78556395,0.70691466,0.79326665,0.6143363,0.5985473,0.22287989,0.77550006,0.70753914,0.77518773,0.60542655,0.5576419,0.6539321,0.46676272,0.9999918,0.6653963,0.4841436,0.99999213,0.7215012,0.4051344,0.8715971,0.8510127,0.5032932,0.9989661,0.8187454,0.44688687,0.9512464,0.83302474,0.7508856,0.97558993,0.82610554,0.4606983,0.94232327,0.82282406,0.8302444,0.9449499,0.8473809,0.4421901,0.92973936,0.86411035,0.828706,0.94807976
49007.jpg,0.31453574,0.64223397,0.99997044,0.3008795,0.62517494,0.9999821,0.30243754,0.6216207,0.9999783,0.3040243,0.61806375,0.999979,0.29946133,0.6264023,0.9999701,0.30022603,0.62387675,0.9999542,0.30090356,0.62122273,0.9999621,0.32400253,0.5941109,0.9999676,0.32199186,0.5953131,0.99996114,0.33408457,0.63402265,0.9998722,0.3338706,0.6367362,0.99982554,0.39163876,0.5859071,0.9995609,0.39863703,0.5648825,0.9996123,0.24670249,0.60923207,0.99645483,0.2589118,0.5907327,0.26456407,0.09069443,0.5734572,0.98866534,0.13146687,0.5651862,0.61701894,0.060652852,0.5517965,0.97995526,0.097656846,0.5444629,0.6486548,0.06361598,0.5405205,0.97690636,0.09558892,0.5331816,0.6330892,0.07347441,0.5444157,0.97613996,0.10245359,0.53868634,0.64898086,0.7002215,0.49772295,0.9997557,0.7076434,0.48897564,0.9998566,0.7671,0.27646402,0.9953955,0.7271372,0.65834695,0.93998694,0.66032314,0.14958787,0.98990166,0.9382641,0.53847843,0.97426945,0.6114647,0.0697723,0.9930466,0.9496229,0.51284,0.9819942,0.70196646,0.07581046,0.98819274,0.99593616,0.53472155,0.9635226
49846.jpg,0.54329735,0.34883347,0.99997675,0.5575373,0.35765898,0.99999166,0.55869454,0.36062384,0.9999964,0.55994844,0.3638934,0.99999034,0.55532414,0.3561099,0.999977,0.55493605,0.35750556,0.9999902,0.5547437,0.3593988,0.99998546,0.5466635,0.38211775,0.99998975,0.5420926,0.37691757,0.9999913,0.5303315,0.36167324,0.9998716,0.5266028,0.35847902,0.9998903,0.4926132,0.43565616,0.99992704,0.47859707,0.41768572,0.99918765,0.5055259,0.26149684,0.9979336,0.4953865,0.2551318,0.36943856,0.5581062,0.09989768,0.98059833,0.54747933,0.09535807,0.63107663,0.57200956,0.051077127,0.9629772,0.56435126,0.05337304,0.68130606,0.57924926,0.046444774,0.9541768,0.5688384,0.04314387,0.6823901,0.57557213,0.059349895,0.94609606,0.56564283,0.05966848,0.6961044,0.5443448,0.7150109,0.99992967,0.5640379,0.69046634,0.9998908,0.3458591,0.74348724,0.9998336,0.75354373,0.73519474,0.97550005,0.43649495,0.9448029,0.99611616,0.9120711,0.67296714,0.9882825,0.45918667,0.9558738,0.9951857,0.9251013,0.63989687,0.9926721,0.39068764,1.0051894,0.99442613,0.988166,0.70231926,0.9811655
56194.jpg,0.63121617,0.4856866,0.99938655,0.63601875,0.47059542,0.9994166,0.6350634,0.46913224,0.99950385,0.6340307,0.46780437,0.9996081,0.6352742,0.4708959,0.99965584,0.63386416,0.46961257,0.9997228,0.6323404,0.46846682,0.99966645,0.61559284,0.46071818,0.99964035,0.6149779,0.46371406,0.999691,0.6168121,0.4902926,0.9990785,0.6159786,0.49000221,0.9987929,0.5368948,0.47946158,0.9992003,0.55372393,0.50062054,0.9994235,0.6457011,0.45907548,0.273657,0.67754495,0.47583547,0.97880983,0.7589137,0.4298404,0.381831,0.793618,0.42888275,0.9606534,0.79184985,0.41388297,0.4161157,0.82618606,0.41784096,0.9518027,0.7926752,0.41086462,0.4124582,0.8244368,0.4089636,0.9425851,0.7797285,0.41620615,0.43052256,0.8140428,0.41086268,0.91487545,0.33090985,0.6019468,0.9999504,0.35352838,0.6360806,0.9999441,0.18176803,0.5715315,0.97569716,0.4570469,0.6852069,0.99635136,0.1208756,0.45103222,0.9488812,0.26455665,0.7786374,0.99419665,0.12116137,0.42685577,0.96116644,0.24174125,0.77307695,0.9944031,0.06738302,0.4264072,0.8839609,0.250251,0.8331185,0.9815655
57511_aug.jpg,0.71101016,0.4900617,0.9999746,0.7120204,0.503865,0.9999682,0.71025634,0.50605226,0.9999639,0.70869774,0.50838715,0.9999676,0.71221673,0.50151795,0.9999695,0.710446,0.5017289,0.99995434,0.7087809,0.50216407,0.999961,0.6822419,0.51661336,0.9999676,0.6851751,0.5091195,0.99996483,0.6957663,0.4896156,0.99974865,0.6945158,0.4853182,0.9997894,0.6130923,0.50861764,0.9998043,0.6103616,0.4858516,0.99962497,0.7429613,0.52212983,0.99838877,0.72258496,0.49928966,0.43459383,0.8388901,0.6058356,0.99201304,0.78150636,0.5441785,0.50023603,0.8450738,0.6448589,0.9752466,0.7903439,0.5651298,0.37911355,0.83818066,0.65091336,0.9722858,0.79278696,0.57610524,0.36794695,0.8341541,0.6395352,0.97605544,0.78841054,0.56806684,0.41363117,0.27870095,0.587298,0.99970406,0.28071108,0.5410739,0.99989665,0.18459535,0.79814684,0.9992514,0.29431134,0.38981587,0.9923259,0.24979672,0.93568605,0.98762614,0.07073678,0.5329821,0.9885942,0.29470372,0.9573816,0.9657191,0.054755703,0.56445444,0.9869703,0.24203728,0.98976135,0.98245037,-0.0023106933,0.5300103,0.9782622
58116_aug.jpg,0.60028327,0.6637361,0.9997806,0.611042,0.67507875,0.9998933,0.6132009,0.674863,0.999803,0.6153989,0.6745115,0.99987984,0.61151195,0.6741178,0.99987185,0.6140301,0.6734595,0.9998016,0.61665094,0.6727119,0.9998337,0.63749284,0.6627194,0.9998677,0.63861454,0.66014844,0.99986386,0.6073563,0.647998,0.9998435,0.608711,0.6477542,0.99978465,0.66622716,0.60568774,0.9981306,0.6640607,0.60228765,0.9986864,0.5669471,0.6654624,0.31156906,0.5648315,0.66251844,0.9157247,0.50487787,0.7502569,0.2915108,0.4946094,0.7576468,0.7902267,0.49702328,0.786199,0.2688852,0.48593095,0.78995794,0.77730906,0.49517962,0.7921524,0.2683686,0.48837313,0.7955227,0.732422,0.49784794,0.78261244,0.2980556,0.49250016,0.7867046,0.6543629,0.87404597,0.5179355,0.99953926,0.86593103,0.555292,0.998909,0.9259161,0.36876985,0.7573312,0.87765855,0.7209005,0.9862098,0.93869644,0.39244875,0.77719647,0.8295118,0.87989926,0.9656551,0.94067293,0.40127236,0.73526996,0.80708367,0.9018696,0.9484914,0.9513494,0.37328994,0.6315721,0.8061309,0.9747679,0.93383
62102.jpg,0.35024709,0.5697686,0.9982665,0.3541552,0.5903071,0.9989573,0.35636374,0.5919641,0.998582,0.35886312,0.5938264,0.99871385,0.3549259,0.59086376,0.99865663,0.3575851,0.5928169,0.9984127,0.36055887,0.59498155,0.9983107,0.39042816,0.59985226,0.9984906,0.39069957,0.6012197,0.99908173,0.3690464,0.55954486,0.99618286,0.37049523,0.5609307,0.9966786,0.477117,0.53826606,0.9903808,0.47999334,0.54714125,0.99338853,0.3821604,0.65012765,0.107022375,0.3871575,0.6507154,0.9330919,0.35338488,0.7761035,0.16136155,0.3486962,0.78773415,0.82787836,0.35945186,0.8157953,0.23448701,0.35293052,0.8257704,0.82105654,0.35682312,0.8252922,0.23236167,0.35565543,0.83356154,0.7929867,0.35625,0.8115466,0.26160192,0.35613072,0.81969047,0.74123126,0.651492,0.3036895,0.99924004,0.6873086,0.33583227,0.99851006,0.5126295,0.14804961,0.97456896,0.89470315,0.42435527,0.9988061,0.71776676,0.053328753,0.9804931,0.98896223,0.6305294,0.9946197,0.7604262,0.062354684,0.94870937,0.97835475,0.66952896,0.9839293,0.7238824,-0.049384683,0.9452005,1.0358306,0.6640122,0.9795536
6501_aug.jpg,0.5842784,0.5893847,0.99999607,0.57477754,0.60210913,0.99999464,0.571565,0.6028725,0.9999951,0.56802875,0.6037671,0.9999938,0.5781854,0.6017072,0.99999046,0.5774347,0.6021057,0.99998975,0.57652444,0.602656,0.99998534,0.5472287,0.6007035,0.9999968,0.5592581,0.6010137,0.9999943,0.57484347,0.5800945,0.9999908,0.57851744,0.57966274,0.9999896,0.48303297,0.5701907,0.99999654,0.54277337,0.5538665,0.9999969,0.38262644,0.58049893,0.9972723,0.61817557,0.6177855,0.93593735,0.28524357,0.59121466,0.9947291,0.66535133,0.70184135,0.96082276,0.25735492,0.60091835,0.9862468,0.67232746,0.7174207,0.9202489,0.25257307,0.6037538,0.98461074,0.67218256,0.71781397,0.9094279,0.26300788,0.59816,0.9743368,0.66923666,0.7135703,0.911642,0.33575633,0.5274836,0.9999912,0.35522735,0.48561916,0.99999976,0.2450425,0.63861156,0.9998996,0.39745584,0.39058793,0.99913114,0.25525057,0.759668,0.9981609,0.25127283,0.4144854,0.99907887,0.26660678,0.7752782,0.9955551,0.23035623,0.43194342,0.9983804,0.23762895,0.8209863,0.99622947,0.21389604,0.36618805,0.9979779
67212_aug.jpg,0.3789981,0.4353836,0.9992592,0.36830842,0.44392627,0.9991659,0.3685897,0.4452437,0.9992914,0.36890575,0.44654447,0.99946195,0.36924225,0.4443282,0.99951637,0.37013552,0.4459088,0.99961346,0.37105015,0.44746527,0.9995566,0.38306364,0.46049374,0.9995484,0.38506326,0.45845807,0.99954337,0.3950681,0.43850031,0.99894196,0.39589152,0.43963102,0.9984528,0.45853034,0.4903014,0.9977367,0.45785958,0.46030897,0.9992567,0.35074952,0.43367416,0.14508106,0.34017456,0.40502697,0.98180836,0.24524856,0.38855177,0.23495063,0.21957782,0.36734852,0.96023303,0.21235344,0.38698277,0.29242685,0.18820113,0.3589678,0.9533681,0.2120564,0.39305654,0.2922669,0.18168887,0.3665517,0.94380885,0.21894896,0.3920965,0.3155128,0.19307709,0.37123492,0.9179049,0.68408436,0.5252149,0.99992776,0.6956503,0.48608598,0.9999243,0.7855315,0.65075666,0.99367046,0.6509372,0.37079063,0.9990526,0.7697111,0.79593325,0.9874077,0.8574213,0.42611346,0.99778134,0.7678486,0.8277359,0.9883532,0.8740045,0.44562405,0.9964134,0.8413754,0.8656353,0.9538206,0.9094031,0.3552249,0.9889536
68641.jpg,0.32058325,0.6750926,0.9990233,0.30625233,0.6663343,0.9993606,0.3064543,0.66385937,0.9991997,0.30642498,0.66127133,0.9992878,0.30574283,0.66664577,0.99940443,0.30596545,0.6643722,0.9989814,0.30594742,0.6619457,0.9990011,0.31681722,0.6365734,0.9992455,0.31656402,0.6376185,0.99878484,0.33543193,0.6662066,0.9970233,0.33620095,0.6665056,0.99700075,0.3773116,0.59749615,0.99920624,0.38392267,0.59423393,0.997988,0.24971795,0.6499643,0.997692,0.26331204,0.637864,0.17043458,0.10568166,0.67067945,0.9883548,0.15051368,0.6462166,0.4021749,0.0718205,0.66991186,0.97657543,0.1252858,0.6370448,0.42030564,0.068532944,0.66542053,0.97320795,0.11852351,0.63472676,0.41389894,0.080034375,0.6636622,0.969482,0.12601405,0.63750815,0.43388268,0.6181415,0.41070825,0.9998276,0.6286881,0.4421067,0.9998142,0.6577076,0.19685976,0.99909294,0.6696486,0.58981436,0.92936796,0.52728784,0.040070206,0.9864179,0.8286375,0.4650541,0.9541498,0.48447895,0.033598006,0.9819118,0.8495442,0.43065697,0.9742915,0.5044929,-0.00034570694,0.97795916,0.9131044,0.49633774,0.941284
68818_aug.jpg,0.5477313,0.3495837,0.9979298,0.53246856,0.33589885,0.99887544,0.5303599,0.3364646,0.9986254,0.52800846,0.3370625,0.99875426,0.5301774,0.33568332,0.9983424,0.5266514,0.33625546,0.9980573,0.52284086,0.33714396,0.99773407,0.5005887,0.35715953,0.99895537,0.4965083,0.35836157,0.99862695,0.5430212,0.37196025,0.996243,0.538756,0.37197345,0.9959556,0.486804,0.4579961,0.99175173,0.47012454,0.4571965,0.9905421,0.49412197,0.31037244,0.17688185,0.48772272,0.3131633,0.954349,0.41622847,0.19704795,0.18614785,0.40964076,0.18351203,0.87648875,0.38712507,0.16836137,0.22074118,0.3835295,0.15464777,0.8553394,0.38169003,0.16076231,0.21795774,0.37597138,0.15190107,0.8328593,0.3899858,0.17309147,0.24989693,0.38319182,0.16277492,0.7938765,0.51504624,0.75732166,0.9986547,0.45759472,0.75802904,0.9973864,0.73370326,0.77356875,0.9913948,0.25436926,0.8352583,0.9991341,0.637967,0.97711205,0.9853227,0.043455154,0.72447836,0.9948578,0.60320693,0.98621494,0.9325568,0.030686408,0.6958839,0.9796052,0.6350439,1.0728476,0.9522506,0.0054656863,0.73333794,0.98354936
70658.jpg,0.7425734,0.59550226,0.99970716,0.7458862,0.5790945,0.99978846,0.74357367,0.57692075,0.9996971,0.7414753,0.5746263,0.9997174,0.74671805,0.5792419,0.999741,0.7451395,0.5773597,0.9996872,0.74359226,0.5751784,0.99966955,0.7171687,0.56169796,0.9996927,0.71665025,0.56281054,0.99980634,0.7239679,0.6007085,0.9996568,0.7254653,0.5998092,0.9994943,0.6473726,0.57841134,0.997246,0.6608473,0.58354694,0.9996074,0.79699504,0.5834696,0.17425618,0.81100315,0.5841191,0.98782164,0.91551864,0.5405665,0.49685597,0.9451901,0.53753877,0.98527884,0.9393971,0.51432914,0.5321045,0.9732728,0.52028924,0.9794104,0.94206524,0.51061606,0.5282305,0.97348285,0.5121226,0.9728846,0.93305945,0.517334,0.547653,0.95984066,0.5161575,0.9626953,0.34596005,0.5242698,0.9998623,0.34888297,0.48895025,0.9998623,0.31873277,0.6429877,0.98360217,0.2435511,0.26258746,0.9997178,0.11185765,0.50047815,0.9819811,0.33848563,0.10012889,0.9926496,0.09342605,0.4674141,0.929539,0.36972386,0.09694135,0.97545075,0.030591816,0.50474554,0.9435845,0.34928355,0.03467378,0.97788006
74278_aug.jpg,0.3615431,0.400604,0.99943346,0.36112252,0.41660795,0.999574,0.36316082,0.4180205,0.99957865,0.3656896,0.4195836,0.9996339,0.3616453,0.41574025,0.99956125,0.3636587,0.41649112,0.99952435,0.3660065,0.41735062,0.99929404,0.3897465,0.4245445,0.99969447,0.38819703,0.4216057,0.99958295,0.37902504,0.39398497,0.9990901,0.3797672,0.39375606,0.99858665,0.4553848,0.38514376,0.99604493,0.4509978,0.38926926,0.9989743,0.2999196,0.41386735,0.28818747,0.2849915,0.40726286,0.98034614,0.17221975,0.44206855,0.56733066,0.12688053,0.44904864,0.96582764,0.14528543,0.45987332,0.66346055,0.09353918,0.46099046,0.96282387,0.14342546,0.46408662,0.67561376,0.09289652,0.46925437,0.9577129,0.15442175,0.45734662,0.6732166,0.10460472,0.4657451,0.93759835,0.7261416,0.28592044,0.9996151,0.7536017,0.31330565,0.99970967,0.63968223,0.13808611,0.9802714,0.93369484,0.4500341,0.9997712,0.82922745,0.11479069,0.9809263,0.9534568,0.6823878,0.99905306,0.87176996,0.13232672,0.9372515,0.9334848,0.71832025,0.99114555,0.84541464,0.022095859,0.9526321,0.9970204,0.73342776,0.99467987
75709_aug.jpg,0.55693036,0.35905796,0.99950635,0.55961525,0.37634522,0.9996983,0.5576643,0.37854952,0.99973017,0.555851,0.38055176,0.9996958,0.55979794,0.3740849,0.99949455,0.55811983,0.3745173,0.9993544,0.55666864,0.3746576,0.9992366,0.53159994,0.39309657,0.999683,0.5329476,0.38731247,0.999295,0.5366537,0.3610813,0.9987161,0.5385191,0.35683015,0.99826604,0.46217614,0.38251933,0.99919945,0.45104325,0.3732319,0.99758315,0.60150325,0.2836564,0.99641645,0.5894065,0.2821786,0.42053705,0.765471,0.20830679,0.9838307,0.7151254,0.22803524,0.6973701,0.8038462,0.1968368,0.9658955,0.7577861,0.2133478,0.69537234,0.80668503,0.20207316,0.95961565,0.76934046,0.21230137,0.687763,0.79742473,0.20488906,0.96237695,0.75638205,0.2187222,0.7100672,0.19190523,0.5629145,0.9983101,0.16496512,0.5246713,0.99789774,0.21458143,0.8034661,0.9960587,0.08345316,0.38923937,0.862397,0.3092433,0.92157817,0.9610594,0.05148437,0.44961473,0.8529188,0.35463145,0.95563596,0.9533684,0.054144338,0.47387776,0.89974993,0.3255096,1.0118484,0.94764924,0.024804719,0.46209884,0.80011815
76244_aug.jpg,0.36050075,0.51305985,0.9999325,0.35323447,0.52294517,0.99989283,0.35338354,0.5225266,0.99987614,0.35352892,0.5220665,0.99987245,0.35573706,0.527763,0.99994814,0.35778248,0.5308241,0.9999565,0.36001107,0.5340847,0.99996936,0.36590868,0.52712476,0.99967384,0.3746696,0.54331493,0.99996424,0.37381506,0.5071913,0.9998522,0.37683207,0.5135155,0.9999459,0.4403839,0.4885274,0.9992493,0.46177953,0.5395742,0.99999297,0.5268377,0.49906322,0.10323322,0.5609705,0.55626714,0.9909051,0.5933338,0.50682926,0.13201553,0.63742375,0.5823004,0.96199036,0.60949445,0.50757116,0.15369254,0.6626568,0.5920713,0.94196045,0.6083887,0.50711274,0.15651731,0.6656124,0.588023,0.9419394,0.60366833,0.5073544,0.15553828,0.65678585,0.5835203,0.93103564,0.6464294,0.4502862,0.99977845,0.64708585,0.4660529,0.99998856,0.7724781,0.52728087,0.98158115,0.6395056,0.3481958,0.99958473,0.87873006,0.6064836,0.99397236,0.7943839,0.28520355,0.9996202,0.891881,0.636868,0.98928946,0.8261742,0.29479188,0.99668664,0.9288962,0.57270634,0.99330175,0.8151575,0.21201918,0.99930596
78628.jpg,0.4127826,0.596983,0.99991393,0.39281544,0.58209586,0.99993634,0.39391935,0.5796439,0.99993646,0.3948729,0.5768331,0.9999306,0.39030093,0.58176875,0.9998691,0.39010987,0.5794004,0.9998425,0.38982022,0.5766575,0.9998833,0.41032276,0.5528419,0.9999286,0.40418825,0.5523463,0.99991596,0.43759513,0.5938776,0.9996613,0.43249732,0.59374493,0.9996437,0.51826227,0.54815876,0.9995493,0.5244777,0.52099633,0.9965988,0.40592757,0.682541,0.99663407,0.44004065,0.6097673,0.23752065,0.2940884,0.6338638,0.9668432,0.30019283,0.61641586,0.23857476,0.2686163,0.61374164,0.9448979,0.27460027,0.6023578,0.20520577,0.27176934,0.6032875,0.9361033,0.27407303,0.5960128,0.19660799,0.28448778,0.60749805,0.92304957,0.28510824,0.5989992,0.21434645,0.8207549,0.39497754,0.9998901,0.81473386,0.39421126,0.9997981,0.8491755,0.21463804,0.9984213,0.9539999,0.54471445,0.9022115,0.71552837,0.03551179,0.98886347,0.91071796,0.4329079,0.76695955,0.68209594,0.04024592,0.9687015,0.89006,0.42408824,0.71597654,0.66849744,-0.05637738,0.9752026,0.9138207,0.38235068,0.6814907
810_aug.jpg,0.71790045,0.41423836,0.99996483,0.7235009,0.4367787,0.9999782,0.7211924,0.4398193,0.99997735,0.7189498,0.44260815,0.9999753,0.72462034,0.43642366,0.99997044,0.7229935,0.43907923,0.99995875,0.7214066,0.44160083,0.9999567,0.6928481,0.46007705,0.99996567,0.69302666,0.46084315,0.99995697,0.69588435,0.41607344,0.9998479,0.696028,0.41429362,0.9998029,0.62695843,0.44575495,0.9995333,0.6118932,0.45818046,0.9990741,0.77816844,0.46261197,0.99802434,0.76180923,0.4780564,0.2839015,0.9154012,0.55498064,0.9884306,0.88791275,0.54919446,0.5108033,0.93906474,0.5806286,0.9753221,0.9143026,0.57914346,0.5434471,0.9313384,0.5928638,0.97129494,0.91091824,0.5914071,0.5328229,0.92166233,0.58728987,0.9718563,0.9013425,0.58472246,0.54362607,0.27964282,0.46725994,0.9997594,0.2782082,0.46241167,0.99983203,0.23050582,0.63565725,0.9973193,0.3294048,0.27841648,0.9422107,0.25747776,0.8416673,0.99161154,0.08846259,0.3237646,0.9799209,0.28847155,0.876026,0.99394107,0.06758359,0.34777346,0.9842017,0.19843273,0.9125463,0.9898829,0.008113176,0.31967586,0.9670177
81819_aug.jpg,0.2562518,0.5361918,0.9998116,0.25150916,0.52186084,0.99986327,0.25338125,0.5201982,0.99983144,0.25517163,0.5182497,0.9998454,0.2510542,0.52140576,0.9998884,0.2529197,0.5197236,0.9998274,0.25479698,0.517723,0.9998419,0.2781513,0.5067454,0.99977595,0.27798584,0.50566113,0.99977213,0.27287757,0.5390378,0.9991473,0.27314705,0.53956336,0.99921703,0.34148952,0.5164889,0.9995733,0.3552625,0.5079969,0.99876726,0.20234796,0.4873987,0.99763155,0.2301619,0.48470432,0.24449135,0.07902211,0.42123157,0.9863961,0.13797146,0.42415372,0.45265138,0.05473405,0.40041587,0.97218037,0.12156308,0.40218887,0.46941775,0.0551548,0.39422184,0.9669156,0.11865038,0.39459795,0.4634589,0.065736234,0.39930117,0.96595865,0.124905884,0.40156528,0.48560834,0.6388877,0.50146776,0.99988365,0.6360707,0.52672404,0.99984574,0.8001449,0.33584258,0.99970263,0.59396577,0.66468096,0.96677345,0.78174305,0.108020425,0.9973695,0.80475646,0.6604823,0.97676975,0.74932855,0.073043525,0.99269533,0.84158087,0.64110297,0.9773686,0.8469435,0.06802812,0.995249,0.84944594,0.7380243,0.9724454
82488.jpg,0.5127298,0.71336305,0.99998784,0.52204376,0.70837206,0.99998975,0.5216205,0.70741916,0.99998915,0.52164084,0.706272,0.99998116,0.524627,0.70626837,0.99999297,0.5258402,0.70386547,0.99999404,0.52772206,0.7008133,0.9999938,0.51795727,0.6886723,0.99999154,0.52661747,0.67963964,0.99999905,0.49784008,0.7056886,0.99998796,0.4998585,0.7030692,0.9999913,0.4529185,0.6391019,0.99998295,0.531423,0.5989449,0.9999918,0.41150904,0.7684479,0.7123649,0.648967,0.5176223,0.74897873,0.4548369,0.8709805,0.7598877,0.7513472,0.40743968,0.5248492,0.4741312,0.90239334,0.6366412,0.7945593,0.41867217,0.50595164,0.47638062,0.9006557,0.6047997,0.78300405,0.39486718,0.47759977,0.47259673,0.88597065,0.6461589,0.770584,0.39634272,0.47643197,0.5627428,0.35524544,0.9999968,0.6154187,0.37334967,0.99997234,0.4122576,0.30247408,0.99712485,0.8733125,0.33399525,0.999199,0.573651,0.11187908,0.9974815,0.96585864,0.50609386,0.9774933,0.6057993,0.09900734,0.9933455,0.9605731,0.544064,0.93189216,0.5516295,0.026565224,0.99380314,1.0006613,0.5500912,0.9650331
87403_aug.jpg,0.50060034,0.2140485,0.99999607,0.5067965,0.20153573,0.99999535,0.51169086,0.20076278,0.99999297,0.5166493,0.1999881,0.9999956,0.49656865,0.20522553,0.9999958,0.49460715,0.20675147,0.9999944,0.4926787,0.20823261,0.99999607,0.53539914,0.21147361,0.9999938,0.49950802,0.22158346,0.99999666,0.5189411,0.2287685,0.99999356,0.5031265,0.2315315,0.99999356,0.62066483,0.3063851,0.9999695,0.46839765,0.2947972,0.9999976,0.7384041,0.34283814,0.903757,0.32302502,0.2792831,0.9945707,0.86637807,0.3575949,0.732725,0.18814185,0.25348917,0.9837716,0.89481115,0.34158152,0.67538697,0.14142093,0.23751682,0.9369809,0.8974185,0.33316535,0.68868655,0.13693357,0.23227078,0.94212496,0.8951509,0.35015154,0.6992398,0.15000477,0.23749852,0.9628519,0.60803413,0.50728625,0.9999789,0.55844694,0.4999809,0.9999682,0.696646,0.68778384,0.9751413,0.678084,0.3331092,0.9976169,0.74925613,0.89666486,0.9940906,0.9029595,0.38169894,0.99600536,0.7430785,0.92652047,0.9963553,0.9265297,0.40525386,0.9927429,0.8444382,0.91500896,0.99390996,0.9498345,0.3052158,0.99429816
88127.jpg,0.5083719,0.6738246,0.9994541,0.52070796,0.66418815,0.9995285,0.52027607,0.6618791,0.999619,0.52004474,0.65959954,0.99953854,0.52003074,0.66237414,0.99947745,0.5189696,0.65890336,0.9995378,0.5179648,0.655585,0.9992311,0.50853395,0.6313964,0.99974793,0.5030326,0.63159,0.99963725,0.48871088,0.6609059,0.99923646,0.48888016,0.65810215,0.99864,0.43169323,0.58362263,0.9981694,0.42648628,0.5955848,0.99931836,0.5611892,0.70118487,0.38158754,0.55555415,0.7405628,0.978957,0.6843125,0.79379004,0.69941676,0.71234244,0.85315025,0.9662526,0.71830815,0.8043833,0.712916,0.7454542,0.8716079,0.959042,0.72083473,0.80542004,0.71487343,0.7511392,0.86111367,0.95388395,0.7098552,0.8024783,0.7199428,0.74327546,0.85382795,0.9398375,0.14685744,0.41155976,0.99918276,0.136703,0.38318294,0.99951124,0.120401755,0.5366426,0.92894775,0.14862831,0.15541317,0.9983516,-0.017173681,0.49618414,0.9705311,0.329084,0.020026654,0.996289,-0.028986279,0.46593255,0.94720215,0.3718783,0.0265266,0.9835842,-0.13658531,0.5390707,0.93974423,0.33741048,-0.06551188,0.98518187
91631_aug.jpg,0.32149804,0.6948456,0.99990845,0.33692613,0.7026403,0.99994266,0.3400049,0.70138603,0.99991775,0.3432927,0.70031565,0.9999274,0.3357095,0.70289755,0.9999261,0.3378995,0.70173395,0.9999043,0.34041467,0.7006335,0.99990666,0.36318603,0.680392,0.9999366,0.35957766,0.6785077,0.9999535,0.32416457,0.67315227,0.9998958,0.32360196,0.67388046,0.99987185,0.37725627,0.60569996,0.99870706,0.35873914,0.61168516,0.9998466,0.31931472,0.7404422,0.22719184,0.30056608,0.7543083,0.9875501,0.319262,0.8827895,0.5546635,0.2988423,0.9045447,0.9818277,0.3309853,0.91413164,0.5549508,0.30607674,0.9360869,0.9743663,0.3337382,0.9156095,0.5451683,0.31456494,0.9388565,0.96670616,0.33294713,0.9028522,0.57326376,0.3141721,0.9289317,0.95680445,0.5315856,0.34511486,0.9998087,0.5535113,0.35814944,0.9998852,0.41962165,0.27354777,0.964374,0.8370807,0.34333324,0.9997459,0.63749844,0.14066334,0.96235114,0.9361987,0.49094898,0.9950395,0.67390853,0.13548739,0.88748366,0.92897624,0.5487712,0.980588,0.6648111,0.07450995,0.9015091,0.98754287,0.5483676,0.9813778
93923_aug.jpg,0.6843841,0.66473025,0.99969196,0.694552,0.6487966,0.99961746,0.69296205,0.6470433,0.99976915,0.69139063,0.64527845,0.9997359,0.6942128,0.6487149,0.9997131,0.6923317,0.64698404,0.99983263,0.69042337,0.6451721,0.99969435,0.66838384,0.6357526,0.9998661,0.66627014,0.6383417,0.99978906,0.6612473,0.6671982,0.9991364,0.66036993,0.66710585,0.99842775,0.5937189,0.6377137,0.99895334,0.600761,0.6581455,0.99954396,0.7440378,0.63820666,0.40372086,0.75022227,0.64138424,0.9830556,0.8431511,0.59346265,0.44541067,0.8733736,0.5843342,0.94812566,0.8613038,0.5712479,0.43223324,0.8948008,0.5677114,0.9389386,0.8604841,0.5674409,0.4209726,0.8900049,0.5612353,0.9288949,0.854125,0.5735345,0.43074548,0.8817357,0.5653472,0.91141224,0.2801429,0.6283995,0.9999571,0.27984735,0.68059134,0.99996734,0.16805468,0.5119738,0.9764463,0.27985206,0.81216824,0.9985928,0.16126953,0.36084625,0.9227677,0.09910524,0.7314242,0.98980534,0.17155956,0.35207132,0.94575524,0.08077444,0.6947173,0.99118036,0.113530114,0.29042456,0.7706084,0.038186222,0.75816983,0.9652595
97564.jpg,0.37557453,0.46095586,0.9999962,0.37661654,0.44583926,0.9999943,0.37910256,0.44445878,0.99999464,0.38186085,0.44283745,0.9999931,0.37391257,0.4464984,0.9999896,0.37445992,0.4457475,0.9999888,0.3750081,0.44486517,0.99998415,0.40270507,0.4361019,0.99999607,0.39167127,0.43893316,0.9999938,0.3887577,0.4656815,0.99999297,0.3851574,0.4664442,0.99999094,0.47588146,0.4293338,0.99999726,0.42467305,0.46413687,0.9999974,0.5574455,0.37068993,0.9986926,0.33124775,0.4495833,0.9671815,0.63759595,0.31151262,0.99783343,0.24853352,0.40374964,0.9797259,0.65696675,0.28804228,0.9926899,0.23540169,0.3910176,0.9549582,0.6602464,0.28452387,0.991719,0.233037,0.3878816,0.9483691,0.654724,0.29314703,0.98578113,0.23848283,0.39266607,0.9501998,0.62596536,0.40111035,0.99999356,0.6242404,0.4403613,0.9999999,0.65885085,0.2555856,0.9998832,0.6375781,0.5457546,0.9991879,0.5834802,0.15683788,0.99727577,0.75661004,0.44623482,0.99917066,0.5656479,0.15143767,0.9951107,0.7661886,0.42122364,0.998362,0.5682548,0.100307524,0.9949044,0.81248933,0.47089553,0.99819714
