10768.jpg,0.8816705,0.46782327,0.99914885,0.88765514,0.44520882,0.99786276,0.8869138,0.44326764,0.9981944,0.8860048,0.4410988,0.998793,0.88544863,0.44334343,0.99877053,0.8833182,0.4405764,0.9991295,0.8810132,0.43771756,0.9992586,0.86279476,0.42625996,0.997159,0.85862374,0.4259406,0.99876213,0.8641193,0.47654477,0.9984999,0.8610998,0.47293758,0.998723,0.7557616,0.48209947,0.997926,0.77314776,0.48106447,0.9998945,0.75509405,0.65323484,0.3328056,0.78174937,0.67069834,0.98969334,0.7441194,0.79652125,0.35567018,0.7717208,0.83737767,0.98846984,0.76594484,0.8063001,0.33176994,0.8029125,0.86190933,0.9830099,0.7690322,0.8104447,0.34809396,0.80650675,0.8554294,0.97863746,0.7603911,0.81175643,0.35457432,0.79266673,0.8472774,0.9543971,0.5342796,0.5613047,0.9929039,0.5388456,0.5625159,0.99551904,0.34788758,0.6485651,0.22260329,0.35296375,0.6556568,0.9843848,0.1930176,0.7293875,0.63328296,0.17799938,0.7400133,0.9895902,0.1600044,0.73086107,0.74390304,0.14885026,0.73626244,0.98294085,0.20550585,0.8297412,0.8297398,0.19238809,0.8456669,0.98028207
13020.jpg,0.9390305,0.40180397,0.9219981,0.9384303,0.40448844,0.92805207,0.93311846,0.4061514,0.94746596,0.92778873,0.40786624,0.94854945,0.9507017,0.39899963,0.8971903,0.95374817,0.3965699,0.8945584,0.9567826,0.39419842,0.8765927,0.9092663,0.41023475,0.96069896,0.9490751,0.39368033,0.9110439,0.92036724,0.40707645,0.9673587,0.93305045,0.39971334,0.9476306,0.84413886,0.4486735,0.98719496,0.9170517,0.42700893,0.9301152,0.8414993,0.6019969,0.43946758,0.9139538,0.58299834,0.42601964,0.90423405,0.7276031,0.4563102,0.9078192,0.7230536,0.46021634,0.916474,0.7544171,0.3285486,0.9029319,0.7511425,0.42530656,0.9237479,0.7574187,0.33629304,0.90830034,0.7617226,0.42874143,0.9207877,0.7478291,0.3008721,0.90948147,0.75270885,0.37591824,0.9505654,0.58475393,0.9942713,0.97992957,0.576365,0.99439764,0.97043526,0.6895585,0.13663967,0.9891455,0.6826012,0.16842705,1.0052109,0.78287363,0.22981092,1.0060297,0.78298557,0.27521873,1.0082304,0.79020536,0.18756896,1.0022173,0.79280484,0.29550838,1.0134861,0.8217553,0.16430189,0.9674746,0.8423406,0.24488445
14800.jpg,0.95392,0.41750306,0.9995229,0.96619594,0.3974521,0.9991573,0.9658842,0.39512017,0.9993315,0.96551716,0.39265838,0.9994972,0.96515787,0.39735934,0.99940896,0.9641377,0.39485422,0.9995956,0.96306515,0.3919786,0.9996495,0.94793296,0.3716152,0.99919385,0.94613194,0.37308174,0.99958044,0.9354732,0.41781127,0.9994017,0.933375,0.41664279,0.99957734,0.8284642,0.38821536,0.9979207,0.8423882,0.38835487,0.9999001,0.7791524,0.5310719,0.27447486,0.7975812,0.53593695,0.9874236,0.75922567,0.65870315,0.3474648,0.7745371,0.68621314,0.9883165,0.7837051,0.6687718,0.34950703,0.8042486,0.70861435,0.98410344,0.78902984,0.67322564,0.36292425,0.81022274,0.70404154,0.97986835,0.7766028,0.6735968,0.3607737,0.79676974,0.69748425,0.95880425,0.5914897,0.4160321,0.9916187,0.5911965,0.4105637,0.9961914,0.40844274,0.49299115,0.19086395,0.40418386,0.4918146,0.9813788,0.21830142,0.5462473,0.5649112,0.20536807,0.55370045,0.98680776,0.18547007,0.5374564,0.7068939,0.17704672,0.542032,0.98246473,0.20785236,0.6211715,0.78270966,0.19474474,0.63271177,0.97567934
14934.jpg,0.09023601,0.30386397,0.9915125,0.08112615,0.2735526,0.99099874,0.083703816,0.26854402,0.9908439,0.08654672,0.26298285,0.9942725,0.079659045,0.27566856,0.98399967,0.08101219,0.27239206,0.979541,0.08233589,0.26797202,0.9882889,0.11565849,0.23421097,0.98746246,0.102167934,0.24047095,0.9602315,0.11365825,0.30460978,0.9897709,0.112136215,0.30760664,0.9759134,0.2219018,0.2770346,0.99887437,0.19578329,0.2706323,0.9959812,0.22034135,0.5522159,0.98191065,0.22276229,0.4771871,0.19176474,0.21615022,0.77815986,0.9133118,0.2429598,0.64727974,0.14240602,0.19897267,0.84003896,0.89195687,0.21774784,0.658888,0.16682632,0.18255925,0.83434236,0.88508946,0.22044775,0.6695162,0.16740794,0.19223174,0.81908846,0.79162025,0.23549476,0.66637135,0.16917399,0.47122195,0.35209745,0.9968688,0.4143144,0.3672492,0.98880506,0.6300403,0.5483007,0.91648847,0.5858276,0.5336946,0.4909069,0.83630335,0.7150021,0.983817,0.8177078,0.70237184,0.82992584,0.89368117,0.722594,0.9520418,0.8693545,0.71534497,0.7552471,0.8160504,0.8582551,0.9731121,0.8035092,0.84435266,0.87330973
15116.jpg,0.12536702,0.4362243,0.9990808,0.116353124,0.41056898,0.9990188,0.11878291,0.40644735,0.99890566,0.12133914,0.40241593,0.9991627,0.113235265,0.41322637,0.9986265,0.113530576,0.4110314,0.9984944,0.11388433,0.40856174,0.9990609,0.14682308,0.38155118,0.9982711,0.13710636,0.3871412,0.9973477,0.14638439,0.43696257,0.99838734,0.14307117,0.44063634,0.99736017,0.25000656,0.4318849,0.9996063,0.2573665,0.4158631,0.99764425,0.25644732,0.6429416,0.9926529,0.26052535,0.6231215,0.44890663,0.26218426,0.839862,0.97888035,0.263657,0.7990515,0.35420328,0.23468202,0.86192787,0.96016794,0.23525888,0.8243382,0.32468134,0.22653869,0.856508,0.9567418,0.23119459,0.83085907,0.3278065,0.2383531,0.8515153,0.92839307,0.24400137,0.82723093,0.34229743,0.5016035,0.52093166,0.9951468,0.49303666,0.50837415,0.9873317,0.70623463,0.6390568,0.9018327,0.695929,0.6273416,0.15948504,0.8885342,0.76091385,0.9583902,0.85962504,0.72456884,0.5407671,0.9274243,0.75720245,0.9672598,0.8998196,0.7148359,0.67266583,0.90085363,0.84417427,0.93352073,0.87500864,0.8137977,0.71824247
15302.jpg,0.26489115,0.34450492,0.9991504,0.25796497,0.32818553,0.99944323,0.26484594,0.3188402,0.9993297,0.2688129,0.31385413,0.99956554,0.25150162,0.33531517,0.99872154,0.24806178,0.33692756,0.99781716,0.24489109,0.33974636,0.99796605,0.28340295,0.29706153,0.9995511,0.25147164,0.33194152,0.9942781,0.28406605,0.33911824,0.9997527,0.27716422,0.3474161,0.9994655,0.376371,0.29298306,0.99966264,0.29787534,0.37030646,0.99695754,0.46478635,0.3911303,0.9746231,0.37145042,0.4316074,0.25619704,0.4497043,0.48016918,0.9428698,0.39598545,0.48221236,0.21989894,0.45559415,0.50420475,0.92578834,0.39937004,0.50033975,0.27000564,0.4371091,0.50218946,0.9317734,0.3970842,0.49990448,0.29784223,0.43438268,0.4934311,0.8923645,0.4002214,0.4901089,0.2997726,0.4868852,0.36278507,0.9999262,0.4307696,0.4072444,0.99924916,0.5016905,0.38074094,0.8309182,0.38651332,0.46079698,0.5036572,0.5166816,0.43574396,0.40853631,0.44843993,0.43499914,0.24886459,0.5170707,0.43704838,0.47484523,0.46218425,0.43014774,0.3380452,0.5211504,0.47814772,0.43331718,0.44889104,0.45586884,0.29319006
15344.jpg,0.12218815,0.3460095,0.9998808,0.12931457,0.31468362,0.99988663,0.13505197,0.31076628,0.999861,0.14090827,0.3068359,0.99987555,0.120456696,0.32004648,0.9998399,0.12005669,0.31986284,0.9998267,0.11979413,0.319421,0.9998988,0.16891554,0.3008299,0.9996867,0.14730611,0.31112057,0.9998128,0.14578578,0.35801739,0.99978954,0.13668007,0.36345363,0.9998357,0.25189045,0.3913407,0.99975854,0.23979542,0.3681423,0.99968517,0.26569566,0.6067528,0.99655426,0.27535945,0.5655956,0.85396165,0.26489174,0.79676676,0.9894627,0.27372196,0.72556883,0.851886,0.24848828,0.8410047,0.9748548,0.2639272,0.74035037,0.77257633,0.23854181,0.83774084,0.97395635,0.25931883,0.7510892,0.7773234,0.2481964,0.82033956,0.9581815,0.2651489,0.74855393,0.7797914,0.47706056,0.5444164,0.9988896,0.47469932,0.5025627,0.9979961,0.6344474,0.6905018,0.9518023,0.62924135,0.65735936,0.30333838,0.83140546,0.7995237,0.956115,0.8235054,0.7671784,0.6018012,0.8605548,0.803408,0.952293,0.8511367,0.7587743,0.5785226,0.8654394,0.8662461,0.9435219,0.8503033,0.82937473,0.7323199
17206.jpg,0.7649855,0.6613124,0.99780554,0.765454,0.64629084,0.99566674,0.7648313,0.64435565,0.9955122,0.7642178,0.642559,0.9965659,0.763435,0.64727336,0.997235,0.76157683,0.6459166,0.99710196,0.7597656,0.64448607,0.99722254,0.751516,0.63477266,0.9936559,0.7467779,0.63628,0.99598277,0.75486106,0.668516,0.99720937,0.7515531,0.66887844,0.9975145,0.6977316,0.67092204,0.9992654,0.6758965,0.6484814,0.99952984,0.6733468,0.7655099,0.74072397,0.64069754,0.75418866,0.9807469,0.6733464,0.8473782,0.8026824,0.6455606,0.850887,0.96623737,0.67772734,0.8605765,0.7362191,0.6473372,0.8710196,0.94697267,0.6833154,0.861583,0.75633425,0.6582071,0.86959535,0.9404081,0.679313,0.85774004,0.7340363,0.65710855,0.86208886,0.88706404,0.5525818,0.72576666,0.9867762,0.54296345,0.7198243,0.9913707,0.4720346,0.797168,0.29501006,0.43017226,0.80337477,0.89679,0.3707679,0.83169067,0.4778027,0.30352944,0.86233157,0.9315608,0.35225588,0.82912636,0.5703484,0.2748448,0.8580026,0.843171,0.36120746,0.87030685,0.5862931,0.27797773,0.8957161,0.88071936
17216.jpg,0.6287081,0.46465495,0.9999795,0.644445,0.44422007,0.99995387,0.64895797,0.44368634,0.99994624,0.65310067,0.44278494,0.99996066,0.6261046,0.44119072,0.99995875,0.6170142,0.43826768,0.99995375,0.60755086,0.43508208,0.9999521,0.649752,0.4352504,0.99991226,0.5863215,0.42065698,0.9999099,0.62700397,0.4813373,0.9999745,0.6042294,0.47676378,0.9999703,0.641716,0.5139792,0.9999709,0.50129807,0.47338343,0.9999478,0.6370944,0.6898142,0.9806943,0.47767684,0.6700281,0.9820401,0.639074,0.86524624,0.9776284,0.4591799,0.84406245,0.97806746,0.65956235,0.89404356,0.9361994,0.4530593,0.8734922,0.9411408,0.6523613,0.89412755,0.9525683,0.47656003,0.8879137,0.9457429,0.6395869,0.8846754,0.9470451,0.4766223,0.8741654,0.9245462,0.50232166,0.62846565,0.9991497,0.41824234,0.62485516,0.9996511,0.49377283,0.7053028,0.48824513,0.34858572,0.69844824,0.88340986,0.4181526,0.7442385,0.48449308,0.2658355,0.77293384,0.8959951,0.4156893,0.73740715,0.44087797,0.25324002,0.7623943,0.63923794,0.41643482,0.8048874,0.7026314,0.2652033,0.816342,0.892215
20437.jpg,0.10861689,0.53884244,0.9994924,0.099959016,0.52167904,0.99954957,0.10092652,0.5198111,0.99955267,0.102002025,0.517479,0.9996026,0.09957537,0.52156574,0.9994861,0.100234,0.51980454,0.9994566,0.10090572,0.51776487,0.99959356,0.12225461,0.49980795,0.9993876,0.11899996,0.502011,0.99907637,0.12948486,0.5433918,0.9993955,0.12908995,0.54382485,0.99917835,0.23627433,0.52736646,0.999736,0.24094284,0.5341728,0.9987942,0.24522251,0.68747014,0.9937423,0.24880922,0.6861618,0.32200703,0.23733681,0.82374966,0.9820343,0.24595195,0.8100422,0.43204832,0.20606515,0.8357335,0.9683908,0.2107622,0.81411684,0.40386656,0.19866556,0.82881826,0.9657908,0.20785397,0.81732976,0.41968766,0.21199474,0.8269241,0.94097686,0.22299981,0.81735665,0.44204664,0.50194436,0.61733234,0.9964037,0.49346197,0.61835927,0.99071664,0.69379956,0.68902737,0.9459307,0.68853784,0.69360524,0.24602482,0.88671315,0.76434237,0.98397875,0.8720605,0.7611063,0.6833874,0.9332761,0.76421803,0.9837129,0.9128878,0.760773,0.80474013,0.86657035,0.8327106,0.9778658,0.8548895,0.831762,0.84960586
21339.jpg,0.8048072,0.45726275,0.9971831,0.8145648,0.44310734,0.99541086,0.8141123,0.44146216,0.99585587,0.8137678,0.4395471,0.9969817,0.8138405,0.44213703,0.99726677,0.81285965,0.43992257,0.9977087,0.81186247,0.4373796,0.9979095,0.79963636,0.42298335,0.9928907,0.7973869,0.42300966,0.99769187,0.78770006,0.45816723,0.9957831,0.7867771,0.45576137,0.9967752,0.70878047,0.43711457,0.99604505,0.70977217,0.4550902,0.99959916,0.7047682,0.55654144,0.22064202,0.7011786,0.5812559,0.98931867,0.7077383,0.6675077,0.21724287,0.7092979,0.6878957,0.960877,0.73479825,0.68059456,0.22058041,0.73394823,0.7046216,0.9399614,0.7392479,0.6811389,0.23988695,0.7415894,0.70057034,0.9301789,0.7270479,0.6787312,0.2569977,0.73107517,0.69657975,0.87791026,0.49782166,0.47314176,0.9921072,0.4973802,0.48408702,0.9932591,0.34282446,0.5567875,0.11827337,0.34224507,0.56086993,0.949734,0.19464153,0.61597353,0.44598567,0.18664464,0.6210242,0.98026145,0.15498355,0.61482877,0.58749264,0.14226335,0.6216097,0.97430384,0.2087254,0.68328744,0.69610256,0.19949651,0.68811864,0.9710217
22920.jpg,0.5888837,0.1836788,0.99191976,0.6079311,0.15557945,0.989356,0.61026764,0.15495354,0.9905592,0.6130306,0.15315408,0.99012774,0.5987156,0.1456356,0.9900727,0.5937769,0.13768905,0.9910157,0.5888221,0.12808365,0.9892117,0.59627235,0.12916052,0.9905686,0.5612595,0.094451666,0.9919314,0.57111555,0.19571942,0.99533576,0.55933976,0.18376899,0.9952787,0.46713233,0.20055938,0.99791235,0.39865768,0.10224247,0.9992367,0.42382088,0.4471627,0.48772225,0.41535616,0.38213545,0.965465,0.53233165,0.7024833,0.5865879,0.54652536,0.6039021,0.90973645,0.54981655,0.7798312,0.558421,0.53352916,0.6984639,0.88320565,0.5631081,0.7769631,0.57167214,0.5842522,0.6415459,0.88542587,0.5585261,0.75467926,0.57627225,0.57507133,0.62224865,0.8611068,0.19487557,0.5999493,0.9790077,0.1349931,0.57349026,0.981443,0.044187486,0.8284475,0.16625334,-0.02953291,0.8180235,0.5477715,-0.16159485,0.9697037,0.11656551,-0.17454039,0.9906996,0.3152583,-0.20433809,0.9783249,0.2547656,-0.2154785,1.0048245,0.51324433,-0.17539121,1.0737147,0.117704295,-0.13967173,1.1020539,0.22813892
26226.jpg,0.7963395,0.35873297,0.99712485,0.7953947,0.33942354,0.9945708,0.79425216,0.3384379,0.99501675,0.79286665,0.3372587,0.99693537,0.79325235,0.33913,0.99705815,0.79065955,0.33808845,0.9975292,0.7878579,0.33685422,0.9979394,0.77124846,0.33330747,0.993604,0.76773983,0.33460724,0.9965551,0.7846145,0.36980623,0.99568486,0.78196335,0.3688783,0.99649787,0.7032479,0.3705857,0.9942567,0.70971024,0.3863053,0.9994678,0.69920504,0.50548756,0.35076657,0.713497,0.52995026,0.9917,0.70545787,0.6142442,0.30674434,0.713923,0.6551126,0.97914004,0.7254112,0.6273051,0.2767008,0.73870313,0.67582035,0.9658111,0.7289875,0.6324467,0.28983238,0.74478215,0.6713022,0.95784837,0.71846354,0.6326412,0.3068934,0.73468375,0.6659828,0.91841006,0.5358594,0.43491563,0.9882591,0.53591573,0.43766677,0.9909066,0.4035514,0.5307466,0.15883824,0.40098333,0.5316938,0.9660791,0.25700602,0.58092743,0.48405427,0.24704227,0.5985236,0.9752505,0.22509757,0.5741738,0.5605691,0.2195256,0.5910982,0.94727373,0.24481365,0.6578153,0.65874296,0.24057567,0.6748886,0.9522256
27641.jpg,0.740713,0.61398345,0.9997009,0.7572768,0.61026454,0.9997472,0.7576948,0.6091621,0.9997222,0.75798696,0.6080762,0.9997801,0.757659,0.6094732,0.9997633,0.7583908,0.60784954,0.9998061,0.7590451,0.6062628,0.9998567,0.7539853,0.5883382,0.9996166,0.7560359,0.5889297,0.99984634,0.726223,0.60640645,0.999514,0.72694314,0.60522413,0.99958664,0.67022943,0.5415775,0.9990958,0.68906623,0.5669919,0.9998734,0.65264463,0.6595435,0.50245345,0.66630805,0.7056167,0.95278066,0.73005295,0.68234193,0.49944836,0.74732405,0.6969343,0.9294007,0.76005733,0.68901724,0.40641436,0.7760476,0.70016795,0.9113994,0.7626375,0.67892396,0.40506196,0.7757315,0.6817776,0.90265507,0.75179636,0.6742767,0.39889458,0.7652846,0.6776733,0.87574387,0.48386246,0.51602966,0.99910885,0.492214,0.5355297,0.99928516,0.34599423,0.6028646,0.12659732,0.34720793,0.6097393,0.94880027,0.18104759,0.6354634,0.2787549,0.17041951,0.64312637,0.9614718,0.14626652,0.62648135,0.42319942,0.13756916,0.6300874,0.9546611,0.18057746,0.70900375,0.54708874,0.17393416,0.7150272,0.95493007
29231.jpg,0.27046692,0.7895944,0.9996879,0.2517358,0.7735329,0.9998753,0.2504984,0.769071,0.99988496,0.24861711,0.7642094,0.99991286,0.2549976,0.7790985,0.9997931,0.25731945,0.7787167,0.999721,0.25853658,0.7782599,0.99972755,0.25465453,0.745572,0.9999163,0.26714373,0.7669078,0.9998373,0.28415602,0.778888,0.9996983,0.2887904,0.78494155,0.9994814,0.34076256,0.69913375,0.99952316,0.37553018,0.72393084,0.9984812,0.36261994,0.9105233,0.8255428,0.41854805,0.9277932,0.23690727,0.2995786,0.91762626,0.26984394,0.40871274,1.038254,0.3485696,0.28940672,0.9108081,0.23365425,0.410603,1.0642811,0.32776535,0.2926829,0.9104619,0.2299879,0.40238863,1.0694507,0.33461577,0.30073684,0.9112425,0.24804729,0.3984409,1.0585334,0.34819797,0.70870626,0.48211733,0.992029,0.73852897,0.49668914,0.995992,0.5369608,0.8741865,0.9421235,0.7987963,0.72156274,0.9520474,0.48869693,0.8032186,0.26834896,0.90485746,0.5362637,0.7037046,0.49327874,0.775681,0.2438555,0.9131683,0.4975465,0.67001766,0.44791943,0.90557444,0.15152673,0.9730453,0.52951896,0.6594579
29971.jpg,0.16994694,0.36945814,0.9915126,0.15825272,0.34491208,0.99180675,0.15995654,0.34066334,0.99252933,0.16183615,0.33598208,0.9940499,0.15706411,0.34671077,0.9889924,0.15785477,0.34391293,0.98933077,0.15864924,0.34069833,0.99236214,0.1878449,0.30796546,0.9900377,0.18188834,0.3146578,0.9874676,0.19623163,0.36868173,0.9902374,0.19481862,0.37083575,0.9821883,0.30466938,0.320466,0.99761105,0.3063652,0.3222714,0.98648596,0.32542342,0.5281806,0.988877,0.33391976,0.4923746,0.20764814,0.34328157,0.72146,0.98269445,0.33114773,0.65049535,0.26023182,0.3174257,0.7641244,0.9745419,0.30507722,0.66389966,0.27471316,0.3008823,0.7523181,0.9714902,0.30271146,0.6760254,0.2801704,0.314704,0.7382404,0.9556191,0.3157715,0.67630994,0.3033543,0.6146434,0.3238498,0.9817313,0.6055705,0.33900014,0.95275015,0.8233946,0.38890913,0.858474,0.8084421,0.39802164,0.14933814,0.99237466,0.42371655,0.844593,0.9706919,0.42028314,0.33857393,1.0124855,0.40956813,0.9076505,0.99156004,0.40735933,0.58963346,0.9733287,0.5276305,0.7800276,0.9585563,0.5182177,0.5425764
30084.jpg,0.64536476,0.37153098,0.99947184,0.65864617,0.35577297,0.99876475,0.65827465,0.35412306,0.9988404,0.6578488,0.35234866,0.99915016,0.6578382,0.35368043,0.9992065,0.6570419,0.3507945,0.99937963,0.6561681,0.34768763,0.99948066,0.6423162,0.3337721,0.99880016,0.6409601,0.3298039,0.99942386,0.62706816,0.3670355,0.99870443,0.62598014,0.3646091,0.9991642,0.52637076,0.32997513,0.99382424,0.53980964,0.3545382,0.99942577,0.51142865,0.47262174,0.39049718,0.52752405,0.5085206,0.9878896,0.50462127,0.6039486,0.36826977,0.5186856,0.65460503,0.96880955,0.52792317,0.62066126,0.31912392,0.5446659,0.6766696,0.9493229,0.53063476,0.62536204,0.3182438,0.5526587,0.6735432,0.9390188,0.52043563,0.6259796,0.32939005,0.54156905,0.6665442,0.9076761,0.29107842,0.36709362,0.96687025,0.29706854,0.3881857,0.98128617,0.11448917,0.4238327,0.18821073,0.102072775,0.44671834,0.7969805,-0.04700747,0.42531943,0.24739432,-0.062107235,0.43204582,0.6891205,-0.07553843,0.41044098,0.38560584,-0.08876696,0.40881306,0.74560004,-0.06865451,0.4727333,0.36639246,-0.08601278,0.49312478,0.620958
30512.jpg,0.92890227,0.26279074,0.8848949,0.91788924,0.25642937,0.86195356,0.91301167,0.25872177,0.8938518,0.91084576,0.25719202,0.89067197,0.91545105,0.2586084,0.897972,0.9156161,0.25810218,0.9154805,0.9139972,0.25710154,0.90133506,0.9252465,0.25624555,0.89817744,0.9251317,0.2600276,0.9385879,0.93236923,0.29470724,0.8905568,0.9466475,0.26753318,0.8880035,0.922664,0.3231495,0.99306506,0.92768514,0.36634028,0.9894253,0.8262813,0.4541994,0.3980319,0.8630887,0.5578602,0.49532312,0.72491866,0.54308015,0.11401418,0.74182624,0.6781053,0.53669715,0.6907859,0.5537515,0.11261318,0.71066695,0.6957488,0.5473076,0.69398314,0.550216,0.11712931,0.7038648,0.70378625,0.57629085,0.70934385,0.54760754,0.12166421,0.7211302,0.6940691,0.5596449,1.0977409,0.58610874,0.9399744,1.1334994,0.6290656,0.95346445,0.7524787,0.74004215,0.49714324,0.7781669,0.76469964,0.37016493,0.55137014,0.9567728,0.26021305,0.5573541,0.9431927,0.29272676,0.5336534,0.9979538,0.28848347,0.5261665,0.9799988,0.60988027,0.4309495,1.0120431,0.17696066,0.4483409,0.9807477,0.3789649
3107.jpg,0.07773748,0.31819323,0.99978346,0.075522035,0.28848267,0.99977404,0.08013636,0.2838444,0.9997819,0.0846968,0.27876198,0.99982774,0.068709135,0.29263794,0.9996877,0.068279326,0.29146177,0.9996861,0.06803116,0.28987908,0.9997918,0.11449811,0.262247,0.99960417,0.09738195,0.27304736,0.9995617,0.108155906,0.32790264,0.9996019,0.100461245,0.3335346,0.99929845,0.23528105,0.33143622,0.9991825,0.20188263,0.33444077,0.9938585,0.25443226,0.568912,0.9933537,0.22619832,0.5576587,0.4591941,0.2617498,0.79751825,0.98022115,0.2530654,0.7670953,0.28701764,0.23236123,0.83095324,0.959715,0.2241354,0.79001004,0.25313953,0.22397912,0.8278824,0.95680535,0.2242204,0.79949903,0.25651854,0.23888665,0.8198296,0.9383099,0.24252668,0.7908503,0.28702766,0.5001016,0.4487047,0.9939221,0.48130488,0.4573094,0.9800613,0.6990675,0.58873105,0.9367028,0.6953402,0.58499825,0.20050117,0.919293,0.7144747,0.9589396,0.9052093,0.6992805,0.5865347,0.9644555,0.71047443,0.9477416,0.9514415,0.6941304,0.5775187,0.91994214,0.8389108,0.93208736,0.904997,0.8126933,0.7477606
37114.jpg,0.7606858,0.8392961,0.9902653,0.76753813,0.83025515,0.9854526,0.7674126,0.8292042,0.98378676,0.7673729,0.8280396,0.9908392,0.766575,0.8297298,0.99300236,0.7657354,0.8284098,0.99215466,0.7649427,0.8269682,0.99393797,0.7585234,0.8153306,0.9816471,0.7554287,0.8150733,0.9884085,0.750724,0.8390237,0.9878505,0.74957925,0.83788776,0.9890928,0.71663254,0.79256505,0.9786542,0.7054559,0.80922234,0.9972505,0.67082936,0.86827505,0.23657167,0.6517059,0.89177537,0.99145716,0.63125885,0.9342205,0.27174827,0.613691,0.9680847,0.9305399,0.6456803,0.94709444,0.27321723,0.6129257,0.9946579,0.88879395,0.64480036,0.949732,0.28604823,0.62324464,0.9944653,0.8680488,0.6401315,0.94678044,0.29959643,0.6224,0.98658234,0.7866407,0.5872431,0.68916494,0.99226683,0.5818286,0.6948252,0.99161935,0.4753008,0.6321356,0.17849214,0.47123116,0.6377265,0.9710923,0.37347826,0.5656906,0.45905995,0.36378914,0.56544644,0.9775843,0.36218926,0.5438961,0.61107045,0.35289246,0.54416007,0.9638596,0.3350135,0.5998078,0.6354133,0.32809168,0.59875816,0.9572073
37375.jpg,0.7561875,0.43663594,0.9925977,0.76657724,0.4100055,0.9922712,0.7672256,0.408841,0.99198055,0.76816124,0.40719903,0.99280506,0.7591846,0.4061234,0.99387014,0.7542211,0.4020788,0.99393797,0.74930865,0.39714414,0.9942444,0.74509746,0.39092708,0.993447,0.717744,0.37515545,0.99495053,0.7376731,0.45164168,0.9963271,0.72782683,0.44772163,0.9966119,0.6380273,0.48132634,0.992269,0.56178975,0.42423204,0.99848735,0.6525651,0.6456408,0.22179425,0.60816944,0.6951956,0.97159463,0.7083764,0.7499964,0.22404303,0.7128771,0.7988075,0.92002815,0.7124537,0.7763374,0.24102771,0.72030896,0.8738709,0.89581347,0.7257773,0.7639129,0.25554007,0.7396745,0.8382794,0.90041417,0.71866,0.75732654,0.26559722,0.73702157,0.83876365,0.88207936,0.45427358,0.8394771,0.9602044,0.38805214,0.83465624,0.9666304,0.36688852,1.002451,0.35517994,0.31806493,1.0044061,0.6508374,0.2976397,1.237321,0.1796973,0.2607922,1.2460395,0.3073704,0.26776767,1.2522466,0.31270295,0.21832097,1.2648071,0.584363,0.3122092,1.3367809,0.13842086,0.31883845,1.349617,0.21972382
38802.jpg,0.5705142,0.45230567,0.9999665,0.6333053,0.4560412,0.9999597,0.6358431,0.45356482,0.9999641,0.6384355,0.45097134,0.99997175,0.5766163,0.4379224,0.9999654,0.6277038,0.44286764,0.9999566,0.6267161,0.43635684,0.9999604,0.63939357,0.39992824,0.9999598,0.5770029,0.37908778,0.99994016,0.5490769,0.43173185,0.9999021,0.5439212,0.42713547,0.99987245,0.54003406,0.29658952,0.9985624,0.45858508,0.25602955,0.9969868,0.44992793,0.42453247,0.38007796,0.22777104,0.2594629,0.96708685,0.47100964,0.591286,0.6890917,0.2687683,0.46331462,0.94746333,0.49953938,0.64408916,0.68640995,0.26965737,0.52036273,0.91060954,0.49386787,0.6480039,0.7034342,0.29735816,0.52451235,0.9087916,0.4776327,0.62992805,0.7011266,0.30287787,0.5092029,0.88464767,0.29944563,0.0066844374,0.98516023,0.22553205,0.0042562447,0.97688496,0.37047264,0.28172824,0.1623234,0.32549274,0.2983668,0.92330253,0.3122296,0.49281183,0.19547299,0.29905564,0.506568,0.69827074,0.27767304,0.517874,0.16540986,0.27384624,0.533984,0.58899885,0.41623276,0.58368546,0.3060943,0.39877805,0.58994335,0.74830264
39093.jpg,0.11242801,0.64795405,0.99661,0.094729185,0.6325207,0.9969512,0.0955461,0.6308942,0.9969342,0.096745074,0.6295358,0.9973164,0.09623337,0.6317058,0.995207,0.09789586,0.629339,0.99529934,0.09975618,0.6272842,0.99704057,0.11672574,0.6106181,0.99499965,0.115050405,0.6101475,0.99338245,0.13108364,0.64382297,0.99406415,0.13337618,0.6422072,0.99117774,0.21844609,0.5955351,0.9986767,0.23452877,0.5787267,0.9931584,0.28039762,0.7849686,0.98152936,0.29803884,0.7718702,0.44213036,0.34661022,0.9530345,0.97292906,0.3521172,0.9210621,0.44775015,0.33924806,0.9899373,0.95676744,0.34119797,0.9505392,0.4012305,0.33040464,0.99419963,0.95137984,0.33811605,0.9610189,0.4122743,0.3365335,0.9780606,0.926705,0.347123,0.9539424,0.44448906,0.4909114,0.53755015,0.98695755,0.4845914,0.5376848,0.9768216,0.69029045,0.53488076,0.88804257,0.68915623,0.5410891,0.14345774,0.8834218,0.5352074,0.93364155,0.87875295,0.5376564,0.494516,0.93010986,0.51050866,0.9291809,0.9225144,0.51911926,0.6228726,0.9016645,0.6437889,0.90471375,0.8962441,0.6406468,0.6683705
39436.jpg,0.21053796,0.59372866,0.9997104,0.19630015,0.5852817,0.9998431,0.19634919,0.5839245,0.9998758,0.19653308,0.58281183,0.9998802,0.19641647,0.5852844,0.99973875,0.19649932,0.5837426,0.9997341,0.1965684,0.5823815,0.99976677,0.20532314,0.5704425,0.9998684,0.20292197,0.5682448,0.99972373,0.22400501,0.5868337,0.9996031,0.22415723,0.58607227,0.9995265,0.28005564,0.54792017,0.999703,0.27373636,0.5266343,0.99840134,0.36739472,0.6257936,0.9356114,0.34838048,0.5861648,0.12312543,0.28987125,0.64953995,0.8740406,0.29496142,0.6336913,0.12978578,0.27406406,0.66088796,0.8645586,0.27415037,0.64950854,0.15906322,0.26625592,0.6459654,0.86689633,0.27032214,0.63587177,0.16331296,0.2707258,0.6388334,0.83631283,0.2741143,0.6307202,0.16586547,0.44514126,0.45055705,0.996867,0.4411695,0.43786988,0.9965702,0.57994115,0.39529613,0.9178564,0.5734292,0.39626756,0.26717773,0.7080824,0.33200273,0.93962073,0.6961019,0.33511597,0.47556925,0.7125446,0.31891766,0.94294834,0.7085254,0.32120454,0.5249902,0.737666,0.38260537,0.9352359,0.72744656,0.37501445,0.6631392
39730.jpg,0.53244126,0.61906517,0.99877685,0.5247222,0.61873245,0.9994886,0.5265217,0.618312,0.99952435,0.5285141,0.6183483,0.99961156,0.51889414,0.6168195,0.9990376,0.51692396,0.6152281,0.9990073,0.51350665,0.6118346,0.99913484,0.5278075,0.6009685,0.9987093,0.51063013,0.59236664,0.99874735,0.54096335,0.6060178,0.9989687,0.5353824,0.60443455,0.9988819,0.60586,0.56846404,0.9990681,0.5123327,0.5319774,0.9962763,0.6105587,0.72098744,0.9844589,0.5657226,0.67536956,0.30077133,0.61191046,0.8534564,0.9720653,0.54132986,0.78701234,0.6435375,0.59112865,0.8845191,0.96210974,0.518932,0.8064518,0.7053281,0.57246184,0.8837254,0.96037483,0.5273598,0.8149249,0.7344838,0.58014023,0.8722075,0.94141674,0.5427132,0.8078833,0.72282636,0.75581896,0.4340251,0.99878377,0.71408623,0.39268777,0.9972844,0.8547804,0.47902477,0.901214,0.7902612,0.4517255,0.26069322,0.9309075,0.5022497,0.80640453,0.8750787,0.4899081,0.27044752,0.93492925,0.49193943,0.7121352,0.89084595,0.48497254,0.3752469,0.91356355,0.55925906,0.7752533,0.87566376,0.5337728,0.40746734
39796.jpg,0.7955859,0.44582537,0.9979372,0.78860927,0.4313866,0.99633574,0.7878589,0.4307841,0.99603707,0.7871297,0.43010494,0.9976495,0.78696895,0.43250185,0.99806637,0.78499955,0.43281704,0.9981755,0.7831392,0.43300653,0.9985423,0.7738151,0.43226227,0.9948638,0.76994556,0.43622506,0.997875,0.78972197,0.4570986,0.9973603,0.7870417,0.45870394,0.9977592,0.74494433,0.4914751,0.9979411,0.73968357,0.51495504,0.9997769,0.76460993,0.61543745,0.16558954,0.7502687,0.6311569,0.9868478,0.7773471,0.7019385,0.14413191,0.7849822,0.7414492,0.9615141,0.79825336,0.71718544,0.15397549,0.8005839,0.75744265,0.9410538,0.80048573,0.71841884,0.16807058,0.80542135,0.75293833,0.93247557,0.7945571,0.7202128,0.17314285,0.80024236,0.75022304,0.8695296,0.6347035,0.6346762,0.9981925,0.62875426,0.6371718,0.9985252,0.5480119,0.7436787,0.1676499,0.5301123,0.7355149,0.93401885,0.41440988,0.81870323,0.57877815,0.4046904,0.82821083,0.9706642,0.39115727,0.8281167,0.67279637,0.3792581,0.8337539,0.94330484,0.42786276,0.8889123,0.72559595,0.4249615,0.8974568,0.9527439
42095.jpg,-0.048707515,0.5560155,0.9914716,-0.059881,0.5361885,0.9889659,-0.05755496,0.53151464,0.99018353,-0.05514714,0.5268048,0.9892859,-0.062410563,0.54067594,0.98632425,-0.06152913,0.54021543,0.98822147,-0.06071973,0.5396989,0.9911345,-0.028802216,0.50656366,0.983032,-0.036049694,0.5251692,0.9851258,-0.018460125,0.5524671,0.986822,-0.020888299,0.5601881,0.98019344,0.07984868,0.5047423,0.9951572,0.08629438,0.5726053,0.9801318,0.12621361,0.7140386,0.9581773,0.13584262,0.7688868,0.56180155,0.17325388,0.93941724,0.96150017,0.17363106,0.951789,0.68098503,0.16013294,0.9868772,0.95706415,0.15924287,0.98557174,0.687191,0.15664986,0.9946111,0.95130527,0.16318804,0.9926677,0.7017634,0.16711864,0.9760423,0.9295618,0.17316501,0.97997177,0.7143908,0.39474043,0.5023776,0.9829233,0.39153934,0.54850537,0.95798355,0.6167853,0.521905,0.8269026,0.60838175,0.5317842,0.16383219,0.8287022,0.5316679,0.9058838,0.8064415,0.5276804,0.4370674,0.8673111,0.51222247,0.9004692,0.84680706,0.5114231,0.5740784,0.84253013,0.6550244,0.84621537,0.82659465,0.62599254,0.601893
43009.jpg,0.52784574,0.71583396,0.9998914,0.537477,0.71011174,0.99995756,0.54061365,0.7110573,0.9999211,0.54375523,0.71203554,0.99991274,0.52919966,0.7058766,0.9999634,0.5262656,0.7036234,0.99994934,0.52335715,0.70144874,0.99996674,0.54627454,0.7039078,0.99993277,0.5165916,0.6897262,0.99998856,0.5273401,0.71664494,0.9999503,0.51784456,0.7112306,0.9999714,0.5442084,0.69697416,0.99979836,0.47474018,0.6874277,0.99993193,0.56223357,0.72993684,0.40383378,0.47823766,0.7279629,0.74610925,0.549749,0.7518113,0.18646419,0.51816344,0.74974006,0.4167202,0.54646933,0.76216555,0.13506588,0.5273639,0.7589343,0.30430636,0.54390323,0.7564138,0.13373853,0.53340816,0.7510888,0.3150671,0.54265463,0.751614,0.15152773,0.5308188,0.7464261,0.35156563,0.51574963,0.7340834,0.999845,0.46840262,0.7391662,0.99970526,0.5531653,0.77306384,0.99425113,0.4614238,0.8164623,0.92383015,0.6146272,0.8399242,0.97834456,0.50072247,0.8544652,0.8412566,0.6179868,0.851671,0.96438116,0.50787747,0.85535616,0.63736826,0.64657545,0.85995954,0.97262955,0.51915896,0.8790058,0.7882292
48505.jpg,0.75714254,0.598915,0.99944204,0.77148736,0.589097,0.9990176,0.7719791,0.58743507,0.99911886,0.77256787,0.5853813,0.99947184,0.77061,0.5862279,0.9993703,0.77032924,0.58290917,0.99933136,0.7699878,0.5792469,0.9993304,0.7647295,0.55871856,0.99889344,0.7607279,0.5568614,0.99939823,0.74167,0.59306306,0.9987876,0.74026716,0.5884079,0.9990783,0.67504,0.5481336,0.99914825,0.6769831,0.53820574,0.99952734,0.6475211,0.6954003,0.68087006,0.6518246,0.7058189,0.9305402,0.6371505,0.84573627,0.70077026,0.64256835,0.871662,0.9372287,0.6665864,0.86714923,0.64154005,0.6666568,0.8938601,0.9312046,0.6735723,0.8707127,0.6476082,0.67816985,0.8888162,0.9157456,0.6607442,0.8661505,0.61977047,0.66790915,0.8824029,0.83868057,0.474063,0.53514296,0.9998648,0.48691735,0.49801433,0.9998072,0.33083183,0.6651993,0.91432625,0.6180144,0.59383917,0.9959281,0.1532129,0.76652193,0.9923185,0.43224704,0.68164235,0.9963775,0.12439993,0.75930035,0.98290426,0.4083332,0.68370473,0.991863,0.11647928,0.84153634,0.9935968,0.40182307,0.7512193,0.9953982
49074.jpg,0.5127597,0.074994,0.9651926,0.5337708,0.05412534,0.9613967,0.53923726,0.054495722,0.96282464,0.5443667,0.05518827,0.9666519,0.5229584,0.05471611,0.957482,0.5232585,0.055274338,0.95233697,0.5234189,0.056033075,0.95984536,0.5665284,0.0687913,0.95028836,0.54143745,0.06887081,0.9286059,0.5308437,0.105520636,0.9690598,0.51787806,0.10205555,0.94856244,0.6279375,0.2028831,0.9943938,0.51725894,0.21748966,0.9469713,0.7662906,0.14246097,0.97472614,0.39178514,0.19196036,0.25085288,0.72213614,0.25448525,0.8991449,0.34854037,0.11063221,0.1707856,0.71951544,0.29419193,0.8133958,0.36875582,0.13839036,0.18216443,0.7008631,0.29328102,0.8016344,0.37749356,0.14517304,0.18782823,0.71650904,0.29066136,0.7707216,0.3788228,0.15095681,0.20645964,0.67638564,0.5880055,0.9664941,0.6135433,0.6030938,0.9955512,0.91329956,0.61059874,0.85049504,0.4537446,0.7136992,0.84183156,0.7826947,0.44451362,0.11682102,0.6782622,0.61667967,0.24945512,0.7608435,0.41621625,0.1749796,0.6979732,0.5842072,0.33549994,0.74763536,0.39953548,0.101851255,0.7628062,0.63019896,0.23165695
50365.jpg,0.21476436,0.58530545,0.99896944,0.20678166,0.572879,0.99922013,0.20771214,0.57099825,0.99929893,0.20845667,0.5691786,0.99941075,0.20621607,0.573014,0.9988682,0.20683596,0.5713147,0.99860483,0.20723426,0.56964433,0.9988549,0.22174835,0.5532136,0.99854505,0.21975571,0.55364174,0.99721104,0.231175,0.5855415,0.9971917,0.23071888,0.58555233,0.99680674,0.29569167,0.55781144,0.99893814,0.30547664,0.54898465,0.9922351,0.31599855,0.6938728,0.9853312,0.3165031,0.65800726,0.22420152,0.2150546,0.7091936,0.9830027,0.22850813,0.680923,0.30564764,0.18177828,0.7234602,0.9732213,0.20433035,0.6864834,0.29042557,0.1796163,0.71317536,0.97193784,0.1962494,0.6876076,0.29206598,0.18884733,0.70637894,0.9533327,0.20372903,0.6785833,0.2867739,0.4943287,0.57275814,0.99617094,0.4916854,0.56262505,0.9940849,0.63510364,0.61110353,0.8883819,0.6314805,0.6069652,0.22447872,0.78404856,0.66138136,0.9153871,0.76806176,0.6465213,0.47017214,0.81051815,0.6536824,0.93534386,0.79388034,0.63993615,0.6618136,0.7867271,0.7379086,0.87978995,0.77631104,0.7162231,0.6248835
5202.jpg,0.82434946,0.42371538,0.9995939,0.8322493,0.40706992,0.99919623,0.83163035,0.4048512,0.9992889,0.8309306,0.40238947,0.9994242,0.83154607,0.4063308,0.99949515,0.8305154,0.40386742,0.9996697,0.82930106,0.40118256,0.99971324,0.8146343,0.38636616,0.99847656,0.8141962,0.38806316,0.99957246,0.8074181,0.42223632,0.99899966,0.80628955,0.4205302,0.99931896,0.713083,0.38994032,0.9983937,0.7355107,0.42298394,0.9999294,0.70380247,0.54094404,0.2539631,0.7275884,0.5815081,0.98726046,0.7141868,0.6710483,0.28768396,0.73059213,0.72218496,0.98799676,0.7333306,0.6702202,0.27282006,0.75348663,0.7375412,0.9816498,0.7371888,0.68300277,0.27760687,0.7572342,0.7335002,0.97590286,0.728657,0.68983537,0.27694046,0.7478672,0.7294918,0.95018697,0.5367351,0.48026347,0.9845144,0.5505858,0.5040297,0.99362767,0.39757213,0.5677535,0.21605851,0.3962657,0.5804318,0.9667848,0.24601886,0.63390267,0.55925864,0.22643083,0.64895815,0.987548,0.2174255,0.63032955,0.7122662,0.19290194,0.6409472,0.98483616,0.24107641,0.70532614,0.76421255,0.2172629,0.72883654,0.9771937
52419.jpg,0.06518403,0.15980794,0.9812237,0.06707163,0.17470865,0.9833083,0.067341045,0.17469592,0.9845145,0.070334375,0.16958304,0.9863723,0.06768401,0.17463367,0.99065816,0.069503486,0.16803208,0.990825,0.07064584,0.16791683,0.9890013,0.08265562,0.16846329,0.98854876,0.08254741,0.16517062,0.99285066,0.0707334,0.15311661,0.9830503,0.071196854,0.15255654,0.9806035,0.10480903,0.14258695,0.9947024,0.10389121,0.13735647,0.99833375,0.0762953,0.18933442,0.1584504,0.06676397,0.16805229,0.92056197,0.02857025,0.23641329,0.38189623,0.014941305,0.21470517,0.84580296,0.018550366,0.25038204,0.46962747,0.0019198507,0.22326691,0.83085334,0.015896142,0.2489379,0.47158784,0.0031702071,0.22711362,0.8173074,0.019156992,0.24335133,0.47078812,0.008247212,0.22497052,0.7744611,0.21573237,0.02973296,0.9998789,0.21906371,0.030537318,0.9999187,0.31551155,-0.017128164,0.55148363,0.3527158,0.007991316,0.99091804,0.37415507,0.10300517,0.26398668,0.42063648,0.1550786,0.90226775,0.3672508,0.1269555,0.2994241,0.41307572,0.17144097,0.8992963,0.41872025,0.13119784,0.22405618,0.4825348,0.16574219,0.8497022
52866.jpg,0.6092507,0.6117136,0.9634734,0.61618924,0.61975855,0.9429181,0.61635417,0.618592,0.9517821,0.61619854,0.617612,0.94132125,0.61554474,0.6201728,0.95314443,0.61536944,0.6192353,0.9601557,0.6176774,0.6178935,0.9455814,0.62007487,0.6071007,0.9422459,0.62063074,0.611041,0.9230467,0.6088153,0.6048057,0.961844,0.6102771,0.6052184,0.9574888,0.6217192,0.5861481,0.9953093,0.610625,0.5934975,0.99937505,0.6289649,0.61596054,0.49880826,0.60118926,0.63586104,0.88697904,0.63162863,0.620981,0.8684976,0.60390335,0.6842564,0.9297162,0.63242733,0.623403,0.8663652,0.60249454,0.69675404,0.9193418,0.63044626,0.62080497,0.86399233,0.6067848,0.6969029,0.923874,0.63106006,0.61923236,0.85303223,0.60988265,0.69329077,0.9251889,0.70237863,0.55016625,0.9991196,0.70962757,0.54776776,0.99984825,0.74012756,0.5577419,0.5065083,0.7826298,0.5418245,0.98852074,0.8499356,0.5604586,0.82526934,0.9023049,0.57566285,0.99298155,0.85788774,0.57435113,0.85661405,0.91709614,0.589515,0.9852035,0.87828684,0.54741603,0.8599275,0.9569142,0.5346197,0.9887445
52900.jpg,0.75883484,0.22426051,0.99976164,0.77427095,0.205389,0.9995535,0.7752359,0.2046884,0.99955755,0.77623665,0.2035605,0.999574,0.7683084,0.19799384,0.99958616,0.7646731,0.19179147,0.9996068,0.7602985,0.18466333,0.9995472,0.7543641,0.17734942,0.99934167,0.72742575,0.15681511,0.99946505,0.7389518,0.23387465,0.9998646,0.7292149,0.22418875,0.9998679,0.6772424,0.24000913,0.9997336,0.5788139,0.18449122,0.9998598,0.6657473,0.4414859,0.8485461,0.6035383,0.43239373,0.9942007,0.7239428,0.6513586,0.94601965,0.6910764,0.70150846,0.99092406,0.7484281,0.6861146,0.9151001,0.72320235,0.7329874,0.9858409,0.75571156,0.6904317,0.9191627,0.7400172,0.72283643,0.98524076,0.7483461,0.6843958,0.9195339,0.73278093,0.70767665,0.97741574,0.44481647,0.54641885,0.9959416,0.37698632,0.52210844,0.9977331,0.29340392,0.7145673,0.4499099,0.2690984,0.7301478,0.947405,0.19658156,0.85599136,0.6960377,0.1784828,0.8944675,0.96559083,0.17349753,0.8653778,0.70803165,0.1530515,0.90724814,0.9001082,0.2293627,0.9422904,0.9162445,0.20796166,0.97838163,0.9494592
53423.jpg,0.3697582,0.90965986,0.99846184,0.35161912,0.91516584,0.99904996,0.35019287,0.9139095,0.99915814,0.34879437,0.9127244,0.9993223,0.35139644,0.91501665,0.9985488,0.35003594,0.91353726,0.99824774,0.3486495,0.91226286,0.9985083,0.33896685,0.89176846,0.9985102,0.3386394,0.8935478,0.9975138,0.37457424,0.89570355,0.9962375,0.37467605,0.89554846,0.9947179,0.3874079,0.83109915,0.99869233,0.3900951,0.8122982,0.9861837,0.43587768,0.9404799,0.9793387,0.4249516,0.90788996,0.12354933,0.40456796,0.9971448,0.94051886,0.3823863,0.9704669,0.19196093,0.39022607,1.0156692,0.91363066,0.36730248,0.99487215,0.21312754,0.37933815,1.0060632,0.907983,0.363285,0.9979341,0.22175674,0.3817237,0.9909514,0.87723666,0.37069255,0.97658813,0.22897497,0.55510527,0.65918136,0.9986517,0.55828667,0.65862095,0.9969459,0.7014471,0.64921623,0.9585494,0.69793296,0.6438592,0.4595205,0.83790755,0.5787972,0.955864,0.8255284,0.5800933,0.62945604,0.86891556,0.5562523,0.9440692,0.85499984,0.55407774,0.6917357,0.86641943,0.6475878,0.94317853,0.8598542,0.64609116,0.73600936
56515.jpg,0.07773748,0.31819323,0.99978346,0.075522035,0.28848267,0.99977404,0.08013636,0.2838444,0.9997819,0.0846968,0.27876198,0.99982774,0.068709135,0.29263794,0.9996877,0.068279326,0.29146177,0.9996861,0.06803116,0.28987908,0.9997918,0.11449811,0.262247,0.99960417,0.09738195,0.27304736,0.9995617,0.108155906,0.32790264,0.9996019,0.100461245,0.3335346,0.99929845,0.23528105,0.33143622,0.9991825,0.20188263,0.33444077,0.9938585,0.25443226,0.568912,0.9933537,0.22619832,0.5576587,0.4591941,0.2617498,0.79751825,0.98022115,0.2530654,0.7670953,0.28701764,0.23236123,0.83095324,0.959715,0.2241354,0.79001004,0.25313953,0.22397912,0.8278824,0.95680535,0.2242204,0.79949903,0.25651854,0.23888665,0.8198296,0.9383099,0.24252668,0.7908503,0.28702766,0.5001016,0.4487047,0.9939221,0.48130488,0.4573094,0.9800613,0.6990675,0.58873105,0.9367028,0.6953402,0.58499825,0.20050117,0.919293,0.7144747,0.9589396,0.9052093,0.6992805,0.5865347,0.9644555,0.71047443,0.9477416,0.9514415,0.6941304,0.5775187,0.91994214,0.8389108,0.93208736,0.904997,0.8126933,0.7477606
57495.jpg,0.21476436,0.58530545,0.99896944,0.20678166,0.572879,0.99922013,0.20771214,0.57099825,0.99929893,0.20845667,0.5691786,0.99941075,0.20621607,0.573014,0.9988682,0.20683596,0.5713147,0.99860483,0.20723426,0.56964433,0.9988549,0.22174835,0.5532136,0.99854505,0.21975571,0.55364174,0.99721104,0.231175,0.5855415,0.9971917,0.23071888,0.58555233,0.99680674,0.29569167,0.55781144,0.99893814,0.30547664,0.54898465,0.9922351,0.31599855,0.6938728,0.9853312,0.3165031,0.65800726,0.22420152,0.2150546,0.7091936,0.9830027,0.22850813,0.680923,0.30564764,0.18177828,0.7234602,0.9732213,0.20433035,0.6864834,0.29042557,0.1796163,0.71317536,0.97193784,0.1962494,0.6876076,0.29206598,0.18884733,0.70637894,0.9533327,0.20372903,0.6785833,0.2867739,0.4943287,0.57275814,0.99617094,0.4916854,0.56262505,0.9940849,0.63510364,0.61110353,0.8883819,0.6314805,0.6069652,0.22447872,0.78404856,0.66138136,0.9153871,0.76806176,0.6465213,0.47017214,0.81051815,0.6536824,0.93534386,0.79388034,0.63993615,0.6618136,0.7867271,0.7379086,0.87978995,0.77631104,0.7162231,0.6248835
58482.jpg,0.19849306,0.4433229,0.9906303,0.18910089,0.42450318,0.9913236,0.19046822,0.42220777,0.99015605,0.19190907,0.41960895,0.9920769,0.18838102,0.42502397,0.9901244,0.18915337,0.4232406,0.98940593,0.1898587,0.42124933,0.993453,0.21360356,0.4027803,0.98438346,0.21043828,0.40495104,0.9845803,0.22006854,0.44589755,0.9851901,0.2193869,0.44742957,0.98354626,0.3123731,0.432353,0.99677867,0.32298973,0.426711,0.993188,0.32786173,0.5632891,0.96989286,0.3369431,0.54807526,0.16541289,0.3247121,0.69682395,0.9004513,0.3384049,0.6693319,0.2073956,0.2908913,0.7039374,0.8594855,0.30424902,0.6742921,0.20330302,0.28149948,0.69581735,0.8513325,0.29890534,0.6785966,0.21148923,0.29588804,0.6953032,0.79742134,0.31480557,0.67869884,0.23652121,0.5706432,0.5073447,0.9751692,0.5645496,0.49696848,0.9595318,0.7615926,0.57091784,0.861302,0.7536879,0.5659355,0.14478992,0.9416779,0.62778074,0.925373,0.9166821,0.6129262,0.40596873,0.97932124,0.62465847,0.9497228,0.9537695,0.61116266,0.66215795,0.9165205,0.7063129,0.88635993,0.90179193,0.69235396,0.6061626
60970.jpg,0.8657767,0.06304733,0.99808276,0.868584,0.040325575,0.99521905,0.8682496,0.039661564,0.9945205,0.8663332,0.0400197,0.9965423,0.8687592,0.038543627,0.9968442,0.8684529,0.037431635,0.996664,0.8680552,0.0362444,0.99787676,0.8599858,0.030401379,0.99202555,0.8588632,0.02966626,0.99598676,0.8516341,0.06119025,0.99696034,0.8537599,0.06673567,0.99790525,0.77667034,0.06910239,0.98775953,0.8071233,0.066759735,0.99949086,0.77297354,0.16261268,0.105487496,0.82260257,0.16992995,0.97327244,0.80203503,0.2458497,0.19822325,0.83537924,0.2704175,0.953413,0.8181782,0.24787715,0.23244652,0.86175853,0.28076395,0.93950003,0.8219588,0.24796823,0.23961742,0.86502177,0.2749401,0.9302691,0.81510174,0.25190926,0.2534635,0.854579,0.27315393,0.8999441,0.6030383,0.1050071,0.9910314,0.6097667,0.12957416,0.9972173,0.4807709,0.09718789,0.52039087,0.50682163,0.22660436,0.9452812,0.34989393,0.068403825,0.9015232,0.4079721,0.30539757,0.98654604,0.34027627,0.056299303,0.94191515,0.3801654,0.30382216,0.98528755,0.29916865,0.07839483,0.8941618,0.41249418,0.36723423,0.969923
61038.jpg,0.8909761,0.58905894,0.9969074,0.8991545,0.56732666,0.9936534,0.89997256,0.5656675,0.99274653,0.90157574,0.56301504,0.9957749,0.89690435,0.5630743,0.99680954,0.8945935,0.5589936,0.99710923,0.89376706,0.55369496,0.9976814,0.8941307,0.54375637,0.9911877,0.8788234,0.53711385,0.9969894,0.8777302,0.5987206,0.99374384,0.8739479,0.5918032,0.99605775,0.7987602,0.5599946,0.99545395,0.77712053,0.55950254,0.999158,0.7287885,0.70223564,0.14522125,0.7168773,0.72785205,0.9836907,0.6874719,0.8399128,0.15949462,0.682744,0.89368904,0.9828546,0.69842136,0.8592745,0.1868457,0.6721026,0.9409786,0.9743764,0.70341015,0.8708459,0.1942506,0.6862216,0.9405,0.9692612,0.6953015,0.8656098,0.20945226,0.6843287,0.9300821,0.9320573,0.5331643,0.5682211,0.9628356,0.5228246,0.562232,0.96450937,0.3425174,0.5980338,0.15786035,0.33003995,0.6195257,0.86085206,0.16084477,0.5528816,0.4155887,0.14764392,0.56243354,0.92101514,0.1407974,0.5154212,0.5413325,0.13374293,0.52285767,0.88431084,0.106049955,0.6104335,0.57612145,0.084235966,0.62887806,0.86304903
62001.jpg,0.0351187,0.6682451,0.9986552,0.014943272,0.6643171,0.9986167,0.015618965,0.6621275,0.9986822,0.016456306,0.65964174,0.998976,0.015147269,0.6633761,0.99782,0.015802398,0.66063786,0.99773264,0.016481042,0.6576276,0.99858046,0.026446447,0.6329746,0.99831426,0.024436563,0.6320845,0.9974477,0.05376385,0.65584683,0.9980197,0.053334996,0.6548273,0.996816,0.10434049,0.58008313,0.99981505,0.113837704,0.52892005,0.99731594,0.2709123,0.6540365,0.9887033,0.2610964,0.5932117,0.28523275,0.41894084,0.7192376,0.96859497,0.38875824,0.66345435,0.32113945,0.41833133,0.758291,0.9484021,0.3863657,0.6906805,0.27370074,0.40945232,0.7587869,0.9403393,0.3874263,0.6964334,0.2798372,0.41093105,0.74017286,0.9173824,0.39309055,0.68718696,0.32293454,0.26576045,0.33030286,0.9976997,0.25770664,0.3068837,0.9958118,0.45513648,0.21200228,0.95949066,0.39235902,0.16850224,0.19172655,0.63923264,0.086223066,0.9744504,0.53291076,0.02084151,0.62655777,0.6541859,0.04829052,0.9571216,0.61436236,0.02729845,0.7224255,0.7333983,0.13822627,0.9534753,0.5911042,0.054844826,0.7537097
62448.jpg,0.11986692,0.421071,0.9999201,0.122345254,0.40261996,0.9998896,0.12502152,0.40132976,0.9998796,0.12804438,0.40001306,0.9998858,0.1191055,0.40259486,0.9998053,0.119497806,0.40123582,0.9997962,0.11999592,0.39979815,0.9998474,0.15051514,0.3963899,0.9998235,0.13958171,0.39576274,0.9996879,0.13791415,0.43344665,0.9998789,0.13330808,0.43394113,0.99985945,0.20978707,0.4695658,0.99996626,0.18718256,0.4523397,0.99993384,0.21448706,0.5988032,0.99047256,0.2122729,0.5775657,0.55684197,0.20879239,0.7363967,0.95872664,0.20454608,0.6993018,0.5687276,0.19112128,0.7583449,0.9265124,0.18735681,0.7165673,0.50907445,0.18364727,0.7541626,0.9228812,0.18555927,0.7221707,0.5094646,0.1926204,0.7481485,0.86575174,0.19441643,0.71861506,0.48996612,0.3657192,0.566155,0.9999783,0.35306892,0.5610974,0.9999237,0.48220637,0.61486214,0.97180635,0.43000484,0.60661215,0.43596488,0.5564242,0.6606436,0.9847788,0.5450491,0.68211204,0.8570127,0.5739438,0.6567241,0.94896984,0.56984127,0.687764,0.8692415,0.5559627,0.71611905,0.9832665,0.52980834,0.73601127,0.9313438
62864.jpg,0.106348604,0.5462806,0.9940088,0.13510928,0.5393901,0.9947549,0.13869938,0.5301119,0.9954586,0.14210746,0.52082294,0.99582076,0.12627658,0.5608417,0.99436957,0.12407979,0.56678385,0.9923557,0.121938795,0.5730499,0.99093914,0.12490657,0.4728074,0.99261624,0.08874437,0.55908126,0.9802831,0.08542767,0.51765317,0.99245316,0.076265484,0.53976333,0.9872478,0.07095775,0.33520204,0.9656187,-0.04760599,0.61215895,0.893365,0.34505573,0.32712805,0.78739625,0.17263511,0.72725815,0.6632516,0.6556343,0.30361718,0.96706533,0.42089972,0.8595699,0.94005877,0.70826924,0.25707573,0.96775246,0.45924023,0.8714128,0.9306276,0.6981088,0.294513,0.9694025,0.47805223,0.83191013,0.93373394,0.6733202,0.31231716,0.96520233,0.46667024,0.8202974,0.9159513,-0.35683703,0.25338125,0.58402807,-0.42807925,0.4034888,0.49481252,-0.008164138,0.38218904,0.122989975,-0.037867308,0.54896885,0.13888043,0.25924334,0.5397793,0.5050748,0.15580776,0.6767605,0.26449203,0.27403888,0.5597382,0.49110627,0.17672572,0.6835288,0.32818252,0.4074857,0.59316087,0.59655166,0.26525763,0.6918069,0.5664083
63685.jpg,0.14094734,0.8374188,0.99902153,0.12474778,0.844421,0.9989409,0.12136652,0.8408906,0.9992093,0.11899811,0.83891284,0.99894994,0.13029523,0.8524655,0.9988306,0.1307953,0.85387397,0.9990676,0.13123822,0.85535043,0.9987771,0.11158691,0.81477684,0.9990515,0.11531699,0.82681215,0.9991124,0.13579643,0.80216026,0.9979274,0.14396232,0.8098797,0.998073,0.17862014,0.68454885,0.9977483,0.17565773,0.7057258,0.99499184,0.25768316,0.9637835,0.9694919,0.2314426,0.94669497,0.8441107,0.30840054,1.2445581,0.97208416,0.25313163,1.1688987,0.9393805,0.30007768,1.3065094,0.95840865,0.22428313,1.2168045,0.935307,0.27554774,1.3234361,0.9508556,0.24649563,1.2467676,0.93631655,0.2815103,1.3025111,0.9443264,0.26791155,1.2307204,0.9290039,0.3156402,0.14469822,0.9872363,0.25579473,0.1495031,0.98940545,0.4775399,0.14780347,0.91507006,0.45197672,0.14260311,0.59948605,0.61586237,-0.059339117,0.8346965,0.59759027,-0.03220611,0.56271505,0.6707708,-0.18582433,0.7878093,0.5969971,-0.0038735867,0.7167451,0.7161888,-0.18559296,0.80842537,0.63753873,-0.095298514,0.6075026
6385.jpg,0.89482784,0.3802939,0.9940659,0.90122145,0.35485047,0.98923665,0.9009321,0.35224116,0.98974574,0.90055406,0.3495177,0.99356467,0.8980136,0.35297543,0.9922007,0.89557314,0.34955084,0.9933867,0.89282405,0.3460104,0.9939912,0.8750527,0.3288734,0.9859255,0.8674581,0.32702798,0.9918662,0.87664807,0.38805524,0.99161595,0.8724874,0.38368258,0.99160343,0.76858854,0.40767872,0.9952297,0.75974816,0.3660462,0.9977871,0.76603633,0.61228627,0.48878908,0.7682312,0.5949739,0.9300743,0.7703063,0.8187124,0.41844973,0.7766402,0.803719,0.91532844,0.7945103,0.8469396,0.35791853,0.8016183,0.84907925,0.9028263,0.802895,0.85640717,0.38409618,0.81388557,0.85608315,0.8854398,0.7886124,0.8497513,0.38570812,0.797853,0.84138143,0.7838674,0.55052316,0.520663,0.96009696,0.54434323,0.48655725,0.961994,0.33451146,0.6107269,0.10419124,0.34836453,0.60609174,0.76682687,0.14602026,0.7031548,0.27656907,0.13826722,0.70592153,0.85522294,0.103744954,0.69748425,0.36837792,0.092718184,0.69373953,0.8014421,0.14448822,0.8283283,0.42006627,0.13384235,0.8436226,0.7821427
64220.jpg,0.20897809,0.23898496,0.99958605,0.21044162,0.21566254,0.99957186,0.21228597,0.21366063,0.99954814,0.2141172,0.21154338,0.99959797,0.2100204,0.21594736,0.99946874,0.2116437,0.21408466,0.99950707,0.21322712,0.21199405,0.9996705,0.24169382,0.20566612,0.9993759,0.24019565,0.20553741,0.9993777,0.22677669,0.25007418,0.9996197,0.22643453,0.25176632,0.9995105,0.31220174,0.2912234,0.9998658,0.32842636,0.28822404,0.99952245,0.2877608,0.4563139,0.9850241,0.30290043,0.4543695,0.17147349,0.24161063,0.6302743,0.9495678,0.2657385,0.600849,0.16876748,0.20592862,0.6486545,0.9209003,0.24477637,0.6096949,0.16905063,0.19694173,0.6336518,0.91540384,0.2357232,0.61390865,0.17084134,0.21684831,0.6333732,0.8726911,0.24773832,0.6178522,0.1825677,0.5005843,0.48323497,0.99456173,0.5079826,0.46861947,0.9913089,0.6498962,0.6701733,0.8261739,0.6480241,0.66316736,0.1075362,0.80390894,0.8188194,0.9163384,0.7913883,0.80809724,0.34995443,0.8455081,0.8246653,0.9134368,0.8366507,0.818336,0.56181884,0.77520394,0.92146194,0.90568113,0.76906383,0.9018072,0.614132
64453.jpg,0.11986692,0.421071,0.9999201,0.122345254,0.40261996,0.9998896,0.12502152,0.40132976,0.9998796,0.12804438,0.40001306,0.9998858,0.1191055,0.40259486,0.9998053,0.119497806,0.40123582,0.9997962,0.11999592,0.39979815,0.9998474,0.15051514,0.3963899,0.9998235,0.13958171,0.39576274,0.9996879,0.13791415,0.43344665,0.9998789,0.13330808,0.43394113,0.99985945,0.20978707,0.4695658,0.99996626,0.18718256,0.4523397,0.99993384,0.21448706,0.5988032,0.99047256,0.2122729,0.5775657,0.55684197,0.20879239,0.7363967,0.95872664,0.20454608,0.6993018,0.5687276,0.19112128,0.7583449,0.9265124,0.18735681,0.7165673,0.50907445,0.18364727,0.7541626,0.9228812,0.18555927,0.7221707,0.5094646,0.1926204,0.7481485,0.86575174,0.19441643,0.71861506,0.48996612,0.3657192,0.566155,0.9999783,0.35306892,0.5610974,0.9999237,0.48220637,0.61486214,0.97180635,0.43000484,0.60661215,0.43596488,0.5564242,0.6606436,0.9847788,0.5450491,0.68211204,0.8570127,0.5739438,0.6567241,0.94896984,0.56984127,0.687764,0.8692415,0.5559627,0.71611905,0.9832665,0.52980834,0.73601127,0.9313438
65747.jpg,0.32600117,0.45771956,0.9989943,0.3136717,0.45011073,0.99938226,0.31344694,0.448736,0.9990251,0.31334192,0.44753528,0.9992512,0.31226414,0.44850615,0.9990368,0.3109457,0.44594288,0.99851745,0.30959404,0.44321132,0.9988657,0.31566113,0.42384574,0.9983076,0.3101979,0.41956982,0.99854434,0.33663422,0.45055842,0.9975096,0.33498597,0.4496963,0.9978154,0.37115946,0.42192647,0.9995328,0.35427803,0.33261853,0.9996593,0.4135863,0.4863462,0.9233357,0.4253325,0.32187918,0.24234132,0.34510863,0.54495674,0.88410264,0.43632728,0.3332884,0.13417096,0.32912576,0.5642616,0.85848814,0.4369172,0.33147413,0.15705776,0.31403273,0.55149204,0.86704135,0.43052545,0.3334116,0.14983608,0.32079816,0.5423797,0.80190253,0.4313292,0.3374905,0.15418753,0.5688116,0.38959518,0.9998074,0.54595965,0.33956313,0.999681,0.7055369,0.33251944,0.6554953,0.6841781,0.30144972,0.2689453,0.83031774,0.28812677,0.88564086,0.79766357,0.25610745,0.5164558,0.8498697,0.26481658,0.9499222,0.8163214,0.24403274,0.61488664,0.8783525,0.28779966,0.8778242,0.83921707,0.2833187,0.51726025
6598.jpg,0.48820582,0.66779894,0.9998319,0.4706915,0.68124187,0.99989545,0.4677944,0.6803318,0.9998864,0.46483678,0.67924273,0.9998845,0.4708698,0.68166065,0.9999187,0.4683991,0.6812719,0.99990857,0.46588272,0.6808586,0.99990165,0.4450246,0.66372657,0.9998319,0.44817528,0.6662762,0.9998338,0.4852585,0.6474714,0.9995819,0.4866415,0.64771533,0.99950874,0.42749327,0.60030353,0.9975695,0.43920082,0.5826036,0.99608684,0.33788967,0.7300505,0.98656297,0.34749883,0.7011421,0.33784038,0.23720479,0.85790074,0.9727376,0.27619815,0.77392626,0.57125896,0.19881302,0.87619674,0.9543013,0.24971294,0.7778568,0.66184205,0.19428986,0.8727174,0.9476525,0.24736866,0.7802084,0.6725555,0.20767474,0.8661325,0.93931824,0.25407723,0.7840336,0.65593684,0.61631197,0.28354222,0.9967422,0.60173136,0.27775282,0.9961604,0.7119804,0.52290905,0.9616709,0.6955482,0.5052092,0.1766814,0.8290314,0.75414884,0.9651571,0.81077266,0.72561574,0.34995097,0.87193066,0.77210975,0.9632524,0.8421997,0.7446616,0.3678671,0.7714093,0.82386994,0.96051466,0.7443862,0.7906079,0.47415528
66068.jpg,0.35984388,0.90560895,0.9988399,0.3452373,0.89964396,0.99908984,0.3446157,0.89711004,0.99913776,0.34404325,0.894459,0.99917644,0.34511182,0.9014306,0.99898356,0.34446794,0.90016115,0.9988759,0.34372348,0.8987473,0.99901235,0.34665155,0.8697762,0.99863905,0.3451321,0.87597173,0.99837625,0.37078598,0.8933214,0.99805117,0.3707105,0.895571,0.9979842,0.4126312,0.83148384,0.99831116,0.4082787,0.82894707,0.99527454,0.45619202,0.92739654,0.9502409,0.4523728,0.9073737,0.14356722,0.45620084,0.95218325,0.835179,0.4611154,0.9607266,0.19602224,0.44805813,0.9649466,0.79144275,0.4503577,0.97319484,0.22006492,0.43863612,0.95703894,0.7841952,0.44878295,0.9715784,0.23675922,0.44240645,0.9523759,0.7232733,0.45851815,0.9674323,0.25592718,0.5815809,0.74076855,0.99713707,0.57659733,0.74638134,0.9956512,0.7151727,0.7107576,0.95543987,0.7122812,0.71528274,0.47931972,0.84803283,0.6922497,0.9805424,0.83395123,0.6964329,0.8029679,0.8738109,0.67820376,0.98084325,0.8570307,0.6820903,0.8355187,0.8534131,0.76157075,0.97303176,0.8459854,0.76189107,0.88185066
66693.jpg,0.10950172,0.28138506,0.9993649,0.10679558,0.25901765,0.99886715,0.11512533,0.25225842,0.99875605,0.12337169,0.24552569,0.9990221,0.08597255,0.2785007,0.9989888,0.07962918,0.2863055,0.99887496,0.073381186,0.29430282,0.99902093,0.14425313,0.24448362,0.998395,0.0731321,0.3244452,0.9979673,0.14133683,0.28830713,0.9992899,0.11545271,0.31135863,0.9992224,0.26476893,0.25538054,0.99988544,0.15833834,0.5022631,0.99911827,0.41714007,0.1748136,0.99418676,0.13886717,0.71829927,0.99088424,0.50012565,0.3242268,0.9823538,0.13596866,0.9435729,0.952491,0.5179173,0.367354,0.94291186,0.1195454,0.9874215,0.8941873,0.5030393,0.373021,0.9451203,0.12076059,0.99987066,0.9106343,0.49576348,0.36388916,0.9423458,0.13476351,0.9775492,0.9234592,0.5493008,0.48960525,0.9926846,0.4682464,0.61402667,0.98997796,0.7637784,0.7028119,0.83486515,0.71032214,0.75800496,0.7485181,0.9562349,0.8806502,0.7096041,0.93452644,0.89646876,0.5850155,0.97029924,0.9101145,0.46621543,0.9550039,0.9149301,0.24303348,1.0281963,0.91786087,0.6226014,0.99365246,0.935009,0.4953761
67157.jpg,0.58576745,0.26627854,0.9969043,0.58786297,0.25092638,0.99396163,0.58715475,0.2500681,0.99397236,0.58638227,0.24897493,0.99567693,0.5867152,0.24962096,0.996838,0.5852307,0.24792534,0.99722785,0.5836476,0.24618861,0.99779296,0.56852233,0.24360308,0.9901591,0.5667732,0.24277334,0.9972493,0.5730852,0.2760358,0.9957904,0.57107776,0.27453312,0.997182,0.48150352,0.2976627,0.993687,0.49896362,0.29990664,0.99971026,0.50787616,0.40956995,0.21562646,0.52223945,0.41200328,0.9898409,0.5448972,0.5026904,0.25975272,0.56315225,0.5163133,0.9752076,0.5651418,0.5024579,0.2582408,0.59291124,0.52538055,0.9598511,0.569606,0.5024216,0.27136227,0.59376633,0.51720023,0.9504399,0.5599098,0.5050898,0.27988985,0.5818118,0.51534516,0.90940756,0.328125,0.42163768,0.98609537,0.33307353,0.42812368,0.992006,0.21440555,0.5224747,0.23789117,0.20502323,0.52677405,0.95939374,0.089583725,0.6065495,0.57985574,0.07850391,0.62499,0.9806364,0.058639705,0.60552603,0.73789287,0.04693085,0.6269705,0.9744125,0.102305725,0.6663976,0.7653064,0.07859178,0.69025564,0.96716356
67314.jpg,-0.018237025,0.1816417,0.99590236,-0.023945302,0.15649687,0.9966522,-0.01933083,0.15221374,0.99676585,-0.014135957,0.14746703,0.9974813,-0.028949946,0.16143407,0.9941355,-0.02766177,0.16013715,0.9937947,-0.026026726,0.15868407,0.9957848,0.009000868,0.13987638,0.99361306,-0.0008968413,0.14911044,0.98845005,0.0075912178,0.18309961,0.991165,0.001548022,0.18920846,0.98811495,0.10541654,0.19259563,0.9975908,0.09990674,0.19380859,0.98073626,0.11206752,0.39128512,0.9915074,0.09285176,0.37929428,0.39125276,0.10993689,0.59468013,0.96764404,0.100821555,0.5656717,0.2686371,0.09787646,0.6381766,0.93396485,0.08843374,0.6053941,0.23193042,0.09030089,0.6413405,0.92830217,0.08744234,0.6185218,0.24084738,0.09795073,0.6277379,0.89208925,0.097865045,0.60674,0.26858366,0.38167223,0.22912034,0.9858366,0.36502844,0.24030824,0.9753422,0.5821506,0.31392005,0.96694994,0.56686944,0.32266006,0.31734517,0.77767646,0.39779478,0.95722854,0.7516612,0.38713104,0.69811755,0.81950176,0.38727015,0.9451052,0.7952558,0.3743238,0.69999725,0.78256893,0.49800944,0.93803334,0.75942516,0.48672646,0.8135801
67936.jpg,0.44972387,0.21195829,0.999678,0.47007644,0.1869601,0.9997844,0.4743228,0.18805474,0.9997402,0.47893393,0.18925613,0.9997414,0.46830097,0.18491274,0.9997532,0.4710743,0.18450451,0.99976236,0.47445875,0.18429542,0.99982303,0.51008874,0.20723104,0.9997191,0.5087666,0.20388693,0.99974674,0.45631105,0.24387228,0.99914134,0.4526197,0.2437438,0.99898785,0.51614326,0.4038836,0.998565,0.5408824,0.40209475,0.99654144,0.72302294,0.39366925,0.9641278,0.55801517,0.43131828,0.17665926,0.6501421,0.437315,0.8900421,0.5280749,0.40550268,0.29182756,0.6761268,0.50939065,0.8394685,0.5272855,0.40986687,0.26771757,0.6520709,0.49144822,0.8273128,0.52665406,0.4035319,0.2791817,0.64537156,0.48283195,0.79178715,0.52338237,0.40895417,0.28360304,0.5908423,0.856203,0.99990606,0.5831091,0.83423686,0.99995816,0.48091248,0.95014036,0.96682984,0.48835745,0.82237095,0.6623531,0.5863668,0.94844604,0.205269,0.67631483,0.86900914,0.1615636,0.6063061,0.9151139,0.22523342,0.6490936,0.88290054,0.18741508,0.6555857,0.9019732,0.25151992,0.7438356,0.86936814,0.18072109
68222.jpg,0.19075432,0.18344587,0.9997819,0.1889545,0.16658854,0.9997484,0.19070601,0.16490875,0.99977034,0.19251788,0.1629472,0.9997873,0.18848565,0.16667214,0.99960464,0.18972471,0.16527516,0.99960893,0.191109,0.16352072,0.9997614,0.21019971,0.15642053,0.9996325,0.21011913,0.15561157,0.99961567,0.20505807,0.1912942,0.9994886,0.20492211,0.19179322,0.99944645,0.2739415,0.20506763,0.9997855,0.30158663,0.18459825,0.9993717,0.2917412,0.3325636,0.98956317,0.32243046,0.2926739,0.37446046,0.2991565,0.42532015,0.95045745,0.3243646,0.39060792,0.49108282,0.27518928,0.445364,0.9207755,0.31121135,0.39999682,0.4471873,0.27096695,0.43815368,0.9118439,0.30715686,0.40352863,0.46710896,0.283688,0.42963183,0.88410115,0.3124193,0.40179002,0.5026973,0.48055786,0.20878777,0.9986914,0.48637563,0.18799092,0.998906,0.6264374,0.2879117,0.97920483,0.6311202,0.1515471,0.67259604,0.76893187,0.35308376,0.9967595,0.76289845,0.08573936,0.94726217,0.7980895,0.34577584,0.9942977,0.77674276,0.07089166,0.95983374,0.7731221,0.4229393,0.9944788,0.83120996,0.09818357,0.95918214
68677.jpg,0.9341898,0.60957706,0.99880064,0.9501121,0.5989682,0.9979693,0.94887346,0.5989383,0.9978853,0.9475581,0.59797263,0.99855226,0.950771,0.59424824,0.9986951,0.94957626,0.5917039,0.99901783,0.9479274,0.589184,0.9992322,0.93045986,0.58149743,0.9971813,0.92939216,0.5752035,0.9990195,0.9147136,0.606943,0.9983417,0.91408205,0.6034859,0.9988986,0.8232256,0.57243514,0.99217284,0.8254628,0.59209573,0.9994779,0.81599,0.7405924,0.19227132,0.81823295,0.7719133,0.9735745,0.8133869,0.8806705,0.18664089,0.81452835,0.9459545,0.9578488,0.8404484,0.8759056,0.1953977,0.82339627,0.9836416,0.9454096,0.8457033,0.883695,0.20417418,0.8350588,0.98742896,0.93490803,0.82530475,0.8974362,0.21157987,0.8298275,0.97104794,0.8854944,0.59424895,0.6047942,0.99318236,0.5914964,0.5999345,0.99634403,0.41802856,0.6520638,0.22983402,0.40388015,0.64813584,0.9611909,0.24560809,0.6935011,0.5905593,0.2260746,0.704243,0.98099786,0.2141375,0.68117106,0.73749655,0.19223392,0.68841976,0.9721957,0.22957686,0.7750109,0.78889793,0.20833704,0.7914562,0.96680975
70602.jpg,0.37016174,0.40768602,0.9999732,0.36629096,0.39200667,0.99996626,0.3657667,0.39175674,0.9999542,0.36530036,0.39152807,0.9999616,0.36311704,0.39142454,0.9999604,0.36018163,0.3906999,0.9999478,0.3569743,0.39002347,0.99996316,0.35185373,0.392338,0.9999089,0.33880252,0.39162868,0.9999671,0.3627435,0.41971993,0.9999788,0.35852227,0.41942728,0.99998045,0.30811524,0.4710799,0.9998616,0.299446,0.47301307,0.9999944,0.36185193,0.57953244,0.2542317,0.36661172,0.5895691,0.9608749,0.4407118,0.6752379,0.4015348,0.44772214,0.6837002,0.9726987,0.4577344,0.67082894,0.39293644,0.4589206,0.6843276,0.9611061,0.46234912,0.67073977,0.3963989,0.47070754,0.67918944,0.9565782,0.45395637,0.66793144,0.40416345,0.46510184,0.6794443,0.92628485,0.27185407,0.6441139,0.995423,0.25896055,0.6572475,0.9994229,0.37756762,0.5975679,0.5892635,0.27274638,0.7727424,0.9819817,0.43364972,0.69067323,0.6261971,0.2481907,0.9061762,0.95087415,0.4328711,0.71224153,0.63820803,0.23081577,0.92518485,0.86894876,0.4953008,0.7151233,0.68004227,0.3051371,0.94098294,0.9071072
70942.jpg,0.94600195,0.31398687,0.9993395,0.94401777,0.3020646,0.99930835,0.94270825,0.30100405,0.9993432,0.94132876,0.29983383,0.9993855,0.943424,0.30199218,0.9994266,0.94174653,0.30090386,0.9995813,0.9400389,0.2997101,0.9995846,0.92527485,0.2962953,0.9991779,0.925966,0.29730344,0.99979,0.9361031,0.3213212,0.9994081,0.9348372,0.3212332,0.99945694,0.87790674,0.3482141,0.9983986,0.8914998,0.35102054,0.99969435,0.9265988,0.41630593,0.29144287,0.9485518,0.4320085,0.9791404,0.97800845,0.3871684,0.25239483,0.98912966,0.38817412,0.9596661,0.99521077,0.37528658,0.18460587,1.0042013,0.37545002,0.927507,0.990929,0.36912566,0.18905787,0.9978756,0.3681677,0.9160866,0.98150325,0.37337238,0.20958124,0.98922014,0.37122574,0.89052385,0.77916956,0.45890394,0.9980252,0.78585947,0.4603311,0.9978536,0.7149923,0.5575154,0.1984542,0.71525913,0.5591859,0.8993204,0.6453965,0.6375234,0.43678424,0.6438648,0.64703256,0.95630825,0.6222241,0.64881897,0.62324846,0.6208058,0.65876245,0.95389587,0.67645675,0.6775407,0.66556096,0.6775832,0.6878267,0.9434154
73638.jpg,0.85796374,0.7461276,0.9771514,0.8684127,0.74087983,0.9471258,0.86844087,0.7395141,0.9481664,0.8685611,0.73770905,0.96513754,0.8685081,0.7381781,0.97405255,0.86835885,0.7351061,0.9787562,0.8682443,0.7316635,0.9806773,0.86284757,0.7155065,0.9388914,0.861164,0.7082311,0.97749054,0.8476833,0.74016005,0.96015334,0.84641325,0.73603594,0.97010887,0.7932024,0.70595986,0.98564523,0.80555224,0.69480217,0.99695134,0.7712997,0.811514,0.13901818,0.780308,0.81876284,0.9746344,0.7592064,0.9293676,0.20201758,0.7624191,0.95099103,0.95766413,0.78068143,0.9377252,0.20909129,0.7624072,0.97459257,0.94392717,0.780803,0.94620836,0.22037646,0.7704598,0.982239,0.93634206,0.7703974,0.94215274,0.2276094,0.767164,0.97036093,0.88192475,0.6362664,0.6996933,0.9383813,0.64530736,0.6844211,0.9320396,0.51608604,0.63748705,0.19916417,0.5084207,0.6244018,0.8691322,0.39022577,0.57218385,0.38749027,0.37990144,0.55669147,0.9372121,0.37255248,0.5530683,0.577306,0.36132863,0.53839326,0.95268667,0.36798048,0.61125314,0.541296,0.33238238,0.5887637,0.91542625
74434.jpg,0.46277097,0.054595143,0.9995652,0.46335953,0.03574942,0.999481,0.46402875,0.034042865,0.99954873,0.46460387,0.032473788,0.99963665,0.46581945,0.035578772,0.9994468,0.4682135,0.034257695,0.99951184,0.47084987,0.032783255,0.99970585,0.46069232,0.021641135,0.9995289,0.48215052,0.026296616,0.9997907,0.4594894,0.05003506,0.99914944,0.470994,0.06349264,0.99910516,0.45003846,0.10151574,0.99997675,0.55912614,0.08720486,0.99968565,0.35475123,0.2784066,0.99887425,0.45746115,0.2340409,0.103518866,0.23139587,0.41787,0.99633515,0.36507767,0.3378715,0.12839997,0.19612852,0.40644246,0.99352974,0.34291187,0.33192927,0.14423512,0.19843435,0.3953625,0.99302906,0.3388108,0.33272612,0.14310819,0.21421307,0.4021756,0.9880177,0.34457493,0.33980232,0.13674562,0.568947,0.34530365,0.999539,0.6296567,0.32345942,0.9985739,0.62460935,0.5623485,0.8976391,0.68439853,0.55141795,0.21088357,0.7178408,0.78353643,0.7527106,0.7444558,0.7675868,0.2388212,0.75406605,0.81468225,0.90779775,0.7712419,0.80277014,0.46933424,0.6754991,0.82182086,0.71323884,0.70679224,0.81721365,0.29377076
75957.jpg,0.32208902,0.37068242,0.999589,0.31862575,0.3601597,0.9995741,0.31711376,0.36153644,0.99955255,0.31534147,0.362976,0.99966943,0.32398692,0.3557233,0.9992729,0.32635882,0.354164,0.9987295,0.32853225,0.35286716,0.9989704,0.32172576,0.36639637,0.9996822,0.33839387,0.35509837,0.9981554,0.32496667,0.38454133,0.99957937,0.33111912,0.3796568,0.99946326,0.3971832,0.45172,0.99995637,0.367315,0.4318396,0.999393,0.43601274,0.6382466,0.97691524,0.39843744,0.5767504,0.30200884,0.4575333,0.7825598,0.9844604,0.38100404,0.6953176,0.64423835,0.47194582,0.815661,0.96672094,0.37206933,0.7180363,0.5493099,0.45674258,0.8188718,0.966599,0.37137294,0.7225841,0.5807503,0.45246384,0.80643207,0.9436394,0.37876216,0.71656543,0.5710737,0.47934797,0.6195336,0.9998838,0.46213943,0.60509604,0.9997223,0.5821675,0.67777777,0.9397836,0.49579462,0.6722008,0.6349411,0.6478052,0.6730492,0.9163805,0.57740575,0.71023446,0.71791035,0.6317715,0.6484353,0.83768505,0.6023513,0.7154098,0.6253195,0.650529,0.7021457,0.87728894,0.53966767,0.7528628,0.71262205
76210.jpg,0.6252294,0.25538224,0.99969697,0.6229406,0.23720258,0.9994191,0.6235155,0.23771963,0.9991665,0.624192,0.23829456,0.9993581,0.6167672,0.23441216,0.9996172,0.6118621,0.23266022,0.99958795,0.6069336,0.23092106,0.9996809,0.60159755,0.24136965,0.9983701,0.5791593,0.23257108,0.9995541,0.6154134,0.2734843,0.9995435,0.6056172,0.2695682,0.9997764,0.58071977,0.3309331,0.99934894,0.5013466,0.3148045,0.9998956,0.58982193,0.4568886,0.35384932,0.45359612,0.4547966,0.9561439,0.6188569,0.5606677,0.5895203,0.47605073,0.5785707,0.901035,0.6291088,0.5877989,0.5115602,0.46472812,0.6181195,0.84448296,0.62519044,0.5852209,0.53908515,0.48536998,0.6153533,0.8352452,0.6169767,0.5785086,0.52640575,0.4879381,0.6048988,0.77415454,0.5047752,0.53490365,0.99833435,0.45644137,0.5309829,0.9986613,0.48326918,0.6362041,0.17338413,0.39398557,0.6433634,0.8121661,0.44585398,0.73338974,0.40175655,0.32461327,0.75242007,0.7896349,0.4270786,0.75093305,0.5556439,0.30257642,0.7705307,0.62667465,0.49921915,0.7781575,0.64560395,0.3494953,0.79867005,0.7700477
76643.jpg,0.37390164,0.18938133,0.99149305,0.36312813,0.17403732,0.99247783,0.36390707,0.17088659,0.9911487,0.3648039,0.16736364,0.99090904,0.36217558,0.17635977,0.9899081,0.36226916,0.17493463,0.9885965,0.3623323,0.17317502,0.9927008,0.38040966,0.14378867,0.9878034,0.3770056,0.14988053,0.9916509,0.388262,0.18682179,0.98927563,0.3869627,0.18989643,0.99006456,0.45928648,0.13802826,0.99684095,0.45099473,0.19870721,0.9980369,0.44114286,0.2613565,0.9431942,0.42776042,0.33784392,0.6437381,0.42978773,0.29707903,0.6519434,0.40658128,0.47287786,0.42754796,0.42255062,0.31116766,0.5831458,0.38607344,0.49645698,0.37901324,0.42148918,0.30719307,0.5787608,0.3820591,0.5015237,0.403023,0.4265015,0.2990747,0.5302822,0.3926684,0.49361995,0.43801484,0.62938225,0.27020323,0.984669,0.619754,0.28452975,0.98205316,0.74002355,0.40315104,0.73178744,0.7337677,0.39905035,0.16978934,0.8906846,0.47597677,0.7927716,0.8613143,0.46339005,0.3120304,0.9134867,0.4711489,0.8197988,0.89943063,0.48096913,0.42380518,0.91295016,0.5400679,0.7398684,0.88704437,0.53235567,0.39308637
77202.jpg,0.42548364,0.24722639,0.99988127,0.40791875,0.24542454,0.9999516,0.40650564,0.24368551,0.9999429,0.40517285,0.24157506,0.9999529,0.4083655,0.24524173,0.9999058,0.40743795,0.24348447,0.9998865,0.40646523,0.24153972,0.99991393,0.40297166,0.21876699,0.99992585,0.40481517,0.22109258,0.9998503,0.43446267,0.23726279,0.99980456,0.43416435,0.2373338,0.9997427,0.44719803,0.18999639,0.99915147,0.46992052,0.17615755,0.9973017,0.46095726,0.33530122,0.9726805,0.46799982,0.32117462,0.2066779,0.46537572,0.46428508,0.9539692,0.474227,0.42131472,0.1583488,0.45648214,0.4957695,0.93288904,0.46770856,0.43494293,0.16714342,0.44688272,0.4946201,0.9221163,0.44360974,0.4450279,0.17339043,0.45330763,0.4835985,0.8989594,0.46755916,0.44120768,0.21239047,0.6048067,0.05802315,0.9989636,0.62656724,0.08556847,0.9988838,0.61588067,-0.043661408,0.9197452,0.6947384,0.17785984,0.7726605,0.6714059,-0.04664474,0.57069474,0.8245622,0.24301818,0.68934965,0.67969596,-0.043726645,0.548067,0.85639936,0.24114096,0.8547858,0.67335355,-0.04192654,0.4258123,0.80675936,0.31118375,0.68186396
77517.jpg,0.8150708,0.5506961,0.9991285,0.8294065,0.5388999,0.9981263,0.82942253,0.53734064,0.9979869,0.8294581,0.53574365,0.99852353,0.828745,0.53702253,0.9988869,0.8282565,0.5341797,0.9990387,0.827616,0.5307869,0.9991899,0.81833297,0.5124036,0.99576277,0.81582963,0.5062839,0.99910647,0.79703045,0.54750955,0.998439,0.79664075,0.54322034,0.9990006,0.7137182,0.50394887,0.99824846,0.7261785,0.5217782,0.9999099,0.6977365,0.6270706,0.21225479,0.70627093,0.6565802,0.9953885,0.6878075,0.75877833,0.30945528,0.69339466,0.78960985,0.98898625,0.71376157,0.76655096,0.32533732,0.7200602,0.8037015,0.98115635,0.72015816,0.7698537,0.34007722,0.7284811,0.7976232,0.9772192,0.70776796,0.76987076,0.34855598,0.71736676,0.7942445,0.95483255,0.49150285,0.5713553,0.99125916,0.4931511,0.5873668,0.99381953,0.32138819,0.6532898,0.2426965,0.31555232,0.6599608,0.9752828,0.15060592,0.69595253,0.627724,0.1310828,0.69381577,0.9901196,0.11934325,0.6882343,0.76888716,0.095377356,0.68620825,0.9837572,0.14631638,0.76273954,0.8194559,0.12250355,0.76803696,0.98313093
78243.jpg,0.2965956,0.19994676,0.99437344,0.29802063,0.17757025,0.9943136,0.30060267,0.17600463,0.99385,0.3033404,0.17419556,0.99450713,0.29738158,0.17763993,0.9937763,0.29946518,0.17620689,0.9945016,0.30170956,0.17444178,0.9966865,0.32999957,0.16947836,0.99172944,0.32789335,0.16685984,0.9937401,0.31575826,0.21351013,0.99401397,0.315131,0.21344347,0.9940204,0.41345733,0.26123726,0.99926645,0.42892677,0.24464385,0.9985292,0.38303527,0.40884763,0.97569215,0.39813197,0.3924341,0.18213955,0.33789834,0.5376427,0.88288677,0.35241213,0.51228154,0.13991325,0.30015787,0.5473847,0.84436107,0.32006273,0.510469,0.15232798,0.29706514,0.5325069,0.8362851,0.31423584,0.51010835,0.16033341,0.3109338,0.53271073,0.7667876,0.32706627,0.5164089,0.17433695,0.63539976,0.4159629,0.98842657,0.6381033,0.39799938,0.984074,0.7824802,0.5830837,0.9086839,0.7820177,0.56502044,0.11108957,0.9292056,0.74371135,0.96453595,0.91960686,0.73399746,0.48465514,0.9736246,0.75334823,0.9660313,0.9593308,0.7489854,0.6528432,0.9097798,0.8269772,0.95562315,0.889833,0.8104501,0.72538507
79381.jpg,0.05603105,0.32255307,0.9998604,0.058442682,0.28986216,0.99980813,0.061641663,0.28683978,0.99984086,0.06510651,0.28371906,0.99985707,0.055430323,0.29133272,0.9997316,0.056634516,0.2893667,0.99977547,0.05821994,0.28727376,0.99985576,0.095808834,0.2751621,0.9998456,0.0891082,0.2771702,0.9997738,0.0787653,0.33996862,0.99983776,0.07476437,0.3409623,0.99973184,0.22566146,0.36849493,0.9998796,0.20613018,0.36300623,0.9988188,0.23418292,0.6518747,0.99498546,0.23256016,0.62772834,0.36415932,0.2410512,0.903906,0.993985,0.23517415,0.8573787,0.41060024,0.20847777,0.9314915,0.99064153,0.20146435,0.89483887,0.40553898,0.19898283,0.9264934,0.9892564,0.19900414,0.9066806,0.4042797,0.21421283,0.9206622,0.97904676,0.21602738,0.89900357,0.39589992,0.5144491,0.54851174,0.99810576,0.50835294,0.5266872,0.99198157,0.7373839,0.6793618,0.89702845,0.72966135,0.6596141,0.3158445,0.9320594,0.80763024,0.95827246,0.9177182,0.7878601,0.61988944,0.9804478,0.79811823,0.9367712,0.9556818,0.78599125,0.7168258,0.9018285,0.9433892,0.93450963,0.8939442,0.9195882,0.7960941
82026.jpg,0.14924335,0.27446955,0.98213434,0.14739504,0.25614417,0.9835982,0.14929596,0.25444883,0.9818287,0.15129462,0.2523815,0.98452306,0.1472921,0.25559908,0.98040664,0.14900908,0.25368273,0.98031324,0.15080026,0.25142604,0.9876366,0.172824,0.24372001,0.97504514,0.17124704,0.24195713,0.97495085,0.1654971,0.28215712,0.97725075,0.16647398,0.28214198,0.97757703,0.24803044,0.31354302,0.9969152,0.25540462,0.29629043,0.9940532,0.21667017,0.42422205,0.9694129,0.22523987,0.40065214,0.14589393,0.17438877,0.50355947,0.85661185,0.18036452,0.4904716,0.14903039,0.14562988,0.5104045,0.80473566,0.15576515,0.49064326,0.1619416,0.14286307,0.49761862,0.7955779,0.15202895,0.4911147,0.17175277,0.15305197,0.49839148,0.73523694,0.1617327,0.49323475,0.1868201,0.43457958,0.42733112,0.981292,0.432312,0.41512325,0.9746074,0.55172116,0.5491613,0.8324214,0.5472797,0.5441899,0.11030815,0.67422223,0.6719328,0.92374825,0.66538024,0.6628729,0.4145785,0.7053337,0.67847204,0.9486848,0.6916896,0.67255294,0.6320836,0.6621218,0.7287508,0.9084242,0.6466299,0.718171,0.649156
83316.jpg,0.8366295,0.49527198,0.99939454,0.84780556,0.47433674,0.99884146,0.84750414,0.47215986,0.9987451,0.8469803,0.4697642,0.9990797,0.8467297,0.47359747,0.99929273,0.84579885,0.47112727,0.999331,0.8446271,0.46832725,0.9992046,0.8274847,0.4520661,0.9989248,0.82586086,0.4539374,0.9996443,0.8187058,0.49805963,0.99915135,0.8166968,0.4962195,0.99934584,0.68911123,0.4838494,0.9992785,0.710338,0.49160096,0.9996489,0.7010662,0.61576205,0.32908764,0.7248667,0.6226017,0.9698798,0.73880243,0.7275559,0.62115216,0.765967,0.7483916,0.98409134,0.76587427,0.7163771,0.62520677,0.80598587,0.7486141,0.9814192,0.7735268,0.7147095,0.62650794,0.8094897,0.7372928,0.97884196,0.7629953,0.7225147,0.6031043,0.79467463,0.73937607,0.96570545,0.45682076,0.5837517,0.9999198,0.47335613,0.5610991,0.99948174,0.31749377,0.7445252,0.9284152,0.6550077,0.5476204,0.98385495,0.12846237,0.88807213,0.9847543,0.46473733,0.6821227,0.99142516,0.10818124,0.88575566,0.9866106,0.4372273,0.6869511,0.9908161,0.11184874,0.94183755,0.9880943,0.4470477,0.7685603,0.99008876
8374.jpg,0.09023601,0.30386397,0.9915125,0.08112615,0.2735526,0.99099874,0.083703816,0.26854402,0.9908439,0.08654672,0.26298285,0.9942725,0.079659045,0.27566856,0.98399967,0.08101219,0.27239206,0.979541,0.08233589,0.26797202,0.9882889,0.11565849,0.23421097,0.98746246,0.102167934,0.24047095,0.9602315,0.11365825,0.30460978,0.9897709,0.112136215,0.30760664,0.9759134,0.2219018,0.2770346,0.99887437,0.19578329,0.2706323,0.9959812,0.22034135,0.5522159,0.98191065,0.22276229,0.4771871,0.19176474,0.21615022,0.77815986,0.9133118,0.2429598,0.64727974,0.14240602,0.19897267,0.84003896,0.89195687,0.21774784,0.658888,0.16682632,0.18255925,0.83434236,0.88508946,0.22044775,0.6695162,0.16740794,0.19223174,0.81908846,0.79162025,0.23549476,0.66637135,0.16917399,0.47122195,0.35209745,0.9968688,0.4143144,0.3672492,0.98880506,0.6300403,0.5483007,0.91648847,0.5858276,0.5336946,0.4909069,0.83630335,0.7150021,0.983817,0.8177078,0.70237184,0.82992584,0.89368117,0.722594,0.9520418,0.8693545,0.71534497,0.7552471,0.8160504,0.8582551,0.9731121,0.8035092,0.84435266,0.87330973
84233.jpg,0.21476436,0.58530545,0.99896944,0.20678166,0.572879,0.99922013,0.20771214,0.57099825,0.99929893,0.20845667,0.5691786,0.99941075,0.20621607,0.573014,0.9988682,0.20683596,0.5713147,0.99860483,0.20723426,0.56964433,0.9988549,0.22174835,0.5532136,0.99854505,0.21975571,0.55364174,0.99721104,0.231175,0.5855415,0.9971917,0.23071888,0.58555233,0.99680674,0.29569167,0.55781144,0.99893814,0.30547664,0.54898465,0.9922351,0.31599855,0.6938728,0.9853312,0.3165031,0.65800726,0.22420152,0.2150546,0.7091936,0.9830027,0.22850813,0.680923,0.30564764,0.18177828,0.7234602,0.9732213,0.20433035,0.6864834,0.29042557,0.1796163,0.71317536,0.97193784,0.1962494,0.6876076,0.29206598,0.18884733,0.70637894,0.9533327,0.20372903,0.6785833,0.2867739,0.4943287,0.57275814,0.99617094,0.4916854,0.56262505,0.9940849,0.63510364,0.61110353,0.8883819,0.6314805,0.6069652,0.22447872,0.78404856,0.66138136,0.9153871,0.76806176,0.6465213,0.47017214,0.81051815,0.6536824,0.93534386,0.79388034,0.63993615,0.6618136,0.7867271,0.7379086,0.87978995,0.77631104,0.7162231,0.6248835
84521.jpg,0.7699959,-0.022233576,0.99695575,0.7727505,-0.014264494,0.9946045,0.77348834,-0.014050692,0.9954848,0.77445793,-0.013813227,0.9959644,0.7772987,-0.016424596,0.9917229,0.7796807,-0.017833054,0.9903645,0.78203,-0.019156873,0.9874576,0.79724514,-0.02440238,0.99261475,0.8049677,-0.03669077,0.97106814,0.777321,-0.036848545,0.98744094,0.7791164,-0.037687063,0.9736006,0.8429431,-0.0348956,0.9516879,0.80222696,-0.088076174,0.6970055,0.6032043,0.15531468,0.76224315,0.5239401,0.17269707,0.66804016,0.40871957,0.3420812,0.790286,0.38790327,0.3747388,0.67864794,0.3560427,0.4729905,0.79433155,0.34952712,0.47542822,0.68240774,0.35070512,0.4726166,0.7877233,0.35381582,0.5130023,0.6779091,0.36533192,0.37432927,0.78053015,0.36262676,0.4676879,0.6800305,0.7971006,-0.30656976,0.26888406,0.7549106,-0.3536298,0.1949723,0.66314703,0.08593851,0.49737185,0.7003233,-0.0027099848,0.4777731,0.6224477,0.27172905,0.6581968,0.5809896,0.25495952,0.6286125,0.6133994,0.2995997,0.6250112,0.5740007,0.30413425,0.48895034,0.60505086,0.33500487,0.6951898,0.57855386,0.3325584,0.64640576
8473.jpg,0.6756549,0.38024157,0.9998915,0.6738967,0.35899976,0.9997931,0.6724043,0.35818198,0.9998056,0.6709102,0.35743397,0.99984837,0.6728852,0.3579817,0.99982077,0.67097133,0.3565669,0.99984837,0.6688167,0.35511288,0.9998634,0.64905465,0.35842896,0.9997869,0.6480248,0.35690582,0.99990296,0.6622977,0.3945966,0.99970657,0.6600656,0.39207634,0.9997428,0.57068676,0.45438012,0.99901044,0.589309,0.43774462,0.9999149,0.6674837,0.5482933,0.4172936,0.69518316,0.53025794,0.9917618,0.7590622,0.60050267,0.41243315,0.8041903,0.58196187,0.98221165,0.7808634,0.5725719,0.35392368,0.82945365,0.55201745,0.96856314,0.7862933,0.56653917,0.35922986,0.8263977,0.5462707,0.96334964,0.77982366,0.5775808,0.36982274,0.8172879,0.55716985,0.9422929,0.4545409,0.68817383,0.99704117,0.43290082,0.67893,0.99756795,0.45828456,0.93290895,0.5619292,0.32341972,0.8806003,0.97698325,0.41099602,1.1164892,0.6673417,0.16946948,0.9909924,0.933177,0.38374186,1.143188,0.6799281,0.13602719,0.9834423,0.8567151,0.46784982,1.1716363,0.6381822,0.16887015,1.0838983,0.84311676
86296.jpg,0.117452025,0.1884521,0.9996183,0.10738739,0.17902894,0.99959403,0.107919544,0.17535572,0.9994037,0.10862991,0.17115812,0.9994832,0.10675034,0.18528123,0.99967504,0.1067369,0.18624479,0.9995265,0.10668668,0.18716565,0.9996588,0.11585803,0.15865317,0.9995414,0.11231147,0.18007104,0.9996321,0.13152815,0.18279032,0.9994205,0.1304015,0.19036092,0.9993824,0.18181272,0.17725317,0.9996197,0.19721584,0.18511812,0.99908495,0.21971409,0.26906756,0.9798331,0.2330839,0.26874754,0.2592447,0.2206703,0.3602816,0.95685136,0.24213117,0.35534602,0.3703373,0.20701551,0.3763519,0.9319608,0.23009242,0.36609602,0.39206144,0.19685711,0.37274748,0.92511725,0.22167562,0.36966616,0.4022782,0.20423423,0.3672889,0.90102416,0.23423445,0.3653558,0.41407946,0.3960906,0.19524245,0.99801743,0.3938605,0.20317769,0.99609023,0.5512881,0.23530996,0.67101085,0.5474025,0.23886324,0.17376511,0.69653326,0.27011737,0.6459648,0.6791716,0.2783073,0.21402408,0.7249835,0.2736684,0.74858,0.7035799,0.27642047,0.31539753,0.7084366,0.3163371,0.64129865,0.6932485,0.31925017,0.31934598
87344.jpg,0.01581356,0.3356859,0.99699616,0.0063212216,0.32508534,0.9982773,0.007033646,0.32221216,0.9982488,0.0076836646,0.3188892,0.9986228,0.004342228,0.3265052,0.9961283,0.003882736,0.3253227,0.9958924,0.0035751462,0.32399815,0.99695,0.020225048,0.30022258,0.9955669,0.018616617,0.30970976,0.99540627,0.029628664,0.32566664,0.9952655,0.02786073,0.3274603,0.99308634,0.08905417,0.29577285,0.9984554,0.09854916,0.29161936,0.9899018,0.15071139,0.4539914,0.9688292,0.14072835,0.42692438,0.15453702,0.1763182,0.57589364,0.861738,0.1683087,0.5398238,0.1366178,0.14436686,0.59662646,0.82962334,0.11127293,0.55406696,0.1352339,0.1345506,0.586193,0.83744895,0.12854934,0.55618834,0.14394623,0.15082216,0.5811768,0.8007762,0.14036733,0.55468184,0.15901539,0.362168,0.32031962,0.9920294,0.35441947,0.31551927,0.9843189,0.5425867,0.3370824,0.9620707,0.527208,0.32834497,0.58091295,0.74571157,0.33828437,0.9652735,0.72301424,0.3264254,0.702275,0.77595514,0.32216185,0.94308543,0.7536769,0.31337208,0.69467527,0.7958704,0.3947753,0.96532685,0.76583934,0.3796576,0.8253885
88041.jpg,0.59750694,0.64975107,0.82530004,0.6326365,0.62563026,0.8739841,0.6380924,0.6207309,0.90296984,0.64318556,0.6159012,0.9005777,0.6178287,0.6266873,0.84756273,0.6139252,0.6209876,0.8445161,0.61017525,0.6153697,0.8048591,0.6414681,0.5639206,0.9194943,0.5936302,0.56288296,0.776638,0.57853407,0.6285945,0.939121,0.56376004,0.6268971,0.9103387,0.5284892,0.5317509,0.9822442,0.5078441,0.43386334,0.9341116,0.49680966,0.5765319,0.57100564,0.49948663,0.43989053,0.8686841,0.5401939,0.7133529,0.7235954,0.58277965,0.7041886,0.8142162,0.5589903,0.73395646,0.7090124,0.593336,0.7624356,0.795113,0.5758019,0.747589,0.7240581,0.62433535,0.76913595,0.797738,0.56259704,0.7348321,0.71886384,0.61894155,0.7504631,0.77117735,0.016686797,0.2625883,0.9356877,0.0153734535,0.1986943,0.9359271,-0.091454074,0.24417683,0.17769061,-0.097815186,0.12297705,0.50702745,-0.254095,0.08286184,0.11119282,-0.31378016,0.063139975,0.43777055,-0.25324473,0.057187825,0.16947861,-0.32244676,0.046636403,0.49511763,-0.37724817,0.043385923,0.2368288,-0.4411979,0.06489691,0.40242
93371.jpg,0.117452025,0.1884521,0.9996183,0.10738739,0.17902894,0.99959403,0.107919544,0.17535572,0.9994037,0.10862991,0.17115812,0.9994832,0.10675034,0.18528123,0.99967504,0.1067369,0.18624479,0.9995265,0.10668668,0.18716565,0.9996588,0.11585803,0.15865317,0.9995414,0.11231147,0.18007104,0.9996321,0.13152815,0.18279032,0.9994205,0.1304015,0.19036092,0.9993824,0.18181272,0.17725317,0.9996197,0.19721584,0.18511812,0.99908495,0.21971409,0.26906756,0.9798331,0.2330839,0.26874754,0.2592447,0.2206703,0.3602816,0.95685136,0.24213117,0.35534602,0.3703373,0.20701551,0.3763519,0.9319608,0.23009242,0.36609602,0.39206144,0.19685711,0.37274748,0.92511725,0.22167562,0.36966616,0.4022782,0.20423423,0.3672889,0.90102416,0.23423445,0.3653558,0.41407946,0.3960906,0.19524245,0.99801743,0.3938605,0.20317769,0.99609023,0.5512881,0.23530996,0.67101085,0.5474025,0.23886324,0.17376511,0.69653326,0.27011737,0.6459648,0.6791716,0.2783073,0.21402408,0.7249835,0.2736684,0.74858,0.7035799,0.27642047,0.31539753,0.7084366,0.3163371,0.64129865,0.6932485,0.31925017,0.31934598
94671.jpg,0.022518396,0.7909506,0.99752444,0.008283466,0.78697884,0.9980653,0.010054857,0.78410894,0.99824655,0.012539625,0.781093,0.9985942,0.006464541,0.7878965,0.99572635,0.0069133937,0.785624,0.9954972,0.007899344,0.78333884,0.9969482,0.028856367,0.7495934,0.99657816,0.020419449,0.7540649,0.9950427,0.041656792,0.769111,0.99670756,0.040729523,0.770417,0.9938046,0.11479774,0.70569813,0.9982639,0.08798894,0.68205094,0.9644855,0.18832836,0.8415905,0.991437,0.14393218,0.8359134,0.19945194,0.27731,1.0043931,0.9737104,0.24285717,0.9621845,0.24299693,0.29211265,1.044262,0.9504755,0.16867627,0.98842263,0.24162596,0.28390583,1.0504627,0.94615614,0.17820516,0.9925388,0.24568017,0.28067458,1.031151,0.92855495,0.19596425,0.98400635,0.28816012,0.3493412,0.5378817,0.9967301,0.32556492,0.54209137,0.9842234,0.5311986,0.4461852,0.9436842,0.50701874,0.4592424,0.19084358,0.7007991,0.36712116,0.9492306,0.66303265,0.39018637,0.4310194,0.7216888,0.33285424,0.92591333,0.69011134,0.35776487,0.5367333,0.7554995,0.43845743,0.89162445,0.7253946,0.4583757,0.6477727
96406.jpg,0.5716538,0.39469936,0.9997135,0.5787225,0.38407212,0.99915075,0.58139014,0.38678163,0.99898,0.5839245,0.38914782,0.99926895,0.5669747,0.37530935,0.9996395,0.5611631,0.37251335,0.9996911,0.5550764,0.36966795,0.99975866,0.5754357,0.39267474,0.99787164,0.5378175,0.37168276,0.9995832,0.567849,0.41649276,0.9993488,0.554257,0.40712592,0.9995939,0.5320712,0.45633486,0.99534816,0.4907936,0.43418092,0.9998623,0.5200926,0.5789839,0.24289702,0.4974786,0.56872857,0.9943745,0.55477303,0.6848563,0.2838975,0.54871154,0.6964946,0.98303634,0.5695368,0.70566916,0.28659725,0.5617088,0.7306216,0.9703205,0.579131,0.7058346,0.30585814,0.57504284,0.72819954,0.9665551,0.5700589,0.69887453,0.31556004,0.5709968,0.7125699,0.9408715,0.36073953,0.582054,0.9916847,0.3442307,0.5662356,0.99747133,0.25051114,0.6904166,0.3572142,0.23341823,0.6897313,0.9826155,0.16229872,0.77176845,0.6884087,0.1255571,0.7906766,0.9856625,0.14104295,0.77315354,0.7305985,0.10237309,0.7936642,0.95674455,0.17618497,0.82736635,0.8100954,0.15212174,0.854065,0.972001
96669.jpg,0.9826281,0.59626895,0.9957644,1.0079812,0.58165616,0.9937256,1.0085655,0.5794556,0.99499255,1.0092703,0.57734835,0.99610704,1.0070437,0.5785574,0.995011,1.0068725,0.57400745,0.9958643,1.0066829,0.56921506,0.99621814,0.99767077,0.5406792,0.99565953,0.9940829,0.5353079,0.9958919,0.96194863,0.5862524,0.99424416,0.9602078,0.5821596,0.9950931,0.85650283,0.4848437,0.98793554,0.8399912,0.5175872,0.9973093,0.7380449,0.65933585,0.19816671,0.7115667,0.69524646,0.9828814,0.6479228,0.83091563,0.2010417,0.6275479,0.90105265,0.93869704,0.68001556,0.8652009,0.20300455,0.6541061,0.95202154,0.9134159,0.6834463,0.8779881,0.20449832,0.6714803,0.94877493,0.8987417,0.6639167,0.868096,0.21286993,0.6589629,0.9327772,0.85485446,0.45068023,0.394695,0.9799467,0.43027794,0.40595224,0.9830688,0.18717036,0.3123957,0.27707875,0.15298778,0.30842394,0.8796987,0.0129032135,0.24797317,0.43454412,-0.10138598,0.24495497,0.8375803,-0.007931113,0.20696163,0.6318463,-0.14081243,0.19958529,0.89348924,-0.10462901,0.3126619,0.5185866,-0.14551452,0.3414112,0.7419656
96910.jpg,0.79044795,0.18178353,0.99993515,0.8141588,0.1721853,0.9998417,0.8214042,0.17788273,0.9998957,0.8282451,0.18348712,0.9998846,0.7909932,0.15632883,0.9997687,0.782421,0.15135843,0.9997447,0.7733846,0.14671606,0.9996008,0.83195484,0.20222837,0.9998729,0.7620182,0.15111193,0.9995524,0.7900354,0.21627104,0.99985003,0.7611242,0.19746622,0.99980086,0.7701061,0.38973436,0.9998667,0.6717037,0.16566607,0.9993345,0.7743176,0.61334777,0.9951395,0.5687383,0.050567746,0.8315505,0.7915014,0.8793411,0.9816711,0.5105385,0.23673049,0.37139288,0.8160075,0.9402901,0.9518044,0.5113307,0.27349034,0.25919384,0.8132671,0.946646,0.9585412,0.52007043,0.27774483,0.26999497,0.8007126,0.9295137,0.961894,0.52503127,0.26816818,0.30720985,0.5278784,0.5215129,0.99882454,0.46271122,0.43471277,0.99924254,0.34328312,0.71713686,0.7356331,0.30677384,0.6649571,0.89900136,0.13063711,0.889904,0.8427657,0.11348376,0.8731884,0.8448314,0.1040411,0.89656293,0.60814154,0.0947012,0.87842345,0.48471445,0.054745674,0.9699919,0.7942703,0.047122955,0.95018023,0.7936011
97527.jpg,0.6191924,0.50386643,0.9987684,0.6105459,0.48889497,0.99838996,0.6089027,0.4886966,0.99850625,0.6069337,0.4884801,0.9991032,0.61007607,0.48932427,0.99883085,0.6085613,0.48948073,0.99893457,0.6067724,0.48960072,0.99908364,0.5881049,0.4963884,0.998591,0.5907218,0.49785256,0.99875915,0.6126357,0.5230247,0.99902666,0.6120901,0.5230113,0.9990356,0.5325052,0.5805346,0.9958688,0.5617078,0.5971626,0.9995493,0.5422841,0.7153691,0.18818446,0.5775703,0.7664912,0.98315537,0.5708277,0.82491785,0.14987336,0.6252675,0.9123628,0.9612182,0.5820002,0.8359569,0.14607424,0.6556884,0.9349525,0.94010264,0.5857166,0.8371181,0.14864784,0.6669877,0.9309683,0.9296521,0.5817642,0.836881,0.15733178,0.65113217,0.922341,0.8875366,0.4081678,0.7428305,0.98287004,0.4194342,0.7517593,0.988734,0.32313183,0.8853047,0.13433322,0.31080425,0.9104923,0.6633386,0.22474921,0.9829619,0.2236135,0.20545849,1.008249,0.63801205,0.19527826,0.98679614,0.33055332,0.16965316,1.0067198,0.65384424,0.23321226,1.0428996,0.3086552,0.23174725,1.0841248,0.52016187
97797.jpg,0.8329959,0.37497795,0.99966705,0.8447726,0.36380967,0.99944526,0.845225,0.36455718,0.99947625,0.8457396,0.36499202,0.999503,0.8412419,0.3541696,0.9996666,0.8386854,0.3471024,0.999767,0.8357986,0.3397535,0.9997924,0.829661,0.33934796,0.999025,0.817292,0.31606182,0.99973637,0.8140199,0.38063592,0.99952054,0.807315,0.37169188,0.9997341,0.735185,0.39511108,0.9990387,0.7307128,0.33403802,0.9999223,0.73870146,0.5541481,0.54936063,0.74511045,0.5072361,0.97135454,0.75044787,0.6617391,0.61697465,0.7755054,0.6996712,0.91999376,0.759639,0.67416537,0.58402157,0.7974054,0.7327244,0.89560544,0.76299155,0.6756797,0.5922601,0.81246495,0.72769713,0.8816462,0.7586838,0.6794708,0.57293844,0.80146945,0.717532,0.8422112,0.54159003,0.4807236,0.9871143,0.53534395,0.45609868,0.99880123,0.41111964,0.5929301,0.40626562,0.42559838,0.616233,0.9852232,0.23656294,0.6515745,0.6759791,0.20574617,0.7395319,0.9929438,0.20092896,0.62823516,0.73729026,0.15827361,0.7302742,0.9819341,0.24681914,0.7043121,0.7411758,0.20831901,0.8467853,0.9775354
98080.jpg,0.7797934,0.09669115,0.99964225,0.7815834,0.07792634,0.9993937,0.7805003,0.077306464,0.99939394,0.77947533,0.07662812,0.99951696,0.77931106,0.074350774,0.9995524,0.776628,0.071263015,0.9996612,0.7738257,0.06784129,0.9997482,0.7569333,0.06913851,0.9992041,0.7457534,0.055788964,0.9997335,0.7594421,0.10520677,0.99947697,0.7554623,0.10300499,0.999696,0.6580537,0.14407754,0.9978435,0.66456485,0.13359052,0.9999286,0.705221,0.28371558,0.19224456,0.7425179,0.29596692,0.9877578,0.7559155,0.38343465,0.20239668,0.8267938,0.43996942,0.98536056,0.77067447,0.38021123,0.21259475,0.8606188,0.4486482,0.9781085,0.7771372,0.38348264,0.21531114,0.86341166,0.4382715,0.97273076,0.77277195,0.3894127,0.21256135,0.8521849,0.43757278,0.9503881,0.49503663,0.35298407,0.95626074,0.503148,0.359488,0.9843759,0.38866085,0.5435679,0.19897619,0.40413672,0.56792367,0.8825401,0.26160142,0.69858724,0.389822,0.27030575,0.72635233,0.9239976,0.2403031,0.6964582,0.54043573,0.2128532,0.76282454,0.9225567,0.29018563,0.7438514,0.570037,0.31595945,0.7699337,0.8773238
98278.jpg,0.26924008,0.48988092,0.9999616,0.2715658,0.46491808,0.9999534,0.27436826,0.46342963,0.9999534,0.2776763,0.46171248,0.99995327,0.27118048,0.46441635,0.99994385,0.27360374,0.46271497,0.99995697,0.2765147,0.46061724,0.9999696,0.31538916,0.45473313,0.9999616,0.31395924,0.45129326,0.99998593,0.2935279,0.5055951,0.9999776,0.29360983,0.50581217,0.9999695,0.43439317,0.56188434,0.99996877,0.4625625,0.5103375,0.9999728,0.45818838,0.76085764,0.96429425,0.501393,0.7200817,0.35737586,0.49275956,0.9358623,0.96392626,0.52065086,0.8925413,0.24715194,0.4706785,0.9577497,0.95027524,0.50020564,0.91059905,0.19899291,0.46440393,0.954698,0.94415027,0.50039506,0.9158619,0.19106013,0.4772272,0.94869864,0.9278624,0.5108531,0.9127029,0.22161056,0.7885916,0.6563739,0.9998124,0.8172889,0.63720924,0.9997737,0.830933,0.8266007,0.8943617,0.8761292,0.7975947,0.28841376,0.7488016,0.87517786,0.5127377,0.8715937,0.86648804,0.34159237,0.7407777,0.89318717,0.50944537,0.88076365,0.87300485,0.44369623,0.66847694,0.8616983,0.4842569,0.8198126,0.8695185,0.45616698
99166.jpg,0.78349626,0.711523,0.9998429,0.804811,0.6982684,0.9996376,0.80911463,0.6986455,0.99948716,0.81354314,0.6988607,0.99973196,0.7912389,0.68926775,0.99984884,0.7851049,0.6828193,0.99981993,0.778247,0.6754378,0.9998473,0.81101763,0.6833587,0.9993074,0.75684226,0.6443661,0.9995432,0.7720687,0.72135794,0.9996855,0.7570468,0.70853686,0.9997278,0.78802645,0.72657067,0.99972373,0.61731875,0.61482006,0.9998192,0.7370911,0.88031626,0.90103143,0.51886344,0.7621,0.9711955,0.6942191,1.0190475,0.81719553,0.42863375,0.919241,0.93062437,0.7039654,1.0560124,0.6538398,0.43468803,0.94118464,0.85864466,0.6860844,1.0555425,0.71421874,0.4562741,0.9480716,0.8580478,0.67675316,1.0356379,0.70789564,0.45507532,0.9427767,0.77757627,0.5464735,0.72966015,0.9942214,0.47609717,0.6720127,0.99931,0.45658022,0.73831755,0.2089074,0.36653024,0.6781984,0.88298684,0.41080135,0.74847424,0.23959889,0.2253215,0.66018844,0.89723176,0.39943165,0.7382896,0.36156994,0.21357188,0.64179546,0.73669326,0.3950131,0.8005011,0.5887321,0.20249867,0.7271703,0.88187116
