1044.jpg,0.3664943,0.76572037,0.996563,0.36088338,0.77819204,0.99588287,0.35866237,0.77894026,0.99774593,0.3564612,0.7797676,0.9959347,0.36317787,0.7765622,0.99528605,0.36262858,0.77617705,0.99679524,0.36209497,0.77595377,0.9955466,0.34401354,0.7732352,0.99810743,0.35161573,0.77007985,0.9961875,0.35487834,0.7543938,0.9934105,0.35880795,0.75143623,0.990105,0.30373162,0.7120295,0.99995196,0.3258443,0.7031121,0.9983057,0.24887766,0.62460905,0.99013114,0.27353433,0.61738515,0.2075743,0.22263789,0.5482017,0.9696529,0.24057576,0.54385966,0.27257386,0.20439465,0.52268296,0.9399099,0.22521468,0.5179426,0.2673026,0.21387298,0.5147384,0.9278993,0.22786376,0.512905,0.26809984,0.22365846,0.5247164,0.9059279,0.2354924,0.5207607,0.25968623,0.4006742,0.51037943,0.9989373,0.4120304,0.5136236,0.99773943,0.38915247,0.3690374,0.9938292,0.39048067,0.383372,0.2531458,0.19299854,0.44458288,0.98339593,0.21188273,0.44639102,0.4273916,0.18757473,0.4693842,0.98850363,0.20604986,0.47441027,0.58176726,0.13725394,0.41620278,0.9786148,0.16471678,0.4193814,0.58552253
13031.jpg,0.351798,0.8076781,0.99973863,0.3405308,0.8290853,0.99926454,0.34116155,0.83033,0.9994912,0.34199464,0.83187103,0.9992248,0.3424582,0.83265936,0.9997447,0.3446538,0.8365127,0.99986255,0.3475144,0.8408854,0.9997757,0.3685398,0.85223675,0.99937207,0.3720497,0.8608409,0.99995613,0.37300724,0.801324,0.99937445,0.37433672,0.80465466,0.99973327,0.4646236,0.78953505,0.9991146,0.47255796,0.8292825,0.99999654,0.6149062,0.7306759,0.31649068,0.6210038,0.7514219,0.9978734,0.72307396,0.6532187,0.2684272,0.73335344,0.6620704,0.9923413,0.7446772,0.637316,0.22873437,0.75957096,0.6483774,0.9663166,0.7494123,0.6332929,0.21970993,0.75817424,0.64294994,0.9608705,0.74123013,0.63699603,0.19697474,0.7489718,0.64355546,0.92952096,0.5212588,0.49083716,0.99989474,0.53376716,0.49533936,0.9999708,0.67294,0.30447304,0.4719946,0.6815405,0.27996755,0.9989365,0.8305741,0.52676713,0.38808155,0.84858453,0.5438917,0.9868519,0.84248614,0.5773654,0.39549953,0.85327065,0.5794617,0.9807575,0.94455975,0.5313529,0.4999271,0.96471226,0.5347989,0.9754667
16087_aug.jpg,0.3227902,0.8488773,0.9990779,0.3303461,0.87091285,0.9983577,0.33212554,0.8716911,0.998857,0.33417964,0.8725997,0.9980861,0.33380932,0.87203395,0.99927765,0.33824122,0.8736857,0.99961203,0.34322822,0.8756,0.99940336,0.36689824,0.8709862,0.9989895,0.37959024,0.8752482,0.99979407,0.3335945,0.828892,0.99759346,0.33890072,0.82966185,0.9991523,0.42727864,0.7380451,0.99588335,0.44148916,0.76790565,0.99997497,0.5821462,0.6589095,0.52022994,0.58866096,0.7003697,0.9924528,0.6790432,0.5784479,0.3838359,0.7275541,0.6064433,0.991994,0.70027006,0.5425227,0.33631042,0.7769971,0.5668472,0.9782694,0.70103765,0.53718626,0.32552603,0.76136965,0.55725133,0.9765114,0.691265,0.55111533,0.29512772,0.73801994,0.5690332,0.9698187,0.3940852,0.40617165,0.9995734,0.3998583,0.40423828,0.99991965,0.4793759,0.15836316,0.49365532,0.4932493,0.13053393,0.99672073,0.73879224,0.33884308,0.48220643,0.7933166,0.33064193,0.97306854,0.75833905,0.3893001,0.58516484,0.8335648,0.3712632,0.97426176,0.8611615,0.33011687,0.637143,0.91176516,0.2960735,0.9643345
17371_aug.jpg,0.44355184,0.42435336,0.99363095,0.42469388,0.44838232,0.9927337,0.4184395,0.44883227,0.9922335,0.41216266,0.44901443,0.9934009,0.4480164,0.44662058,0.99197644,0.45795503,0.44581228,0.9891866,0.46766135,0.4451583,0.98904794,0.4285651,0.43417978,0.9933215,0.5033453,0.43085784,0.98790205,0.45354617,0.40131015,0.99026006,0.48059538,0.400393,0.9895347,0.450994,0.35059404,0.98510414,0.6726727,0.3562159,0.95136416,0.39905098,0.3290128,0.7777832,0.6947754,0.35579044,0.34208208,0.51295716,0.4628359,0.65557027,0.7304657,0.4843145,0.37171343,0.50755626,0.5373015,0.58785444,0.72880965,0.49955666,0.35654148,0.50362974,0.53009766,0.5782918,0.7617832,0.51161826,0.35744143,0.51292586,0.50002974,0.58074,0.7659502,0.51813376,0.3560745,0.6092188,-0.16368748,0.30351704,0.73187375,-0.18207674,0.3183465,0.49584365,0.17045188,0.7418165,0.6645139,0.20357856,0.36333108,0.49545342,0.5757131,0.44524252,0.6103487,0.4924106,0.31806496,0.5504368,0.53288746,0.40143904,0.62945735,0.5243517,0.3779691,0.4519377,0.61860806,0.47813615,0.52789706,0.62233084,0.41401455
25964.jpg,0.82023996,0.55369467,0.99994016,0.8355403,0.5783217,0.99995875,0.8356348,0.58453363,0.9999641,0.83586353,0.5912519,0.9999535,0.8334507,0.56918985,0.9998995,0.8319028,0.56883055,0.999882,0.83044803,0.5687002,0.9999056,0.81885755,0.62676275,0.9999603,0.8160193,0.59605384,0.99995446,0.7993969,0.5610356,0.9999291,0.7952292,0.5515709,0.9998342,0.76472425,0.67602384,0.9999988,0.6666625,0.5395621,0.9986046,0.6129062,0.7385523,0.9988325,0.46721002,0.49615157,0.14182131,0.44214267,0.78721046,0.998071,0.27215642,0.43247634,0.47251713,0.3759538,0.82074416,0.9949116,0.21139823,0.41810668,0.48403633,0.3704624,0.7949455,0.9952663,0.20960414,0.4180811,0.46165472,0.394825,0.77506995,0.9941671,0.23004211,0.42534354,0.43997845,0.5519059,0.46670195,0.9999329,0.45962912,0.3972082,0.999729,0.48123252,0.25259012,0.99518186,0.4026045,0.0950976,0.84953785,0.27837873,0.36828563,0.98175204,0.1659644,0.42688337,0.79856765,0.25614685,0.40314448,0.978457,0.1449211,0.49598268,0.8789777,0.18225524,0.32990178,0.96749103,0.0051910877,0.4614979,0.8086838
26245_aug.jpg,0.35045937,0.7630985,0.99651754,0.3438992,0.7738987,0.9961045,0.3416496,0.7739241,0.99788207,0.33942434,0.7740295,0.9961389,0.34721613,0.7728568,0.9954993,0.34730217,0.7720565,0.99701405,0.34750336,0.7712952,0.99590516,0.32647684,0.7667024,0.9984847,0.3363543,0.7646814,0.99693155,0.3393769,0.7491118,0.994011,0.3440811,0.7474668,0.99180424,0.2919944,0.70277333,0.9999466,0.31694692,0.69576913,0.99829406,0.24550724,0.60938334,0.98891795,0.26078892,0.6024909,0.20586887,0.21951063,0.52809817,0.94754624,0.22912556,0.5249518,0.27941605,0.19918709,0.49918485,0.89880913,0.21705335,0.5011653,0.27499112,0.20923857,0.49055257,0.8779424,0.21410044,0.4799091,0.27641693,0.21958247,0.4995244,0.8476445,0.22434032,0.497869,0.25988993,0.40203786,0.5095723,0.99893886,0.41193947,0.51232004,0.9979188,0.4007993,0.36804733,0.9928329,0.396589,0.38041148,0.21657902,0.20334752,0.42953137,0.9794335,0.22932026,0.43057978,0.402145,0.1964618,0.46028507,0.98559976,0.21642315,0.45317253,0.54469,0.1530968,0.40837774,0.9734553,0.17195395,0.41488704,0.5653468
38921_aug.jpg,0.16732153,0.46345523,0.9987908,0.14842701,0.45648038,0.9984732,0.14698097,0.4531377,0.9992544,0.1453087,0.4493885,0.99851674,0.14918205,0.45877537,0.99746704,0.14824283,0.45706645,0.9983216,0.14699426,0.454887,0.99773514,0.14075059,0.41951054,0.99943143,0.14164233,0.4259579,0.99848807,0.1801219,0.44785497,0.9979194,0.18135265,0.45123854,0.9962459,0.21166849,0.3567813,0.999987,0.22254881,0.39469612,0.99932957,0.3118117,0.2746789,0.9954739,0.31406814,0.30943468,0.15101732,0.41440746,0.21223924,0.9803641,0.40441027,0.24651532,0.25272352,0.44169703,0.1941777,0.95893675,0.42985937,0.2375791,0.25513634,0.443435,0.21374908,0.9505054,0.43426555,0.23874635,0.2551923,0.43495458,0.21932843,0.93306637,0.42544064,0.24390137,0.23373787,0.4714555,0.44193068,0.99936706,0.46689576,0.4575493,0.998417,0.669343,0.42227736,0.9908598,0.6521413,0.41889507,0.22834103,0.53062284,0.19017729,0.9842226,0.5453594,0.22488558,0.4848137,0.49443984,0.1683358,0.98471904,0.5265339,0.21174558,0.6335284,0.57154375,0.106784254,0.9813301,0.56702137,0.1250644,0.6692024
39755_aug.jpg,0.7670995,0.58028954,0.9994728,0.78259885,0.5813431,0.9996469,0.7849116,0.5840326,0.99984086,0.7875881,0.58698696,0.99965227,0.77981776,0.57817996,0.9992235,0.7798261,0.5783657,0.99943286,0.779997,0.57873976,0.99911183,0.79663754,0.60776436,0.999941,0.7899015,0.600681,0.99965787,0.7601503,0.5964015,0.9994609,0.7572217,0.59257877,0.99878925,0.72644895,0.66920143,0.9999981,0.71793544,0.64263374,0.99945873,0.61540747,0.73446864,0.99588203,0.6124242,0.7104016,0.29024908,0.52797014,0.77795637,0.9836933,0.5367853,0.76446974,0.42924622,0.5055956,0.7938534,0.959109,0.5220806,0.7807668,0.39072552,0.498461,0.7923319,0.9497342,0.52112603,0.77745545,0.38573343,0.5042996,0.78518724,0.9232388,0.52902514,0.7726955,0.3676295,0.5244293,0.62132156,0.99989665,0.52585495,0.6060218,0.9998066,0.34365177,0.6664949,0.9967757,0.3535785,0.656476,0.380252,0.40926564,0.82933366,0.9894343,0.4171213,0.7993542,0.5057287,0.43992636,0.82130927,0.9883485,0.44866264,0.8062936,0.601428,0.38872343,0.8940462,0.9862335,0.40615594,0.8563671,0.64286315
3993_aug.jpg,0.690431,0.67979896,0.99738556,0.7074295,0.70239437,0.99759114,0.7065929,0.71007395,0.9983681,0.7059191,0.7184738,0.99739385,0.710209,0.69252205,0.99741286,0.71129555,0.6931043,0.9979608,0.7123955,0.6941251,0.99771106,0.6940497,0.7596991,0.99861884,0.7009109,0.738825,0.9982937,0.6641281,0.6993115,0.99667144,0.67013556,0.6858691,0.99449426,0.5376192,0.7793238,0.99997604,0.577594,0.7394693,0.99928623,0.33406588,0.78371423,0.9962813,0.36695907,0.7441871,0.36343288,0.14529851,0.7801731,0.99504036,0.21444276,0.7307792,0.5084678,0.08089243,0.7928694,0.9867887,0.18250057,0.74588025,0.4384709,0.0830618,0.7698681,0.9851836,0.17084226,0.7060156,0.43456626,0.111141846,0.7599612,0.97921216,0.18975028,0.71170896,0.4001418,0.35726932,0.37087423,0.9993591,0.37584266,0.36809576,0.99777573,0.0795193,0.17646742,0.95840037,0.11690447,0.22223291,0.2048141,0.08958539,0.5648111,0.8692638,0.1503405,0.5778189,0.3197118,0.16414675,0.6283275,0.9528833,0.18533754,0.6144019,0.58685005,0.02462539,0.6963879,0.902319,0.05289243,0.60937685,0.50138456
44080.jpg,0.8920315,0.47103983,0.99987805,0.9057754,0.4520191,0.99974114,0.9054358,0.45107543,0.99981743,0.90489876,0.45000052,0.9997565,0.902899,0.4445405,0.9998603,0.9002773,0.43818533,0.9999119,0.8974486,0.43194756,0.9998729,0.8818234,0.42723787,0.9998282,0.8724394,0.40896368,0.99992704,0.8687654,0.47235587,0.999521,0.8631778,0.46394196,0.9997731,0.7329996,0.4642169,0.9994159,0.758616,0.43747514,0.9999796,0.62182546,0.39483654,0.29352742,0.6373797,0.33199513,0.99774665,0.49981052,0.35611147,0.5601484,0.48564273,0.25637668,0.99644345,0.44254702,0.3379264,0.5449926,0.43307167,0.23637232,0.9930375,0.43917868,0.3352402,0.5430759,0.4224171,0.2446771,0.9928059,0.45977393,0.339383,0.51121855,0.4374129,0.2557325,0.9918378,0.44213557,0.63301986,0.9988538,0.44233388,0.6216744,0.9997224,0.20225054,0.6608616,0.34133184,0.18797624,0.6720523,0.99599177,0.22704434,0.34776884,0.8008313,0.2078524,0.2987266,0.99620026,0.27812397,0.34806573,0.84250623,0.23393613,0.26239806,0.99212354,0.14607826,0.27574962,0.864563,0.09946482,0.23556444,0.993993
45274_aug.jpg,0.31437093,0.2310223,0.9999796,0.3217104,0.20400137,0.99998784,0.3251716,0.200531,0.9999895,0.32878762,0.19660741,0.9999864,0.32106113,0.20909399,0.9999759,0.32392102,0.20950532,0.99997354,0.32690844,0.20972675,0.9999771,0.36848348,0.18300074,0.99999106,0.361123,0.20131642,0.9999926,0.3320225,0.24252012,0.9999869,0.33482772,0.2499559,0.9999778,0.44181666,0.17408234,0.99999964,0.4655642,0.33062777,0.99994206,0.5858432,0.2671346,0.997343,0.6437386,0.5375967,0.570204,0.7544428,0.3539266,0.9947855,0.7520999,0.7721262,0.69366217,0.8216144,0.37407818,0.9893254,0.77784646,0.8335784,0.65782964,0.79760873,0.38898537,0.9893399,0.7841486,0.8314016,0.6272285,0.76689327,0.38883117,0.98578936,0.77909535,0.8149405,0.61568797,0.3978046,0.50341976,0.9999621,0.46206343,0.62042004,0.99971634,0.41614556,0.67321247,0.9936976,0.3940404,0.8562647,0.7703262,0.6799153,0.8130167,0.96961176,0.7528749,0.87109303,0.74116516,0.7290616,0.83505654,0.9719972,0.79996526,0.8548515,0.8222825,0.7113881,0.90304327,0.95916,0.8707368,0.9433476,0.75064945
48221.jpg,0.10788679,0.75419104,0.9927296,0.10805535,0.75689656,0.99415946,0.10829544,0.7551164,0.99344146,0.10879195,0.75405556,0.9956286,0.10884273,0.761201,0.9944273,0.109781384,0.76153016,0.9930888,0.110705316,0.7613576,0.994689,0.11982602,0.74573684,0.99616635,0.11870164,0.7496891,0.99412364,0.1540783,0.727335,0.994476,0.15074736,0.734117,0.9931726,0.22511423,0.6787522,0.9932759,0.20833641,0.6633338,0.99299556,0.29206753,0.6416626,0.14788124,0.2382347,0.71187025,0.44708702,0.26725328,0.6743234,0.1499505,0.21317363,0.7476491,0.17517696,0.26061165,0.68380284,0.16188124,0.21173012,0.7507217,0.18243237,0.24775773,0.6800194,0.15165518,0.20669341,0.7578381,0.17114457,0.2485516,0.67593896,0.13843876,0.20927346,0.76122844,0.17998533,0.60290354,0.534544,0.98247206,0.60420024,0.5042843,0.97870094,0.6940869,0.67828953,0.53301346,0.6885313,0.70582986,0.80477583,0.8217455,0.8773951,0.60418904,0.79383665,0.8630352,0.77490497,0.7904113,0.886078,0.5974141,0.78978807,0.8830987,0.859944,0.8498547,0.9400921,0.5161175,0.8327678,0.9309826,0.7384083
48773.jpg,0.2818273,0.35263458,0.9976398,0.256552,0.3367285,0.99755883,0.2555346,0.32943213,0.9983652,0.25421456,0.32133114,0.9972156,0.25570858,0.34879163,0.99740195,0.25420427,0.35001755,0.99798596,0.25248337,0.35069975,0.99780196,0.25440753,0.27873966,0.99878854,0.25082034,0.3093571,0.9984882,0.30466828,0.32959864,0.9964897,0.30128023,0.3473661,0.9946837,0.39930266,0.23281637,0.9999839,0.3617522,0.27661943,0.99955946,0.59488183,0.19006684,0.99473107,0.577118,0.2350708,0.37898225,0.7947301,0.14271015,0.98936415,0.7345304,0.21807933,0.46520272,0.84868044,0.11820114,0.9722519,0.77334005,0.21082023,0.39050463,0.85634375,0.14869854,0.96868885,0.78306746,0.24122515,0.38089836,0.8365643,0.16662171,0.9601866,0.76498777,0.24489275,0.3581334,0.6580902,0.59398794,0.999637,0.63510066,0.60109276,0.9988242,0.95807415,0.7333313,0.96993893,0.9116788,0.7041403,0.19895133,0.85428715,0.31556964,0.9033907,0.80386126,0.34235302,0.30678606,0.8035174,0.26863205,0.961918,0.76886606,0.32392594,0.55580235,0.89956915,0.16704535,0.9181816,0.8783534,0.27612415,0.48921466
50074_aug.jpg,0.8457299,0.65897006,0.99238026,0.863587,0.6626741,0.99240255,0.86738837,0.66711617,0.9889206,0.8581192,0.66579664,0.99217004,0.8634294,0.6595832,0.9971922,0.8659596,0.6559095,0.9965184,0.862436,0.65112114,0.99805164,0.86837953,0.66350627,0.99007416,0.8626305,0.639703,0.99695885,0.8464508,0.6567881,0.99181104,0.84420466,0.6494469,0.9973085,0.87499934,0.6802291,0.9966344,0.8579335,0.6008804,0.99993145,0.87516475,0.70437086,0.5585559,0.8229869,0.5708192,0.9972337,0.8964878,0.717676,0.47859913,0.7772965,0.53851,0.99522877,0.9070358,0.7282412,0.39298066,0.76835704,0.52654123,0.98664284,0.90559065,0.72060364,0.38046384,0.76677376,0.5379824,0.98607963,0.8995015,0.7134994,0.33245224,0.77007914,0.54368746,0.97690046,0.9200971,0.59263015,0.9993123,0.91744894,0.55785364,0.9998142,0.8294179,0.5682253,0.43358997,0.8217542,0.5313394,0.81535876,0.770763,0.5239259,0.34732082,0.7728679,0.5086913,0.722831,0.76250076,0.51538897,0.44309944,0.7684511,0.5015764,0.63471,0.74797714,0.52014583,0.36917943,0.7471267,0.5168864,0.5935731
51747.jpg,0.86935806,0.30972305,0.9997694,0.89246136,0.3024736,0.9994203,0.89266205,0.30099505,0.9996275,0.89276683,0.29905975,0.99937683,0.8949779,0.29685488,0.99979943,0.89671266,0.2913703,0.99990463,0.89800966,0.28505993,0.9998354,0.8865684,0.2614666,0.9995152,0.89259094,0.24660912,0.9999536,0.8464547,0.29711545,0.9992042,0.84777975,0.29043424,0.9997073,0.75348294,0.24510342,0.9984719,0.77068424,0.21371996,0.9999968,0.539195,0.19870374,0.197802,0.5482788,0.18466991,0.9967141,0.36717284,0.18557459,0.18615071,0.3457265,0.16964963,0.9901736,0.3183726,0.19103482,0.15855858,0.28946,0.1576334,0.96970683,0.3049263,0.19367829,0.15155616,0.27574766,0.16990814,0.9652151,0.3214427,0.19452542,0.14014538,0.29241258,0.17908934,0.9438368,0.46739498,0.48324707,0.99981064,0.46472624,0.48276722,0.99996233,0.18227431,0.5607088,0.5362282,0.15220228,0.57996976,0.9992631,0.20005722,0.21998176,0.509905,0.17481983,0.2168521,0.9893058,0.2498998,0.17536205,0.56129086,0.21759853,0.17421547,0.97961444,0.10526109,0.13936478,0.6452318,0.06036493,0.12069306,0.978555
58606.jpg,0.17829263,0.39561284,0.99893147,0.16164666,0.3850299,0.99860424,0.16102764,0.3815626,0.999305,0.1602782,0.37783417,0.99861217,0.16196483,0.38703185,0.99782443,0.16150773,0.3850626,0.99855846,0.16087103,0.38263726,0.99795616,0.16359955,0.34935144,0.9994522,0.16269904,0.3548158,0.99884677,0.19390237,0.38399065,0.9983708,0.19460636,0.3866541,0.9971175,0.24780238,0.30115974,0.9999888,0.25046337,0.3410601,0.9993561,0.364016,0.2442434,0.99564505,0.35911182,0.26962268,0.22769947,0.4727062,0.20265493,0.98917085,0.4583278,0.22925287,0.36080214,0.5018961,0.19632295,0.9762112,0.48828354,0.22560087,0.35245666,0.50150627,0.2092489,0.97215635,0.49179906,0.22668575,0.3525316,0.49142498,0.21216951,0.962928,0.48291448,0.22875835,0.33189663,0.48361808,0.4379758,0.99925274,0.47672546,0.45101523,0.9980951,0.6834631,0.45568764,0.98694533,0.66662836,0.45116746,0.17608309,0.5932164,0.20277904,0.98105615,0.60048443,0.2380246,0.44540575,0.55759954,0.18100984,0.9881307,0.58281446,0.22653055,0.646568,0.64790046,0.13147143,0.97829264,0.6412007,0.15007046,0.6624538
64903_aug.jpg,0.41378158,0.83631337,0.99980193,0.40908495,0.8591907,0.9994844,0.4103584,0.86090064,0.99962986,0.4118533,0.8628632,0.9994547,0.4102226,0.8607435,0.99982125,0.41229305,0.86353815,0.99990237,0.41477138,0.8666538,0.9998448,0.44030792,0.87659985,0.9994592,0.4422703,0.8804169,0.9999671,0.43286258,0.82571685,0.9995635,0.43402863,0.82803065,0.9998041,0.52979094,0.7920184,0.99884254,0.5397111,0.827448,0.9999963,0.66395664,0.698008,0.33344942,0.66929036,0.71821624,0.9975442,0.75386935,0.6031809,0.3131319,0.76126105,0.6103667,0.99334127,0.7704384,0.5821977,0.26177537,0.78565836,0.58946526,0.97235435,0.7755878,0.57792914,0.25081065,0.78416705,0.58272517,0.967659,0.76856697,0.58462995,0.22600228,0.7752942,0.58729243,0.93863857,0.52468073,0.49274683,0.9999169,0.5295071,0.49199525,0.999974,0.6330429,0.27598894,0.4546955,0.6294637,0.2469043,0.9987122,0.82830095,0.4560215,0.35721833,0.84692144,0.46509632,0.9816975,0.8459668,0.50097823,0.36888367,0.85911834,0.50032896,0.97321236,0.9423818,0.44309223,0.47321966,0.96937156,0.44188395,0.967666
65637_aug.jpg,0.699942,0.77999717,0.998075,0.7178279,0.8020441,0.9975925,0.7179272,0.8023747,0.9980248,0.71860105,0.8021343,0.9984371,0.7276587,0.79824275,0.99807966,0.73396873,0.796014,0.99806505,0.74126375,0.7930059,0.997677,0.7502452,0.7884512,0.9987727,0.76953465,0.7781788,0.99733573,0.700111,0.7576322,0.9933408,0.71077937,0.75551,0.99619687,0.6690823,0.699775,0.99893826,0.76043224,0.6987239,0.9994254,0.7664602,0.58382106,0.19137008,0.86253583,0.53603345,0.9406132,0.66790855,0.58646095,0.4276564,0.664684,0.56107485,0.65006,0.6323972,0.5720304,0.4546707,0.6124624,0.5375427,0.6613414,0.6323596,0.5791228,0.47397318,0.61512196,0.5778792,0.65109015,0.6629932,0.594425,0.4614419,0.62510884,0.574542,0.6423007,0.78525066,0.37813616,0.99986744,0.8276065,0.3664816,0.99981195,0.43505794,0.27106845,0.83319646,0.40146923,0.2415047,0.99649185,0.6812353,0.14001024,0.76665944,0.7246865,0.10837861,0.99420387,0.739102,0.1420493,0.8644287,0.78706354,0.11023771,0.9936977,0.75236154,0.039275303,0.7976687,0.7839616,0.005804524,0.9808038
70279_aug.jpg,0.42272028,0.7549257,0.988224,0.4157527,0.7828187,0.98703617,0.4087206,0.7860364,0.99120086,0.40101868,0.7898073,0.9872636,0.4288487,0.7797735,0.98642194,0.43092978,0.7803045,0.98883235,0.4322338,0.78106576,0.9879055,0.36698374,0.80012023,0.9931799,0.3951491,0.7910958,0.99169767,0.39483643,0.7391429,0.99079597,0.4122122,0.73877084,0.98358583,0.3252813,0.69014573,0.9999484,0.3551479,0.6859221,0.99826765,0.19014353,0.507359,0.99494135,0.20791306,0.5000906,0.19309886,0.08120957,0.32559496,0.98463756,0.15797171,0.36323103,0.16743423,0.046308666,0.28374344,0.9630337,0.14477298,0.3316414,0.16387232,0.055011302,0.2737537,0.958229,0.14279711,0.31985492,0.15196164,0.070280164,0.28452244,0.95266694,0.16074929,0.33150053,0.13724127,0.5200097,0.30580395,0.9983973,0.5212858,0.3184259,0.9911345,0.5735375,0.007466942,0.96591705,0.5427357,0.04312753,0.17180368,0.24566577,0.19923402,0.8801819,0.27181756,0.23785429,0.20232257,0.22699095,0.25789005,0.9229499,0.26115003,0.29666507,0.357946,0.0857113,0.23440802,0.87676805,0.17985211,0.22849718,0.37007576
75187_aug.jpg,0.6956444,0.7266254,0.9967853,0.70490026,0.7428836,0.99644107,0.70452166,0.74605,0.9978759,0.7041074,0.749123,0.9967313,0.7042886,0.7387859,0.99450785,0.7033645,0.7393123,0.995761,0.7025802,0.73960245,0.99477047,0.69087493,0.76155686,0.99808925,0.6918268,0.7514143,0.9955114,0.6778553,0.73357946,0.99484164,0.678125,0.7278466,0.9897725,0.6115022,0.7661513,0.99998534,0.6021635,0.73471415,0.99900025,0.5020066,0.7773793,0.990851,0.47834447,0.7441386,0.2154899,0.3830068,0.7752016,0.9848952,0.38536254,0.7432503,0.37037587,0.34192923,0.78092426,0.9710263,0.32421058,0.73863393,0.36765525,0.33748,0.770245,0.9666163,0.3223353,0.7348462,0.35746652,0.3538363,0.76344335,0.9514512,0.33327076,0.7370399,0.33439788,0.4522133,0.56065917,0.9996891,0.46067762,0.543699,0.9989103,0.30160767,0.47673586,0.98631763,0.31367794,0.4846456,0.18986937,0.28151584,0.71692574,0.97216684,0.29173404,0.6907153,0.27527565,0.309058,0.7430982,0.98684096,0.31038588,0.70647115,0.5084693,0.21048419,0.75242335,0.9694458,0.24046858,0.74123126,0.4932224
77208.jpg,0.014920235,0.3999768,0.97295827,-0.026107788,0.42374134,0.9703166,-0.027805984,0.4218624,0.9731891,-0.029374123,0.41992623,0.97469634,-0.022603989,0.4315459,0.9555713,-0.020589888,0.43987322,0.95568544,-0.018733382,0.44809842,0.9543642,-0.011459887,0.44608027,0.9800132,0.0023572445,0.47826964,0.9653423,0.064415336,0.41627586,0.9887854,0.069963336,0.4328848,0.9831207,0.13895518,0.46550378,0.9990896,0.1682949,0.42167455,0.99746895,0.34663284,0.27289045,0.28332737,0.38691902,0.20761241,0.64984375,0.455773,0.04256393,0.38347736,0.5259451,0.022475779,0.48562914,0.4694044,0.008872345,0.4061972,0.5533234,-0.036842838,0.48363787,0.47420928,0.012863576,0.42246938,0.5228914,-0.031600878,0.47559488,0.47488534,0.033724993,0.407388,0.5226934,-0.0034082532,0.45836332,0.65163434,0.30068922,0.99006736,0.6679298,0.28356677,0.97744316,0.7345995,0.20107801,0.14819145,0.7410278,0.1910316,0.25457722,0.90814656,0.13067293,0.11260817,0.87266,0.08480926,0.108560815,0.93713,0.125168,0.17766763,0.90280795,0.08501242,0.21718407,0.94526243,0.066211745,0.119523466,0.89514273,-0.01309219,0.110311165
80145.jpg,0.28190687,0.7369484,0.99508554,0.28058785,0.75724804,0.9933482,0.28173238,0.75823075,0.9935179,0.28300178,0.759302,0.99302715,0.28299898,0.7609638,0.99558014,0.2860837,0.76466286,0.9963625,0.28929442,0.76848793,0.9960305,0.30528748,0.7714543,0.99334127,0.3105449,0.7812024,0.997412,0.29702723,0.72796917,0.9904834,0.30067104,0.73239267,0.995083,0.38181376,0.7110619,0.9970612,0.3846609,0.7609679,0.9998951,0.53128475,0.67084485,0.36829764,0.5200929,0.72892153,0.98850095,0.63575405,0.6533638,0.40843758,0.6440034,0.68075085,0.9889107,0.6692629,0.64105684,0.38556218,0.68946457,0.6696556,0.9811655,0.6679116,0.6426631,0.3831417,0.68779093,0.66088134,0.9816928,0.6549005,0.64627045,0.3411627,0.6730931,0.66137767,0.9758493,0.4799751,0.44669622,0.9965372,0.492285,0.47551015,0.99877554,0.659942,0.35979047,0.383423,0.68233657,0.3597533,0.9617732,0.8130903,0.34267265,0.55371505,0.8469668,0.40570375,0.980357,0.8521072,0.37562114,0.72548276,0.86864746,0.42923585,0.98466694,0.9064146,0.35851464,0.69113797,0.895768,0.36060798,0.9802695
80166.jpg,0.30255237,0.73600256,0.9999435,0.28941926,0.75096834,0.9999552,0.28987962,0.7525095,0.99994624,0.2904709,0.75439775,0.99996066,0.29048482,0.75343126,0.9999778,0.29176238,0.7565862,0.9999751,0.29325265,0.76013577,0.99997747,0.31354243,0.78425044,0.99994516,0.3147571,0.78743726,0.9999957,0.32315546,0.7326015,0.9999106,0.3250656,0.7363612,0.9999795,0.40081042,0.7427335,0.9999732,0.43590814,0.77749413,0.99999845,0.51199615,0.66656405,0.105151996,0.60805446,0.74635816,0.99171513,0.4573953,0.6176937,0.13871732,0.4612348,0.6164813,0.96426564,0.44677973,0.6031644,0.17831245,0.44608396,0.57899964,0.9187199,0.42956764,0.59333104,0.16694047,0.4335409,0.58128667,0.9009812,0.43013608,0.59830326,0.17169818,0.43749756,0.5948907,0.8529238,0.5843181,0.50937885,0.9999664,0.60407144,0.52178955,0.9999769,0.71122766,0.34169096,0.52338827,0.71334857,0.28336978,0.99272,0.8415241,0.5596529,0.5093851,0.8553924,0.58088505,0.9656323,0.84438777,0.6057032,0.5356287,0.8548143,0.6234169,0.97320694,0.94087195,0.5553052,0.5312969,0.9670958,0.58416075,0.959773
86274.jpg,0.74923295,0.6438834,0.9997043,0.76381636,0.6553247,0.99971265,0.76465905,0.65843034,0.999833,0.76549524,0.66166353,0.9996214,0.7629,0.6530966,0.9995881,0.7629707,0.6545088,0.99973625,0.7630221,0.65634984,0.99965024,0.7620219,0.68246716,0.9998746,0.7605447,0.67689884,0.9998493,0.7343041,0.6578605,0.9994949,0.7332703,0.6548146,0.99923134,0.6889043,0.7194058,0.9999969,0.6771651,0.69867975,0.9998852,0.57721126,0.76406467,0.99093306,0.5607874,0.7408414,0.65090156,0.47985402,0.7942558,0.9755172,0.47267646,0.77188754,0.7938091,0.44819722,0.81298554,0.9537213,0.42069444,0.78475356,0.7273341,0.43601122,0.8080803,0.9452781,0.42132694,0.781615,0.71408594,0.44704294,0.79512215,0.9269293,0.43177578,0.7772558,0.709499,0.4863565,0.5785824,0.99994683,0.4885085,0.56573635,0.99987924,0.30872685,0.5329218,0.99789536,0.32141966,0.54937303,0.3174905,0.3657004,0.7466192,0.98991615,0.35811448,0.726069,0.624456,0.4032818,0.76178515,0.9914308,0.3841964,0.7469781,0.74102575,0.31594744,0.8212644,0.98665047,0.3185497,0.78227645,0.7373827
88888.jpg,0.7247374,0.17909849,0.98387975,0.71637094,0.15077853,0.98699796,0.7122191,0.14852262,0.9875485,0.70773935,0.1460836,0.98257345,0.7162688,0.14863425,0.99133635,0.7124418,0.14532822,0.99237216,0.7082259,0.14188838,0.9923684,0.66320115,0.13334614,0.9831941,0.6674503,0.13074332,0.9945062,0.69442564,0.19713002,0.9765346,0.6940322,0.1941908,0.99012613,0.5580093,0.23833913,0.99227774,0.56828505,0.17212611,0.999877,0.35299566,0.29502597,0.15307008,0.38658512,0.20270807,0.97867405,0.22140422,0.38287696,0.12344041,0.2358792,0.33219475,0.95881903,0.1883978,0.40121576,0.1447934,0.17011449,0.35379106,0.92988634,0.17058116,0.41723907,0.13824911,0.18284145,0.3801734,0.92657596,0.20021182,0.42006496,0.13024609,0.20939888,0.38083652,0.914631,0.48937178,0.674643,0.9969735,0.47817895,0.6429751,0.99947363,0.35430884,0.8187186,0.24676853,0.17258206,0.8171249,0.963864,0.12568438,0.44933793,0.47871503,0.11365864,0.42735618,0.9386188,0.15536112,0.4009901,0.63276446,0.13872775,0.39051843,0.93263763,0.042012125,0.40719706,0.59678364,0.011813194,0.3192979,0.93633914
91413.jpg,0.68171203,0.6933905,0.9941948,0.6935575,0.71479833,0.99493414,0.6921216,0.721117,0.99645054,0.69089377,0.72810405,0.9946008,0.69723684,0.7078583,0.9947836,0.69818926,0.70913434,0.9959074,0.6992378,0.7109425,0.9954312,0.6734563,0.76859224,0.9962919,0.6839348,0.75280434,0.99563843,0.6557021,0.7086694,0.9937715,0.6631925,0.6974392,0.98936045,0.51664615,0.7803833,0.9999391,0.5694066,0.74241596,0.99884135,0.30568764,0.7677478,0.9967783,0.3520364,0.7295073,0.33127975,0.1153989,0.7550429,0.99495935,0.20433554,0.71110505,0.51921266,0.055466115,0.7567839,0.9872199,0.1788328,0.72400224,0.46886018,0.06498982,0.73441356,0.9862315,0.16213715,0.6854849,0.46522516,0.0918656,0.72918475,0.9799731,0.1787427,0.68782777,0.4140711,0.36254442,0.36323592,0.9989077,0.39115,0.3597316,0.996247,0.12733881,0.14918253,0.97586197,0.1861259,0.19115,0.2586316,0.11049351,0.54393685,0.91364,0.1608522,0.56012315,0.42692116,0.15791212,0.61357397,0.96717703,0.18841165,0.5982777,0.66422933,0.039401025,0.6786897,0.9393636,0.07022895,0.6071737,0.6208809
92839.jpg,0.22931823,0.40154794,0.9996482,0.21168146,0.4002346,0.99962735,0.20940003,0.3974982,0.9998209,0.20688853,0.3944719,0.99967325,0.21397626,0.40317428,0.9990325,0.21362624,0.4027893,0.9992956,0.21309039,0.40215352,0.99896145,0.19983104,0.37387064,0.9998815,0.20533136,0.38022014,0.9991381,0.236862,0.3874295,0.9994246,0.23930463,0.3905562,0.9984773,0.2715868,0.31820458,0.99999857,0.27748126,0.3455414,0.9995228,0.38798866,0.25648478,0.9988464,0.38718283,0.28924334,0.15685824,0.4842765,0.2097784,0.99472624,0.47659326,0.23138438,0.3369145,0.5077845,0.19016658,0.9872162,0.49836034,0.2147638,0.35014385,0.5122085,0.19402918,0.98506445,0.5042542,0.21428227,0.3495615,0.50633985,0.20154922,0.9770298,0.49691758,0.2226321,0.31812632,0.4849961,0.37112975,0.9998803,0.48130715,0.38271892,0.9995459,0.660041,0.34093323,0.99103385,0.6515698,0.34658152,0.20151162,0.6109731,0.15756272,0.9875924,0.605682,0.1858577,0.4873712,0.5696123,0.14302449,0.9824311,0.5808803,0.17568497,0.6259324,0.63339144,0.09874153,0.98768336,0.6413981,0.12357357,0.70934325
