11641_aug.jpg,0.267342,0.4225213,0.999795,0.2486676,0.42083567,0.99951625,0.24942109,0.41766554,0.9993488,0.25007108,0.41514385,0.999278,0.24584353,0.43418542,0.99958616,0.24490389,0.44049442,0.9995745,0.24366018,0.44898573,0.99934965,0.25793332,0.42688453,0.999366,0.24926445,0.47866142,0.9996823,0.28787613,0.42288086,0.9994747,0.28506407,0.43917894,0.99951386,0.3560003,0.39076185,0.9999094,0.36632037,0.5808735,0.9964271,0.30568457,0.25777927,0.990957,0.38481665,0.742127,0.96693826,0.25611734,0.1257506,0.99221206,0.36994755,0.8720672,0.84130967,0.24168572,0.08177993,0.97584677,0.34741578,0.8999418,0.7495922,0.23103297,0.08067575,0.9794201,0.34921816,0.8999069,0.77847135,0.23490283,0.09374687,0.9834557,0.3552433,0.8843238,0.79017913,0.68184465,0.5112152,0.99870026,0.62298954,0.5722884,0.95949495,0.8519,0.6848897,0.99081904,0.4621548,0.76810825,0.6788001,0.9752257,0.8215944,0.9110727,0.2842908,0.93557686,0.64231914,0.9695728,0.85673344,0.858615,0.26980096,0.96701455,0.6677298,1.0468962,0.87102926,0.8635275,0.19278991,1.0010794,0.6982514
12229.jpg,0.24867263,0.48738077,0.99987006,0.23375702,0.47495145,0.99851125,0.23400652,0.47142336,0.99953735,0.23436081,0.4684998,0.9982747,0.23332497,0.4831016,0.9990233,0.23302466,0.48359656,0.9995395,0.23284924,0.48448437,0.99873513,0.24212623,0.45427963,0.99896634,0.24106923,0.4772882,0.999788,0.26530513,0.47507825,0.99915385,0.2645311,0.4829863,0.99954516,0.311255,0.3882578,0.99971014,0.3360262,0.5185074,0.9999988,0.27291882,0.28742233,0.92467153,0.37972045,0.612226,0.9932694,0.21976706,0.18451242,0.89850307,0.3732888,0.70924175,0.9936898,0.20091471,0.1637209,0.85217804,0.36789006,0.736781,0.9852149,0.1908584,0.16298209,0.86633825,0.3618537,0.73690176,0.9871154,0.19999352,0.16877371,0.8891398,0.36466467,0.72594297,0.9902654,0.5037541,0.35981983,0.9994723,0.5598652,0.3849629,0.99996614,0.34844574,0.26340407,0.9360977,0.64366174,0.2551874,0.99806243,0.2046552,0.16591607,0.9654927,0.7189975,0.10058901,0.99344313,0.19762439,0.1395975,0.98271817,0.71456313,0.07928729,0.99155664,0.10796711,0.16498153,0.98697436,0.7534896,0.043443114,0.9936707
16775_aug.jpg,0.5359589,0.7590478,0.9997063,0.54870766,0.76998794,0.99976295,0.5532038,0.76840484,0.99969435,0.5577224,0.7665931,0.99978155,0.53716165,0.7729027,0.9998511,0.5338198,0.77335984,0.99981564,0.5302602,0.77378565,0.9998242,0.56364226,0.7533556,0.99975985,0.52875626,0.7611244,0.9996207,0.54034996,0.7409458,0.9996269,0.5275089,0.7436769,0.99947506,0.5847806,0.66442376,0.99896574,0.45005772,0.6938772,0.9978999,0.70098287,0.6310115,0.9869082,0.30421248,0.7041459,0.99832815,0.813372,0.5991529,0.9300865,0.18211207,0.72226906,0.98300385,0.8473587,0.6129484,0.8557093,0.13996622,0.7289327,0.9653419,0.84345984,0.625653,0.850136,0.14330333,0.7400429,0.96541756,0.8327627,0.6140682,0.77845436,0.15766487,0.73588705,0.93773437,0.4917124,0.4189506,0.990947,0.46543902,0.43895614,0.9926428,0.67836,0.39232498,0.94921297,0.6365881,0.3142519,0.8368382,0.84830594,0.41370517,0.8899241,0.7978318,0.29049188,0.89212495,0.86733824,0.40450427,0.82305753,0.81611156,0.26186168,0.90200114,0.9192575,0.46119797,0.863912,0.8629893,0.31851417,0.8968627
17941_aug.jpg,0.4893049,0.2697098,0.99982005,0.4996441,0.2674026,0.99971205,0.50322354,0.26898772,0.9997048,0.50711745,0.27059168,0.999666,0.4917333,0.26547384,0.9993406,0.48936668,0.2659828,0.999153,0.48691428,0.26671174,0.9989083,0.5109424,0.28340057,0.99968433,0.4810136,0.2808353,0.99892235,0.49314702,0.28619576,0.99981505,0.4815731,0.28303474,0.99963117,0.57791615,0.38593423,0.99984705,0.40280664,0.34137973,0.9999343,0.7107266,0.44466627,0.9901811,0.2811601,0.27293652,0.991,0.85575485,0.51266515,0.92168206,0.18309322,0.22065353,0.9659724,0.91082567,0.5289929,0.7970987,0.14895958,0.20065624,0.9009051,0.92013836,0.5342804,0.8190498,0.17953172,0.19926006,0.89950365,0.90244925,0.5347964,0.8493318,0.18912974,0.20947197,0.914804,0.6111745,0.5314391,0.999286,0.5727714,0.5947632,0.99991333,0.7830141,0.5610987,0.8898299,0.7346214,0.72297704,0.9860399,0.9512422,0.57331467,0.74199694,0.89332724,0.84634376,0.97590464,0.96312344,0.5790024,0.6537636,0.9113953,0.84878623,0.91455096,1.0060706,0.55099946,0.6869674,0.94029826,0.86170316,0.9478716
2082.jpg,0.43395358,0.75049734,0.9991603,0.43978533,0.76578456,0.99954635,0.44467175,0.766152,0.9993808,0.44972286,0.7662916,0.99949586,0.42780232,0.76421475,0.99971956,0.42439848,0.76349354,0.9997074,0.42099375,0.7626767,0.99969566,0.45909017,0.7564553,0.9995851,0.42222482,0.751886,0.99936146,0.44493085,0.7363536,0.9993351,0.4316352,0.73404336,0.99927264,0.5189993,0.68465304,0.99982506,0.36868504,0.6586355,0.998184,0.64105576,0.7121166,0.9951434,0.2389062,0.6048381,0.99831235,0.74809664,0.7275857,0.97684014,0.12149662,0.573442,0.9753557,0.771943,0.74833834,0.94300854,0.08048415,0.5610219,0.945732,0.76347333,0.7571591,0.93894094,0.07907766,0.57337916,0.9427045,0.757763,0.7473235,0.898143,0.09375548,0.5760876,0.9088226,0.52987546,0.42100078,0.99977034,0.49716365,0.43648657,0.9962082,0.7542183,0.3544823,0.9977945,0.6380335,0.5757477,0.2912908,0.9157601,0.3075621,0.9901363,0.7601887,0.70922226,0.5860272,0.94717515,0.29042405,0.9749722,0.78791416,0.7119064,0.7202533,0.947911,0.3695461,0.98317045,0.74784184,0.81893384,0.7733922
20881_aug.jpg,0.43640852,0.27094403,0.99999285,0.4192955,0.2655939,0.9999906,0.41894597,0.26468205,0.9999882,0.4185512,0.26377994,0.9999914,0.41520393,0.27295828,0.99998844,0.41177619,0.27769762,0.9999838,0.4079616,0.28283918,0.9999865,0.41274586,0.27620178,0.99999475,0.39975733,0.3028587,0.9999933,0.44769475,0.2787863,0.99999404,0.4421863,0.2873388,0.9999926,0.5273262,0.28950098,0.9999919,0.39819312,0.3836477,0.99999774,0.66108364,0.25690025,0.99866533,0.26608935,0.44668046,0.99893445,0.7924107,0.22726575,0.9863246,0.14494988,0.5095722,0.99192035,0.8303803,0.21777669,0.95976704,0.1079323,0.52729625,0.9783474,0.82932174,0.21047142,0.9657435,0.10293263,0.5254371,0.9816413,0.82019156,0.21761274,0.97040254,0.1187565,0.51821005,0.986019,0.62172985,0.46799,0.9943243,0.57441497,0.5033143,0.99847597,0.7792872,0.52756816,0.90952843,0.72165626,0.39391667,0.97519106,0.9179362,0.43940583,0.8850579,0.9217016,0.38466385,0.951699,0.93791723,0.44293505,0.902126,0.94334304,0.38322946,0.95560765,0.9724379,0.39150035,0.9089396,0.9790269,0.33477706,0.9376647
21751.jpg,0.8786726,0.5688327,0.99999666,0.89641964,0.57675695,0.99999654,0.8961328,0.5816587,0.9999939,0.89580894,0.5871307,0.9999926,0.8964101,0.5581995,0.9999968,0.8960785,0.55084735,0.99999523,0.8957654,0.5436187,0.9999949,0.8821642,0.592801,0.9999931,0.88301194,0.5291072,0.99999654,0.85298514,0.5784253,0.9999933,0.85559297,0.5524993,0.9999951,0.72918004,0.63508475,0.9998801,0.75779533,0.45959982,0.9999622,0.64855886,0.76007736,0.9438216,0.7972977,0.3311143,0.9951018,0.62627196,0.88502884,0.92001635,0.84421253,0.21644244,0.9929559,0.63743585,0.9175541,0.8821061,0.8619336,0.17829543,0.9818756,0.6403526,0.92209566,0.8920242,0.8685557,0.17947587,0.98544264,0.63396263,0.91039836,0.88901436,0.8612993,0.19187188,0.98858696,0.41823515,0.52932835,0.9999182,0.4051679,0.48987406,0.99958545,0.18845677,0.6284412,0.98494244,0.5290139,0.7011491,0.9956553,0.010723323,0.70747256,0.99233705,0.51739985,0.9494107,0.98968595,-0.037838757,0.7053069,0.9948403,0.5004152,0.97519827,0.9720497,-0.025616944,0.8144436,0.9890226,0.5791985,1.0408128,0.98545593
23344_aug.jpg,0.4626717,0.17282864,0.999995,0.4649228,0.15608099,0.9999763,0.46864536,0.15564132,0.9999819,0.47244918,0.15532482,0.9999769,0.4525451,0.15754136,0.99998295,0.4469088,0.15844628,0.9999845,0.4405643,0.1597692,0.99996674,0.4739244,0.1645681,0.99998546,0.424303,0.17212036,0.9999771,0.4701099,0.19226143,0.99998975,0.45319924,0.19554245,0.9999819,0.54336494,0.25369972,0.9999871,0.37560818,0.2820553,0.9998441,0.6958935,0.22261158,0.99959594,0.23229165,0.29835844,0.9664719,0.8341472,0.20025834,0.9980831,0.100284845,0.32937053,0.94098556,0.8796816,0.19007036,0.99324703,0.06883496,0.32614005,0.917277,0.8790003,0.1776855,0.9941302,0.06323892,0.31748384,0.927771,0.8623748,0.18376765,0.9951827,0.072772026,0.32245845,0.9403005,0.5089306,0.52855414,0.9997968,0.47630528,0.54583484,0.99983776,0.29200664,0.43928978,0.9740393,0.3370083,0.7068913,0.9833009,0.085023195,0.3799529,0.99083143,0.17599693,0.85493076,0.9943663,0.051987767,0.396581,0.98733413,0.16808349,0.8893639,0.9942187,0.021522284,0.28352916,0.9939726,0.091388375,0.839494,0.9938692
24195_aug.jpg,0.6491089,0.19811635,0.9999249,0.64401245,0.18568347,0.9996081,0.6436764,0.18567066,0.9997346,0.64334434,0.18565212,0.9996296,0.6388811,0.18511903,0.9996086,0.63477486,0.18467285,0.9997235,0.6298661,0.18405282,0.9993611,0.62075764,0.19090979,0.99982965,0.5980034,0.18686968,0.9997218,0.6424179,0.21041332,0.9996772,0.6347614,0.21106316,0.99938154,0.6568342,0.281968,0.99996793,0.48862892,0.2338425,0.9971891,0.7950741,0.3258183,0.9994012,0.35302752,0.18751433,0.9421915,0.9314464,0.3788988,0.9984353,0.23391312,0.12710097,0.89253014,0.9642056,0.3843066,0.9944167,0.20277351,0.108846664,0.8657741,0.9705924,0.38249,0.99563354,0.19935971,0.103669405,0.8901414,0.9585746,0.38291097,0.99696785,0.20915881,0.10952124,0.92556864,0.49969545,0.40815046,0.9968274,0.47886088,0.3238396,0.9829994,0.27688754,0.41773635,0.9780286,0.31599772,0.21130589,0.7341157,0.084622055,0.41852942,0.9552602,0.14694464,0.12263358,0.8760688,0.058919698,0.41593572,0.90817213,0.15136224,0.09080124,0.9522075,0.027240425,0.43397164,0.9671783,0.12499666,0.06357446,0.916266
24959_aug.jpg,0.24486402,0.51300335,0.9999907,0.22885823,0.49832803,0.9999496,0.22956511,0.491718,0.999969,0.23067525,0.48532495,0.99992657,0.22650146,0.5110072,0.9999614,0.22550523,0.5136193,0.99996996,0.22448248,0.5162846,0.99994874,0.24078393,0.46613798,0.99995327,0.2331594,0.5036905,0.9999851,0.26255882,0.49923414,0.99997187,0.25989896,0.5174214,0.9999776,0.34628272,0.40559053,0.9998739,0.3273418,0.55879426,0.99999976,0.39139977,0.28327173,0.94845605,0.28888002,0.6855984,0.9970188,0.40014887,0.17247126,0.6982401,0.22230247,0.78602207,0.992461,0.39679557,0.15626669,0.5990246,0.20467332,0.81505126,0.9798049,0.3915162,0.15464658,0.6196192,0.1953491,0.81201994,0.98138684,0.39579922,0.15754086,0.6790153,0.20061997,0.8020221,0.98646367,0.5580134,0.43186194,0.99890673,0.61246604,0.4997118,0.99997723,0.47283873,0.26448914,0.9065262,0.7760255,0.37680936,0.99919194,0.40055057,0.110569745,0.89980215,0.9302584,0.2551846,0.99715245,0.4102944,0.07974467,0.95218855,0.93620163,0.2399281,0.9937551,0.33163634,0.043401033,0.9461027,0.95669127,0.23103435,0.99463487
28406.jpg,0.63796556,0.5939965,0.9999968,0.6531749,0.59560204,0.999977,0.6535903,0.5953948,0.99998343,0.6539492,0.5950662,0.9999708,0.65566146,0.59103,0.99998665,0.6578183,0.587488,0.9999925,0.6601217,0.5833787,0.99998164,0.657057,0.57620865,0.9999907,0.664429,0.557849,0.9999939,0.6275012,0.5812146,0.9999857,0.6304894,0.5743955,0.9999889,0.57696944,0.587779,0.9999969,0.6228978,0.435585,0.99985707,0.56619066,0.7310424,0.99985147,0.63755274,0.302095,0.9701296,0.55589837,0.87202483,0.9994981,0.64827466,0.17304298,0.9157003,0.5565484,0.91202486,0.9973537,0.6567539,0.13874808,0.8935756,0.55940586,0.91838366,0.99781007,0.6581755,0.13438421,0.91120994,0.5588244,0.90404975,0.99832386,0.6523776,0.1467669,0.9336735,0.40362796,0.43771702,0.9995296,0.47072375,0.40026203,0.99725336,0.33874127,0.25533435,0.9984723,0.5537549,0.24724552,0.90226436,0.26583225,0.088634074,0.9857993,0.66626644,0.10741404,0.97380674,0.26082224,0.069208205,0.9650396,0.6683148,0.066405535,0.9871969,0.2433864,0.041663826,0.9905335,0.7313893,0.064833134,0.9858214
28491.jpg,0.413291,0.29593167,0.9997148,0.3944729,0.29576308,0.9991405,0.3931318,0.29665717,0.99926096,0.3918779,0.2976697,0.99901676,0.39284888,0.2988863,0.9994543,0.39013267,0.30187458,0.99960953,0.38714126,0.30530068,0.9992797,0.38512534,0.3207412,0.9996617,0.37411252,0.33351564,0.9996674,0.41898194,0.30882403,0.99945956,0.41602418,0.31438616,0.99952793,0.4740879,0.35149312,0.99996185,0.3443604,0.4395059,0.99919575,0.5683163,0.24974376,0.99699056,0.22863746,0.5191331,0.9711505,0.66676974,0.15638733,0.99038166,0.14221525,0.5896323,0.89688283,0.6864681,0.12588173,0.9669969,0.11044192,0.60369337,0.84181297,0.69001645,0.118760556,0.9722062,0.10427946,0.60241306,0.8659788,0.68503994,0.13318464,0.97970486,0.11657229,0.60157454,0.89634806,0.54735136,0.57100266,0.9995276,0.4636826,0.5445473,0.9955212,0.4805542,0.7607638,0.9974686,0.26147828,0.5835152,0.74456906,0.4148014,0.9388107,0.9855214,0.091404945,0.60687435,0.9231104,0.40924224,0.95389295,0.96715194,0.07025045,0.6311737,0.9589139,0.36681437,0.9760628,0.9837053,0.012780875,0.5774375,0.94594103
28499.jpg,0.25689957,0.41447264,0.99998546,0.24814606,0.39382553,0.9999404,0.25132915,0.38763076,0.9999565,0.2547465,0.38224897,0.99992096,0.24155957,0.4055966,0.9999492,0.23981684,0.40775323,0.99995255,0.23808274,0.40965164,0.99993205,0.27159882,0.36649972,0.9999454,0.25057307,0.39875573,0.9999707,0.28210932,0.41062468,0.9999683,0.27169922,0.42469478,0.9999697,0.3949405,0.35123375,0.9998518,0.3153338,0.4842868,0.9999994,0.4847861,0.25542635,0.9643378,0.229094,0.5894784,0.9960582,0.5389997,0.15376383,0.7330693,0.12798384,0.6528835,0.98792773,0.5457234,0.13402092,0.6107984,0.099865824,0.67626595,0.9649899,0.5436838,0.13002315,0.6375146,0.09399289,0.6695113,0.96821743,0.54554003,0.13541973,0.7075058,0.10271639,0.66040105,0.9778667,0.5795514,0.46053496,0.9986349,0.6047446,0.54643327,0.9999536,0.5665522,0.27333444,0.7963597,0.80525297,0.49788472,0.99767727,0.56326044,0.10470036,0.720929,0.9743066,0.43808544,0.9915536,0.58064586,0.085642666,0.85634655,0.9813429,0.42710292,0.9860619,0.52949154,0.025793105,0.83382046,0.99664384,0.42976284,0.9868374
29293_aug.jpg,0.56911993,0.18710744,0.9999846,0.563583,0.17361249,0.9999218,0.56443065,0.17341295,0.99994254,0.56535876,0.17338134,0.9999201,0.55589926,0.17375983,0.99993086,0.55095696,0.17371105,0.9999509,0.54527426,0.17381904,0.99989486,0.5507852,0.17905065,0.9999609,0.5181977,0.179354,0.9999548,0.56735766,0.19912727,0.9999163,0.5579094,0.20017141,0.99989784,0.6064794,0.25347763,0.99998045,0.42047226,0.25339794,0.9987154,0.7519116,0.26226407,0.99943215,0.2780367,0.23089914,0.971659,0.91258204,0.28097287,0.9991559,0.14765456,0.20035845,0.9472608,0.94566846,0.26920235,0.9967553,0.10672206,0.1924259,0.92604417,0.94830966,0.26419038,0.99747866,0.10302529,0.19088992,0.93995136,0.9374362,0.27301154,0.99814165,0.115662456,0.19356848,0.95607394,0.48358732,0.4072058,0.99953544,0.43718016,0.33089724,0.99854374,0.26797312,0.4715502,0.9898901,0.25183886,0.26468968,0.86827105,0.07758272,0.51737994,0.97123826,0.07677761,0.19096568,0.9500111,0.057542533,0.52129775,0.9570255,0.06565133,0.1550601,0.9761198,0.022149026,0.5462568,0.9782575,0.047356844,0.13564637,0.96520466
29548.jpg,0.29453248,0.78168523,0.99999094,0.29138178,0.8029243,0.99999404,0.2957912,0.80679834,0.9999925,0.30038282,0.81050754,0.9999943,0.27952573,0.7911369,0.99999404,0.2757327,0.78704655,0.9999912,0.2719128,0.78306305,0.99999106,0.31534827,0.8090234,0.9999958,0.27643138,0.7746676,0.9999924,0.31287944,0.77344275,0.9999933,0.30281064,0.7619928,0.9999857,0.43126616,0.76709515,0.9999747,0.3043225,0.6640018,0.99998224,0.5366327,0.8690589,0.9961039,0.23012996,0.5676687,0.9964489,0.57025534,0.945274,0.9857473,0.11798039,0.49495345,0.9721357,0.5870917,0.9692826,0.9671253,0.08523157,0.47070217,0.9558104,0.5941028,0.9649589,0.9643668,0.07732993,0.4860379,0.9518679,0.56747776,0.9600439,0.94250697,0.089030236,0.49439806,0.9231026,0.58455575,0.52235794,0.99980015,0.57659227,0.46103132,0.9999509,0.57732826,0.7448784,0.8338076,0.7893679,0.43074784,0.98275536,0.564118,0.9261441,0.84614545,0.9842116,0.414434,0.98074657,0.5828904,0.94294846,0.79321116,1.0149436,0.3864728,0.9716922,0.492761,0.99178755,0.8993673,1.0006996,0.38435584,0.9818757
30311.jpg,0.4009763,0.3858146,0.99996126,0.39131042,0.37652987,0.9998574,0.39201313,0.37674293,0.99987054,0.39290005,0.37698543,0.99984884,0.3858973,0.3786983,0.9998691,0.3826623,0.3806942,0.9998977,0.37905172,0.38316137,0.9998254,0.38689664,0.39042115,0.9999131,0.36401287,0.40284666,0.9998703,0.40695477,0.40049964,0.9998524,0.39991283,0.40488595,0.99981505,0.46727473,0.41085136,0.9999727,0.33974206,0.5055711,0.9985122,0.5765352,0.3114373,0.99926883,0.23706248,0.56563205,0.97679466,0.66825134,0.22036505,0.9993086,0.14547443,0.64420986,0.93484676,0.6972594,0.19560602,0.9970091,0.109663606,0.6583207,0.8936987,0.6958189,0.1915381,0.99755657,0.10529721,0.6588206,0.9088919,0.68530715,0.20080718,0.9981123,0.11608338,0.6582754,0.93030554,0.53417075,0.6437022,0.9987484,0.45722446,0.6290049,0.9938909,0.4695403,0.82149947,0.9891796,0.27312976,0.6689795,0.8004404,0.3844449,0.97140306,0.9455153,0.076779574,0.69826543,0.87835765,0.36779672,0.97985196,0.90633607,0.050718844,0.72302735,0.935884,0.35759112,0.9965465,0.9487905,-0.003612399,0.6770272,0.9265698
31326_aug.jpg,0.6154083,0.6636857,0.9970415,0.6167288,0.6851213,0.9976889,0.6161565,0.68656284,0.99809915,0.61528194,0.68740964,0.99819094,0.62153846,0.6821984,0.99765116,0.6259711,0.6836534,0.99763703,0.6289204,0.6826577,0.9976538,0.6340399,0.68754256,0.9977569,0.65144515,0.6849481,0.99716467,0.6200908,0.6489514,0.9974957,0.62891686,0.64887345,0.99784875,0.66894555,0.6436071,0.9958383,0.7055912,0.6354854,0.9988834,0.6166483,0.6214241,0.22233698,0.62762266,0.5894682,0.98894274,0.53028667,0.6128747,0.40238342,0.4934832,0.59387445,0.91128045,0.51094824,0.6156373,0.42136776,0.4589372,0.5909451,0.85460883,0.5087068,0.62159556,0.44176507,0.45296615,0.589887,0.84661,0.5182061,0.6173034,0.45074084,0.47153962,0.61210024,0.80510485,0.8469398,0.47022158,0.9951043,0.89508396,0.45882687,0.9990177,0.7226044,0.36152393,0.66104764,0.8034506,0.31968707,0.9981415,0.7421282,0.21708973,0.81358886,0.8111996,0.13085425,0.99746346,0.76721245,0.18127218,0.77028126,0.8300003,0.09862363,0.99026835,0.6729232,0.14576918,0.857427,0.7131189,0.077191114,0.9944818
32641.jpg,0.23500478,0.5192617,0.9999777,0.21715909,0.5318331,0.99992573,0.21668714,0.5321973,0.999918,0.21617627,0.5325753,0.99990594,0.21874043,0.53799546,0.99994004,0.21953285,0.5428128,0.9999521,0.2204966,0.54840714,0.9999238,0.22788498,0.548308,0.99995196,0.23536712,0.57526183,0.9999479,0.25373563,0.5182115,0.9999244,0.25542864,0.5264426,0.99992394,0.30866584,0.4737503,0.9999752,0.341757,0.64864606,0.99932814,0.2637679,0.33233953,0.9992291,0.34547073,0.80330753,0.994221,0.2103515,0.20457312,0.99886703,0.346224,0.95098704,0.9801515,0.19580272,0.16764951,0.99484247,0.346219,0.9922019,0.95648265,0.1874559,0.1677992,0.9957581,0.33795923,1.001494,0.9623825,0.19349036,0.17681745,0.99668956,0.3453096,0.980509,0.9686174,0.6211386,0.50133413,0.9991671,0.57060915,0.5802428,0.9927193,0.8054362,0.63485575,0.9986634,0.47367707,0.7948152,0.9213913,0.9690147,0.7955501,0.98415655,0.38971996,0.9838947,0.9569219,0.97514033,0.8216704,0.9550128,0.42328224,1.0426557,0.9728829,1.001085,0.8053061,0.97967815,0.34244508,1.052059,0.9692007
34197.jpg,0.53073174,0.24827978,0.9999833,0.54857326,0.23528203,0.99991477,0.5550963,0.23692816,0.9999441,0.5617111,0.238776,0.9998858,0.53665704,0.23090762,0.99993837,0.5341319,0.22934502,0.9999511,0.5320473,0.22775969,0.99992716,0.58037716,0.25219703,0.99991214,0.5437064,0.23702386,0.99997115,0.5401581,0.2708979,0.9999521,0.5235177,0.2644142,0.9999615,0.6203883,0.3663357,0.9997985,0.47269702,0.3165282,0.9999995,0.7271725,0.43361288,0.9401348,0.35463533,0.25476453,0.99745315,0.8330225,0.47094774,0.6707394,0.2702362,0.16963264,0.99256694,0.8543981,0.47340852,0.5692208,0.24527556,0.14744988,0.9784963,0.8566774,0.46847546,0.6001325,0.25016958,0.13933799,0.980662,0.85286963,0.47223863,0.6682002,0.25844485,0.14684433,0.9855854,0.54919165,0.57479405,0.99873227,0.47348258,0.6108204,0.99995947,0.73396254,0.518088,0.8512335,0.56066144,0.7929466,0.998519,0.9003901,0.4819561,0.8590566,0.65373796,0.95006156,0.9959079,0.91915154,0.49465567,0.93202674,0.66554666,0.9611975,0.9921583,0.970155,0.41985494,0.92278516,0.68731403,0.9776437,0.9934989
34489.jpg,0.6080616,0.6096103,0.9999553,0.61006767,0.6148282,0.9997009,0.6086925,0.6146945,0.9996927,0.60705155,0.61470246,0.99958175,0.61543643,0.6120135,0.9998665,0.61803716,0.6096926,0.99991846,0.62055385,0.60728467,0.9999012,0.6061485,0.6041519,0.9996505,0.6235048,0.5919336,0.99993515,0.6024296,0.59846425,0.9997868,0.6105242,0.5941948,0.9998579,0.543416,0.59521353,0.99995184,0.63277835,0.5004265,0.9998858,0.48842418,0.70022404,0.9996321,0.6904676,0.40356463,0.98846006,0.43198186,0.795131,0.99843246,0.74845684,0.32281208,0.96883696,0.41566706,0.82026684,0.99199814,0.7653692,0.30420476,0.92782307,0.41683835,0.8233282,0.99315065,0.76678044,0.30064398,0.9359439,0.42280883,0.8134553,0.9953406,0.7623886,0.30340093,0.94164765,0.5071231,0.38359934,0.9997514,0.5730641,0.3987566,0.9991366,0.5346477,0.23361954,0.9977428,0.70752585,0.34981441,0.94189394,0.56306404,0.0745652,0.99189454,0.8256886,0.26706004,0.9472674,0.5680058,0.05921054,0.9341292,0.8293799,0.24345513,0.93164665,0.5746918,0.036604673,0.98020554,0.88867354,0.26788205,0.9626089
36707_aug.jpg,0.72262156,0.61181587,0.9998041,0.7289611,0.62977314,0.9976954,0.7270353,0.6326919,0.99907684,0.7250404,0.6353144,0.99739146,0.73198783,0.6247144,0.99795806,0.7317406,0.62527126,0.9988412,0.73136604,0.6258184,0.9975362,0.7087772,0.6501859,0.9983911,0.7184642,0.633472,0.9994086,0.7019063,0.614274,0.9985934,0.70642996,0.6100147,0.99908066,0.61096495,0.665766,0.99953306,0.6496507,0.5591977,0.9999958,0.59441936,0.7882735,0.9153963,0.65556335,0.45608884,0.9899871,0.59958595,0.9083591,0.8201087,0.7059434,0.3697872,0.98759323,0.6034993,0.94107735,0.7111867,0.72397053,0.35074478,0.966511,0.6154727,0.9448798,0.72660357,0.72916317,0.3513906,0.96978164,0.61161155,0.9333043,0.7862385,0.721761,0.35696694,0.97607726,0.40669355,0.6154016,0.9983651,0.3856098,0.57478225,0.99987257,0.5030966,0.7696924,0.8495956,0.21351568,0.67716306,0.9863624,0.58120704,0.9327385,0.84223485,0.07010004,0.77033204,0.95656586,0.588513,0.9620459,0.9321409,0.063883275,0.79186106,0.9491267,0.6538938,0.973559,0.90189135,0.009836137,0.81437624,0.96027607
38867.jpg,0.5679261,0.36061755,0.9999763,0.5599467,0.36995146,0.9999014,0.5575294,0.36948204,0.99990463,0.5553008,0.36893415,0.999884,0.56862885,0.37383166,0.99989796,0.5723671,0.37638745,0.9999213,0.57639515,0.3791785,0.99987197,0.5584253,0.3691831,0.99993014,0.58718634,0.3855466,0.9999248,0.5690347,0.35274422,0.99993217,0.58196676,0.3583707,0.9999063,0.5551889,0.3108683,0.99999225,0.6387479,0.37940478,0.99927634,0.47309297,0.23314302,0.9997285,0.7036118,0.43213266,0.94751877,0.3828718,0.16610307,0.99949265,0.7725251,0.49209124,0.8386928,0.35459757,0.15214679,0.9972306,0.7832825,0.5195197,0.75159013,0.3504794,0.15244791,0.9978671,0.79310983,0.5183803,0.7801555,0.36038697,0.15700026,0.99843353,0.78434557,0.5059551,0.80684066,0.73294216,0.26450205,0.99972254,0.7219883,0.317428,0.998478,0.8622293,0.2887343,0.9867557,0.7709519,0.43706438,0.88217044,0.9740367,0.2953716,0.8956285,0.8127154,0.57023835,0.8594377,0.98419595,0.30526838,0.8230568,0.832196,0.5949788,0.9092337,1.0094925,0.2993426,0.85129327,0.79070365,0.6406841,0.8955957
40101.jpg,0.37298018,0.703338,0.99994195,0.3793349,0.71841264,0.99994874,0.37897563,0.7191641,0.9999473,0.37868458,0.71980923,0.9999522,0.3862636,0.71662134,0.9999337,0.39152822,0.7160332,0.99992645,0.3975743,0.71499825,0.99992764,0.39322084,0.71129775,0.9999571,0.42256814,0.7041594,0.99996233,0.37207454,0.6878606,0.9999541,0.38107997,0.68457663,0.9999639,0.3274961,0.6165889,0.9999546,0.48345345,0.6509451,0.9999863,0.21165213,0.54785454,0.99389255,0.6172936,0.7013516,0.99923885,0.11099571,0.47227943,0.9731886,0.7452653,0.7424624,0.99506205,0.07609284,0.44884422,0.9331745,0.78294766,0.7579169,0.985992,0.073593974,0.45477697,0.9428039,0.784212,0.76408976,0.9884282,0.085941285,0.45667896,0.9533067,0.7706604,0.7587093,0.9904017,0.40004796,0.42841452,0.9970619,0.4471169,0.43930438,0.99817,0.32665586,0.25484443,0.93518716,0.2381716,0.41878465,0.98198444,0.23955502,0.09273094,0.9435105,0.04669735,0.39586797,0.9809028,0.226789,0.062877804,0.9365793,0.021909773,0.37955484,0.9688259,0.1833199,0.08770797,0.9378204,0.0024849772,0.37857178,0.97149456
40388.jpg,0.6642859,0.28726166,0.99989045,0.67115504,0.2689584,0.99973804,0.6719726,0.26948196,0.99969685,0.67271805,0.27014577,0.99969375,0.6633638,0.26352245,0.99972004,0.65742636,0.2593995,0.9997454,0.6504942,0.25488803,0.99966466,0.6534759,0.26910684,0.9998652,0.61804515,0.24651775,0.9997391,0.6527241,0.30473214,0.9998472,0.6420474,0.29929218,0.99978334,0.64382935,0.3767084,0.9999666,0.49612522,0.2745583,0.9985328,0.7792966,0.43675312,0.9988651,0.38826537,0.17547989,0.99606234,0.9088253,0.49652275,0.9965591,0.27944404,0.07984576,0.974224,0.94781864,0.509976,0.9842205,0.25302714,0.05301678,0.9343151,0.9503005,0.50445086,0.98682135,0.25620502,0.0438779,0.94186777,0.9388939,0.50245404,0.9892179,0.2606809,0.05687517,0.94847727,0.40517592,0.57969403,0.99841225,0.38725588,0.4860247,0.9785123,0.16976237,0.62605745,0.99439704,0.30850837,0.27896821,0.65469027,-0.032738596,0.64635384,0.940341,0.23010609,0.08828732,0.6362519,-0.022653967,0.64162207,0.8928386,0.18779278,0.06978318,0.8339294,-0.07644883,0.64046276,0.8825102,0.24781194,-0.013866425,0.71516633
409.jpg,0.3687992,0.39764524,0.99998116,0.3548811,0.3986887,0.9999242,0.35454607,0.39930025,0.9999261,0.3545016,0.4000643,0.999912,0.353486,0.4033544,0.9999635,0.35222048,0.4072885,0.9999764,0.35119617,0.41212857,0.99996865,0.35738295,0.41881445,0.99993265,0.35064346,0.44235724,0.9999795,0.3800671,0.40945017,0.9998779,0.37849545,0.41787586,0.9999083,0.4397276,0.38533354,0.9999434,0.38104954,0.5572249,0.9996092,0.46866235,0.24567384,0.9992281,0.32683727,0.6840776,0.97602886,0.48554656,0.117296994,0.9977449,0.27106187,0.8049699,0.95626295,0.4889726,0.08019519,0.9901884,0.24659494,0.83730125,0.91765594,0.4862306,0.075157285,0.9919934,0.24259257,0.8429413,0.9298178,0.4854703,0.088451326,0.994846,0.2544782,0.8335534,0.94094825,0.5934872,0.59110665,0.9996989,0.5014288,0.6009554,0.9990068,0.60178006,0.7751497,0.9971073,0.38999164,0.75102746,0.9481938,0.6159808,0.94920844,0.9922694,0.25049454,0.88567746,0.97445405,0.6107184,0.9660847,0.9526343,0.24458587,0.9214739,0.9707016,0.5887076,0.9985997,0.9891054,0.16194016,0.9051474,0.9834992
42336.jpg,0.229703,0.72777724,0.999985,0.2226895,0.7330277,0.9999113,0.22069718,0.73005664,0.99990857,0.21883318,0.727167,0.99990225,0.2323013,0.7421143,0.9999403,0.23726131,0.7456887,0.999951,0.24225697,0.7491456,0.9999436,0.22496459,0.7195671,0.99989855,0.25761697,0.7512884,0.99995613,0.23600121,0.71570736,0.99990964,0.24825053,0.72745353,0.9998795,0.23412538,0.6362308,0.9999616,0.3520634,0.75176233,0.9994173,0.13706541,0.5419672,0.9991431,0.44832042,0.8430553,0.9613027,0.03232652,0.44749445,0.99571985,0.54338723,0.9240589,0.83826214,0.00046488643,0.43015996,0.98394483,0.5696252,0.95487803,0.71564204,-0.0074136853,0.4277478,0.9881116,0.5714898,0.9580827,0.74452555,0.0069666803,0.43249822,0.9921944,0.56399673,0.94564486,0.8058547,0.46751657,0.60553724,0.9993338,0.44601452,0.6823114,0.9958074,0.6300197,0.7133796,0.9483526,0.5216202,0.8310955,0.7357477,0.7967948,0.7773627,0.93699116,0.58926445,0.97884256,0.75708795,0.81476855,0.78744054,0.7459689,0.6075507,0.984622,0.7661277,0.84474266,0.8180009,0.9103491,0.6221653,1.003092,0.84254265
42403.jpg,0.59915626,0.6367816,0.999918,0.61410236,0.6311905,0.99974805,0.6147946,0.6301026,0.9998116,0.61545813,0.6290648,0.99978715,0.6155497,0.62757045,0.9997104,0.6173901,0.62365055,0.9997805,0.619501,0.61923945,0.99948174,0.61327374,0.6090874,0.99991333,0.62215346,0.5910049,0.9997118,0.5896556,0.6278707,0.9998417,0.59328175,0.62305474,0.9995202,0.50809085,0.61191183,0.9999908,0.614239,0.48496112,0.9986998,0.42180103,0.7181442,0.9994074,0.7271665,0.39733723,0.9834478,0.33620942,0.8229352,0.9991602,0.83395195,0.31371665,0.9677271,0.31159288,0.8547151,0.9965474,0.86967015,0.29295915,0.9509876,0.3108218,0.8623183,0.99715257,0.8768687,0.29337037,0.9577166,0.319961,0.8499882,0.9976815,0.8635547,0.29762474,0.9653693,0.41232413,0.41535988,0.99939525,0.49413645,0.39761987,0.99319756,0.5061794,0.20250538,0.9542199,0.6799256,0.3317646,0.5163721,0.6103302,0.0371283,0.8848126,0.8634958,0.28809553,0.57238066,0.6175662,0.020097077,0.89882946,0.89202434,0.2608707,0.84871036,0.6285945,0.0009858012,0.9349721,0.92662436,0.28377625,0.7396451
45694_aug.jpg,0.53011423,0.6678843,0.9999862,0.54559726,0.66926444,0.99996054,0.5465461,0.668572,0.9999684,0.5475081,0.6679123,0.9999641,0.5488785,0.6664089,0.99996006,0.5523027,0.6635393,0.99997044,0.55617976,0.66047066,0.9999424,0.5548441,0.64848006,0.99998283,0.57173514,0.6356186,0.99996245,0.52481514,0.65653884,0.99996376,0.5304102,0.65354764,0.99990976,0.45680037,0.6083978,0.999998,0.6085497,0.5366651,0.99955755,0.3298755,0.66335374,0.9994073,0.75738394,0.5017586,0.988523,0.20463294,0.7240546,0.9993449,0.8869904,0.47381786,0.98219407,0.17067778,0.7428504,0.99672556,0.92625844,0.47219095,0.9647218,0.16723558,0.74857855,0.99729675,0.9305295,0.47511134,0.96842784,0.18008155,0.7420348,0.9977822,0.9176659,0.47304094,0.971934,0.4485067,0.3758319,0.9997967,0.5301411,0.39220235,0.997895,0.6213087,0.23350117,0.98433024,0.72574383,0.4253897,0.62129617,0.8014314,0.12542072,0.9418874,0.90836704,0.46079427,0.65616614,0.81219435,0.10261959,0.91679406,0.9396095,0.44587123,0.78559417,0.83396745,0.10419229,0.95570445,0.969924,0.4859709,0.76894665
48157_aug.jpg,0.60531807,0.6431816,0.9999993,0.6047511,0.6548627,0.99999607,0.60271215,0.6564931,0.999997,0.6005439,0.6581789,0.99999464,0.6102666,0.6483543,0.99999726,0.61177355,0.6455993,0.99999774,0.61397535,0.6415461,0.99999654,0.5952841,0.64930975,0.9999957,0.6104368,0.6283653,0.99999905,0.5928051,0.63762826,0.999995,0.6006632,0.628944,0.9999981,0.50425994,0.65561104,0.9999826,0.610391,0.52828425,0.9999999,0.4492028,0.75823563,0.9971624,0.68631077,0.392442,0.9992519,0.40580294,0.8510394,0.98800755,0.7749175,0.26127502,0.99834883,0.39719248,0.86993635,0.96887535,0.80039,0.22828588,0.99481577,0.4011,0.8786581,0.9727631,0.80524784,0.22312286,0.9960394,0.39843258,0.87122107,0.97744685,0.7963143,0.23302147,0.99686986,0.41253883,0.55293673,0.99969506,0.4159569,0.49075252,0.9999728,0.43867293,0.73228353,0.9383709,0.23495986,0.60568446,0.99661356,0.38325766,0.8993417,0.90673536,0.08780798,0.70838237,0.99683005,0.3723189,0.9191469,0.9470176,0.06387773,0.71249557,0.99428314,0.37170595,0.973506,0.95539296,0.049565077,0.77913284,0.9942445
48617_aug.jpg,0.23268887,0.51038235,0.9999769,0.21473703,0.52064,0.9999306,0.21439934,0.5202918,0.99991894,0.21401319,0.5199743,0.9999101,0.21586993,0.5287815,0.99993896,0.21649286,0.5347005,0.99994993,0.21726236,0.54147923,0.99992454,0.22450641,0.53459185,0.999954,0.23151979,0.5700393,0.9999435,0.2522532,0.5089635,0.999933,0.2543709,0.5190435,0.9999275,0.31001803,0.46622467,0.99997795,0.3356061,0.6434196,0.9993031,0.27067837,0.32119513,0.9989993,0.33421284,0.7998502,0.9944036,0.2235744,0.19382238,0.9985273,0.32777512,0.94433045,0.9792945,0.21239659,0.15396848,0.99328643,0.32804707,0.9826617,0.9530511,0.20438504,0.15391707,0.9945188,0.32052577,0.9908241,0.96004313,0.20905802,0.16547349,0.99571,0.32717228,0.97202206,0.9662932,0.6202175,0.50832295,0.999323,0.56859607,0.58419156,0.99356395,0.8031884,0.65311754,0.99866056,0.462788,0.79103243,0.9241358,0.9554668,0.8152299,0.9829905,0.36996666,0.9732489,0.9568934,0.9619279,0.8492044,0.94905394,0.403067,1.027439,0.9703507,0.9945483,0.8270457,0.97391224,0.32714158,1.0292814,0.9695696
49159_aug.jpg,0.407423,0.34553486,0.9999949,0.39375782,0.3397133,0.9999747,0.39287078,0.3401524,0.99997914,0.39193386,0.3407378,0.9999651,0.39057848,0.3420171,0.9999875,0.3874595,0.34409088,0.9999925,0.38409603,0.34651524,0.99998486,0.3816288,0.35903543,0.99998844,0.37096137,0.36897653,0.99999535,0.40980756,0.36101604,0.9999858,0.40608996,0.36534685,0.99999,0.4625229,0.38019526,0.99999416,0.36102754,0.5059222,0.9998667,0.53071976,0.25726658,0.9996171,0.28932706,0.61862487,0.9802735,0.59554714,0.13324606,0.99898475,0.22766235,0.7392733,0.9279334,0.60996896,0.094398856,0.9948549,0.20533362,0.767718,0.8971152,0.60923827,0.08791056,0.995695,0.20050028,0.76930237,0.91358113,0.60422564,0.10356882,0.9971111,0.2087391,0.76118445,0.9273582,0.5572393,0.60215753,0.9996754,0.4840124,0.607871,0.9985459,0.5412656,0.79047453,0.9964702,0.33642584,0.708671,0.9302228,0.543374,0.9586458,0.9779879,0.17761296,0.7932559,0.96300286,0.53539306,0.9713334,0.94040084,0.15069503,0.81950057,0.9781341,0.54084086,1.0002772,0.9771094,0.12111485,0.8047,0.9756005
51731.jpg,0.31580108,0.6513355,0.9999199,0.31615433,0.66719526,0.9999275,0.31493935,0.6676446,0.9999237,0.31389928,0.66797847,0.99993575,0.32577416,0.66805905,0.99990606,0.3317584,0.6690049,0.99988496,0.33863267,0.66990733,0.99988925,0.32855958,0.6644051,0.99994504,0.36334014,0.66802025,0.99993706,0.31867826,0.636544,0.9999465,0.33027673,0.63588995,0.99995387,0.2971803,0.5541759,0.99996245,0.43381262,0.63685465,0.99997866,0.20984873,0.44928974,0.99602723,0.545297,0.7286886,0.99890935,0.13705322,0.34373945,0.98169625,0.6501012,0.8060242,0.9936247,0.1119788,0.31016076,0.9548732,0.6812825,0.83541125,0.9800591,0.10747519,0.315045,0.96183616,0.67987955,0.8429749,0.9841213,0.11981416,0.32203096,0.96781,0.66861165,0.8320677,0.98757553,0.42513674,0.39677477,0.99678814,0.46808532,0.4227966,0.9971187,0.4141525,0.21269862,0.94275004,0.2888559,0.3372205,0.9704211,0.33594236,0.04219082,0.9394666,0.16283414,0.2093877,0.95120376,0.3703823,0.009560257,0.92543447,0.14292932,0.18538906,0.93126416,0.31565934,0.019748837,0.94177663,0.096432805,0.21228656,0.9418076
54006_aug.jpg,0.5474165,0.2339913,0.9999945,0.5419775,0.21499121,0.9999814,0.54263663,0.21498805,0.99997985,0.5432185,0.21499199,0.99997604,0.53265655,0.2146967,0.9999821,0.5261501,0.21424577,0.99998605,0.5186843,0.21378103,0.99997675,0.5253047,0.22271901,0.9999907,0.48681706,0.22158086,0.99998224,0.5447258,0.25381187,0.9999808,0.534143,0.25314406,0.99997723,0.5710161,0.3218435,0.9999919,0.39133614,0.30304936,0.99952257,0.7222247,0.31513464,0.9996897,0.23942357,0.26050726,0.99407405,0.86425114,0.30580482,0.9993293,0.092506945,0.2071563,0.97658986,0.9083694,0.30219436,0.996525,0.057406068,0.19251946,0.94996035,0.91148955,0.29175642,0.99713993,0.054578424,0.1824429,0.95693076,0.89476746,0.2952017,0.99756783,0.06417966,0.18857485,0.9638997,0.4587642,0.61529636,0.99965584,0.39467,0.5410817,0.9968149,0.28009158,0.75597256,0.9992174,0.2136925,0.38758355,0.93927974,0.087311804,0.8676349,0.987194,0.06372863,0.26028004,0.97447145,0.06500146,0.8740989,0.97140074,0.027564168,0.27082714,0.9833403,0.020036459,0.89638263,0.9819812,0.02813524,0.16161874,0.97833985
54896_aug.jpg,0.5548157,0.23763375,0.999956,0.5469828,0.22773775,0.9999589,0.5470343,0.22810733,0.9999515,0.5471145,0.22860315,0.9999685,0.5401859,0.22828194,0.99994564,0.5350036,0.22916189,0.99993825,0.52915925,0.23058563,0.9999225,0.53318816,0.23856191,0.9999771,0.50798285,0.24279796,0.9999242,0.5525324,0.25198495,0.999931,0.54456884,0.25343615,0.99972636,0.6038273,0.32259363,0.99992704,0.4429277,0.30555284,0.9994568,0.7419798,0.3792521,0.97917205,0.31022584,0.27237698,0.99793774,0.8823966,0.43014985,0.8932984,0.18618795,0.22068185,0.9717776,0.92700785,0.4355546,0.7366437,0.15577763,0.1970757,0.8810398,0.930784,0.43375432,0.79956377,0.15540996,0.1921404,0.88475966,0.9141736,0.43393606,0.82890165,0.1624642,0.20007601,0.88171995,0.57055587,0.5053824,0.994833,0.5133541,0.5075166,0.99661726,0.34933046,0.41997108,0.89803255,0.30087882,0.5009479,0.8518444,0.13573027,0.41942942,0.89835477,0.11376789,0.46488407,0.61236703,0.05901125,0.4855777,0.87673753,0.063927114,0.49516895,0.5768693,0.09433907,0.3543192,0.8597758,0.08037242,0.41189635,0.5823719
55163_aug.jpg,0.6559472,0.29945847,0.99973446,0.67699564,0.29677746,0.9976447,0.67941344,0.2984907,0.9992238,0.68111306,0.30014578,0.9976312,0.6691217,0.2919828,0.9979796,0.66910547,0.29199237,0.99886835,0.6687087,0.29167542,0.9972796,0.68793935,0.3124319,0.9986523,0.66820055,0.2991523,0.9994019,0.65898234,0.3214488,0.9987692,0.6512567,0.314504,0.99906784,0.6939255,0.41436452,0.9995497,0.57985634,0.35546827,0.9999957,0.799778,0.44248793,0.90452635,0.47960785,0.33053848,0.99336034,0.9057481,0.46130854,0.8853457,0.39946938,0.27221772,0.9911924,0.9392292,0.4620201,0.8285783,0.38304737,0.25366828,0.9785832,0.94490266,0.45440522,0.84465545,0.38334453,0.24701011,0.980928,0.9318106,0.4560567,0.87279963,0.3892458,0.25503224,0.9851419,0.61390436,0.5816135,0.99862564,0.55218714,0.6256645,0.9999057,0.7805723,0.5161478,0.89485073,0.6026249,0.7693035,0.99779165,0.9353999,0.4624916,0.92143846,0.69832695,0.92108023,0.9910663,0.95940006,0.4768662,0.9548419,0.71580976,0.9309871,0.98489815,0.9921107,0.4025715,0.96535504,0.7202929,0.96898234,0.99043393
55397.jpg,0.7421977,0.71061504,0.9999795,0.7566693,0.70992017,0.9998841,0.75709313,0.7097556,0.99990594,0.75754637,0.70954204,0.99988186,0.7590898,0.70407426,0.9999113,0.7611999,0.6996623,0.9999355,0.7636213,0.694493,0.9998934,0.76136327,0.6905467,0.99993587,0.77194405,0.6650249,0.9999589,0.73400766,0.7003332,0.9998996,0.73737335,0.69207156,0.9998764,0.6682452,0.7085819,0.99997103,0.7566297,0.5551891,0.99925274,0.5883034,0.8204614,0.998985,0.8423574,0.431242,0.9814399,0.50582945,0.93886673,0.9983407,0.9220251,0.33145052,0.9573761,0.49274817,0.9716288,0.9940599,0.94756436,0.29831105,0.9331666,0.49193406,0.9791006,0.9955082,0.94668627,0.29704776,0.945722,0.49482888,0.9638319,0.99682283,0.93747157,0.30879506,0.9609979,0.57715285,0.51463157,0.9985695,0.6621578,0.5106797,0.9950014,0.62843674,0.30720884,0.95172524,0.77233446,0.36761457,0.759728,0.6774583,0.11119124,0.9224993,0.93111825,0.30734348,0.875182,0.6898651,0.08237025,0.8817772,0.93829685,0.28392112,0.9344138,0.6787158,0.055181265,0.94537336,0.97077286,0.2504822,0.91959107
58005.jpg,0.7528191,0.57233286,0.9999932,0.76868904,0.5635296,0.9999666,0.7690165,0.5628812,0.9999702,0.76932704,0.5621721,0.9999559,0.7681354,0.5581381,0.99998426,0.7683567,0.55370426,0.99998975,0.76869935,0.549141,0.9999801,0.76049685,0.5438014,0.99998474,0.75911,0.51912403,0.99999297,0.7365752,0.5686198,0.9999734,0.7362002,0.5610462,0.99998105,0.68150145,0.5914595,0.9999871,0.6675892,0.4241435,0.9997584,0.7109204,0.7180145,0.9991358,0.6617593,0.27269095,0.9915364,0.7346941,0.83245045,0.9989237,0.6548314,0.1428298,0.9738196,0.74221206,0.8647139,0.9951521,0.66144174,0.10411224,0.9530356,0.7452886,0.8678192,0.99604154,0.6644596,0.10038969,0.9607246,0.74215186,0.85754454,0.99694544,0.659861,0.11387643,0.96410185,0.43072307,0.48943365,0.9995652,0.5016203,0.43310833,0.99805164,0.34522605,0.3164814,0.9981806,0.55094564,0.24137355,0.94729435,0.2418385,0.17269719,0.9910863,0.62869686,0.07372218,0.98435915,0.23716658,0.15147677,0.97538096,0.6297603,0.027882129,0.9883133,0.20934376,0.13240463,0.98983943,0.69347376,0.022336483,0.9882109
5925.jpg,0.26855606,0.73213136,0.9999341,0.25509423,0.73984784,0.9997042,0.25235787,0.73718476,0.9997775,0.24962503,0.7345322,0.9997477,0.26480418,0.7489989,0.9997874,0.26911646,0.7529639,0.99979824,0.27407157,0.75730896,0.99958676,0.2583464,0.7296008,0.99978215,0.29448932,0.7641564,0.9995436,0.27969286,0.7148863,0.99984,0.29305547,0.72558933,0.9996954,0.2835533,0.6226281,0.9999486,0.40971306,0.72978127,0.9993274,0.16984287,0.52287066,0.9989203,0.51302457,0.82222664,0.95687354,0.0678325,0.43691018,0.9974751,0.62833464,0.90609384,0.9461967,0.032478243,0.4124994,0.99131864,0.64669216,0.9270388,0.9272679,0.026170194,0.41779238,0.99254864,0.64333385,0.9370483,0.93567836,0.040160805,0.42526656,0.99357635,0.64134216,0.9271203,0.9423043,0.510496,0.46943754,0.999498,0.5462308,0.48155698,0.99954706,0.5806905,0.6934093,0.8990876,0.75945354,0.481864,0.92824554,0.67605317,0.8811388,0.9529767,0.9492698,0.51159346,0.97067225,0.71029115,0.8966598,0.9521837,0.98346967,0.506592,0.9753911,0.64312726,0.97524047,0.97138613,0.9539561,0.57284844,0.97486955
60331_aug.jpg,0.6477527,0.43084708,0.999992,0.6530846,0.4151367,0.999966,0.65283275,0.4140295,0.99996924,0.6524333,0.41289324,0.99995804,0.64950997,0.41231692,0.99998283,0.64687544,0.40898705,0.9999895,0.6438416,0.40516374,0.9999844,0.63371086,0.4028337,0.9999696,0.6187008,0.38690335,0.99999106,0.6311704,0.43505782,0.9999418,0.6256327,0.43014863,0.9999604,0.62263346,0.48946786,0.9999498,0.4953207,0.36422497,0.999653,0.74191165,0.56971174,0.99929965,0.39388976,0.26360965,0.98077285,0.85401416,0.6421953,0.99900997,0.30670562,0.16232973,0.97741246,0.8870522,0.6659684,0.99616635,0.28686756,0.13231206,0.9596017,0.8921921,0.6670713,0.99686795,0.28371435,0.12658176,0.96636593,0.8807979,0.65937316,0.99777156,0.28653347,0.1371553,0.9722749,0.3982331,0.54941404,0.9995053,0.42360508,0.45803028,0.99846673,0.21440467,0.48041132,0.9937092,0.31970698,0.29293486,0.8746598,0.04037556,0.42312905,0.9891404,0.25365597,0.110967845,0.9578472,0.020486355,0.4067067,0.94657624,0.22711359,0.09603655,0.96823335,0.013435006,0.37122163,0.9894716,0.26855752,0.031450838,0.9763642
61426_aug.jpg,0.41364998,0.6280972,0.9999502,0.4170931,0.6318736,0.99978036,0.41768962,0.6308628,0.99983513,0.41810632,0.6297137,0.99980634,0.4201519,0.63418657,0.99985623,0.4230113,0.63493365,0.99989986,0.42596948,0.63556147,0.9997973,0.43168616,0.6236587,0.9998796,0.445156,0.6306897,0.9998728,0.42209655,0.6190658,0.9997868,0.42667297,0.6218387,0.9996767,0.4138174,0.5458201,0.9999764,0.5181638,0.6164925,0.9995999,0.30778491,0.49893966,0.99951637,0.6163351,0.68371224,0.98205596,0.21212247,0.4464139,0.999092,0.7049258,0.7449646,0.97829,0.18617618,0.43407375,0.9965699,0.73309046,0.75819266,0.96536684,0.18208688,0.43474972,0.9971426,0.72908616,0.7638994,0.97060126,0.19185326,0.43813157,0.9978836,0.72129434,0.7568845,0.9780449,0.5413407,0.43835014,0.9994276,0.5523598,0.4921988,0.9980939,0.7120863,0.48953062,0.9822579,0.66327703,0.6126985,0.534159,0.85548544,0.53969234,0.9696665,0.7396116,0.7355883,0.84757435,0.8798883,0.5437655,0.95568234,0.7637643,0.7398623,0.93391454,0.8848449,0.57080007,0.9805834,0.74564874,0.78460336,0.92195374
63803_aug.jpg,0.11782649,0.40382236,0.9999975,0.10208145,0.3965733,0.99999726,0.103096485,0.3914593,0.99999535,0.104123205,0.38608393,0.99999416,0.10014957,0.4157338,0.9999976,0.10016152,0.4238059,0.99999666,0.10052669,0.43176332,0.9999962,0.11754477,0.38473886,0.99999416,0.11330697,0.447141,0.9999968,0.14445618,0.39631557,0.9999927,0.1406393,0.42080247,0.9999943,0.27653363,0.35612735,0.99977773,0.23595932,0.52313805,0.9999192,0.36542833,0.2331206,0.9268656,0.18853697,0.64600706,0.99179286,0.39368677,0.10578337,0.892699,0.14041808,0.7633389,0.98683584,0.3849985,0.07301012,0.83819646,0.12109816,0.8010119,0.9661943,0.3862022,0.06887132,0.8531384,0.11628339,0.7962967,0.9725133,0.39303064,0.07872358,0.85724896,0.12503392,0.78407276,0.97757065,0.5839515,0.4756138,0.9998958,0.586066,0.50739557,0.9994789,0.80653787,0.38531423,0.99162966,0.5227551,0.2668454,0.9943098,0.9896809,0.30942398,0.9951292,0.4935652,0.04752353,0.9822817,1.0081109,0.30671358,0.99656564,0.50584865,0.017930806,0.95188147,1.0006154,0.24929692,0.9921611,0.4287341,-0.03633681,0.97672015
64399_aug.jpg,0.5197932,0.66324604,0.99997854,0.51243526,0.6653259,0.99998164,0.5092844,0.6631306,0.99998415,0.50612146,0.660943,0.99997675,0.52283365,0.66842574,0.9999715,0.5267419,0.6685408,0.9999678,0.5307213,0.6687646,0.99997616,0.5051532,0.64383906,0.9999877,0.53912807,0.65552545,0.9999907,0.5172291,0.645036,0.9999424,0.5314262,0.65155154,0.9999609,0.49830624,0.5722046,0.9999131,0.58883286,0.59040034,0.99998295,0.43587795,0.68421483,0.9405663,0.56083965,0.7264022,0.9768562,0.40913394,0.7950771,0.81223345,0.5162275,0.84156007,0.9292755,0.4021666,0.82200766,0.6288208,0.5115759,0.86535704,0.8054016,0.40676853,0.8317327,0.61379135,0.5027948,0.8653685,0.78596586,0.4098355,0.82290477,0.60647744,0.5020282,0.85665643,0.8209227,0.48741195,0.3957231,0.9997676,0.5405495,0.34807086,0.9999628,0.289334,0.405165,0.96970147,0.4024529,0.18791912,0.99139005,0.11914542,0.46639046,0.9350163,0.2748523,0.07455015,0.973598,0.09135938,0.45258397,0.9318843,0.25132182,0.06621757,0.94532865,0.07457596,0.50959355,0.92740333,0.20132053,0.096565515,0.9524196
64495_aug.jpg,0.61254656,0.5948913,0.9999695,0.62423,0.6034239,0.99987376,0.6232959,0.6036227,0.99988675,0.6221901,0.60391724,0.9998648,0.62976587,0.5994823,0.9998679,0.63285136,0.5965741,0.9998982,0.63615775,0.5931893,0.9998149,0.6254713,0.5888315,0.9999335,0.6477481,0.56937295,0.9998721,0.60365546,0.5809752,0.99988985,0.61017215,0.5745941,0.9998505,0.54508203,0.57970506,0.9999894,0.65564656,0.4663524,0.99911493,0.45604053,0.69148964,0.9995383,0.7507301,0.38348448,0.98029745,0.37788934,0.7957338,0.99960214,0.82425046,0.29690373,0.9199311,0.35215163,0.82622087,0.99815124,0.8420629,0.27751303,0.87777513,0.35638523,0.8303793,0.9984848,0.84601355,0.2780969,0.89477473,0.36521685,0.8190825,0.998749,0.8404666,0.2803527,0.92182606,0.4449853,0.35598883,0.9991867,0.5203718,0.36682937,0.99455667,0.47865838,0.16895299,0.9792285,0.70147645,0.29933178,0.6920694,0.53122675,0.016343027,0.8547909,0.8868795,0.23845604,0.7820728,0.53929704,0.008772463,0.8611476,0.9101974,0.20549428,0.9258507,0.5086568,-0.020666182,0.8943434,0.9691689,0.24878523,0.888012
65698_aug.jpg,0.7330411,0.5307468,0.9998368,0.7397794,0.53460807,0.9992717,0.7393076,0.5365412,0.99937457,0.73874605,0.5385496,0.999204,0.738668,0.5278923,0.9996381,0.7375121,0.5250338,0.9997265,0.7362463,0.5220274,0.99964833,0.72937846,0.5385859,0.9985629,0.72610795,0.51521075,0.99954104,0.7217193,0.53214633,0.9991203,0.7204298,0.52275205,0.9993017,0.6898447,0.5613765,0.9998821,0.6476389,0.48302785,0.9989504,0.7808518,0.61842227,0.99743396,0.5788314,0.42077905,0.7713452,0.8687582,0.684462,0.99585587,0.5247364,0.36470518,0.59418494,0.8966385,0.7037157,0.98468983,0.5110875,0.34169698,0.50405693,0.9016533,0.70594436,0.98329663,0.513204,0.34119284,0.5201987,0.8949957,0.6999999,0.98848456,0.5155941,0.3492923,0.5618686,0.4849972,0.5032453,0.9999471,0.5090521,0.461469,0.9997459,0.33549505,0.45317405,0.99945444,0.50280464,0.3523516,0.9749135,0.1902161,0.40230432,0.9989485,0.47419235,0.23889366,0.9653526,0.17880955,0.4010903,0.97468126,0.46572468,0.22179857,0.9314196,0.14141536,0.35616064,0.9970642,0.4861069,0.19518995,0.9715911
65794.jpg,0.43088958,0.26447016,0.9996742,0.422661,0.24601692,0.9993419,0.42540133,0.24549928,0.99913555,0.42862606,0.24502775,0.9989384,0.41048843,0.25052148,0.9994541,0.4036015,0.25383398,0.9994961,0.39643964,0.25787714,0.9992355,0.4278288,0.25709423,0.999329,0.3767452,0.28127018,0.99955004,0.44377702,0.28309524,0.9992643,0.42588744,0.28864476,0.99936694,0.51331085,0.32080704,0.99980515,0.35531384,0.4286834,0.9921555,0.60194534,0.21204892,0.99423164,0.23038363,0.5280221,0.95515406,0.6841235,0.095540166,0.993835,0.08289981,0.5662404,0.7947418,0.7147439,0.060479283,0.9801292,0.05257529,0.569949,0.6984859,0.7100034,0.053570986,0.9823513,0.049274415,0.55987865,0.72792906,0.69937885,0.06535244,0.98576957,0.06102717,0.56221306,0.7546724,0.5799483,0.6671484,0.9988764,0.48869577,0.64493084,0.9785073,0.5205765,0.90724057,0.9934684,0.25121197,0.60771984,0.61109984,0.46048537,1.016388,0.8494915,0.033400267,0.55759585,0.6786815,0.44560784,1.0193573,0.84078,0.008062363,0.5597827,0.7464471,0.43702453,1.053189,0.7439843,-0.03431666,0.46864226,0.64721125
65971.jpg,0.34938127,0.52161944,0.9999312,0.34764093,0.5245974,0.99968934,0.3488692,0.5241212,0.99977595,0.35009247,0.5233537,0.99972945,0.3475874,0.5272855,0.99977976,0.34870428,0.5289649,0.9998573,0.3500135,0.53065664,0.99972385,0.36262333,0.5281569,0.999848,0.36437392,0.54076654,0.9998041,0.36132887,0.52088416,0.9996779,0.36180037,0.52530235,0.9994992,0.4102872,0.47288308,0.99997425,0.42223573,0.5884875,0.9995946,0.37503314,0.35615265,0.9994618,0.4321468,0.70434535,0.98794335,0.355506,0.25018176,0.99893624,0.44366592,0.8157775,0.98305154,0.34819454,0.22064257,0.9960879,0.45038518,0.8439983,0.9726504,0.34466374,0.21806926,0.9966846,0.44476196,0.84448355,0.9763659,0.3487326,0.22816625,0.9975586,0.4460187,0.8350168,0.9818693,0.57602674,0.4964372,0.9993381,0.5396157,0.5316698,0.997797,0.6432387,0.66121006,0.9878105,0.5188224,0.69306386,0.5540136,0.6964427,0.79979146,0.97081244,0.474036,0.8369355,0.86820686,0.7100339,0.8204324,0.9462774,0.48253995,0.85465276,0.945817,0.6947913,0.84611976,0.9794632,0.43189448,0.8682321,0.93679076
66776_aug.jpg,0.36054647,0.28323528,0.9999877,0.36657655,0.26180497,0.9999285,0.37303293,0.25914502,0.9999614,0.37974596,0.25659978,0.9999093,0.35416454,0.26580667,0.99994767,0.3514412,0.26605806,0.9999627,0.34914732,0.26628974,0.99993265,0.40359086,0.25566366,0.9999354,0.3667984,0.26763958,0.9999789,0.38318515,0.2929412,0.999956,0.365484,0.29833955,0.99996674,0.5081826,0.31844836,0.9998529,0.36363024,0.3734555,0.99999964,0.63913286,0.2955519,0.9671061,0.23149559,0.40089014,0.99616313,0.7462293,0.25685078,0.8155482,0.11383551,0.39193684,0.9917917,0.7598415,0.2413426,0.73016274,0.07656622,0.39043775,0.97800833,0.75776494,0.2369146,0.75082237,0.076022774,0.38247645,0.98013616,0.75675654,0.24381083,0.79608244,0.088701606,0.38307247,0.9859928,0.5799145,0.52437675,0.99809927,0.5495287,0.5995895,0.9999423,0.6915041,0.36232752,0.809521,0.7365789,0.6856845,0.9978225,0.80464065,0.2241072,0.8301523,0.91679895,0.75607383,0.9932632,0.8410946,0.2205526,0.92665875,0.9376583,0.75442135,0.9888976,0.8134402,0.12701201,0.9200098,0.95936775,0.7665665,0.98992133
6697_aug.jpg,0.48441032,0.6556362,0.9998863,0.4853036,0.66179174,0.9993156,0.4851206,0.6608742,0.99930525,0.4846809,0.6598385,0.9990361,0.49019355,0.663522,0.99967885,0.4937611,0.66382325,0.99980193,0.4972804,0.66394204,0.99975413,0.49364626,0.6519953,0.99932635,0.5105368,0.65498936,0.999833,0.4892797,0.6435343,0.99953866,0.49728265,0.64629257,0.9996892,0.46145803,0.59514534,0.9999274,0.5824738,0.59699124,0.9997788,0.34637976,0.62904793,0.99942744,0.70075095,0.57217836,0.9865138,0.22942561,0.6499414,0.99762183,0.80930185,0.5691836,0.9592832,0.19884214,0.653356,0.98790085,0.8400768,0.5713666,0.90975755,0.19780082,0.65589625,0.98942995,0.84558326,0.57076794,0.92082894,0.2092444,0.6539507,0.992471,0.83221185,0.5671018,0.9281583,0.5909449,0.4280162,0.9993236,0.6213581,0.47464088,0.99792516,0.7249014,0.34003186,0.99731857,0.74549407,0.55054516,0.90908456,0.86682564,0.25247622,0.98627776,0.88754845,0.5831516,0.9173499,0.87861764,0.2548521,0.9065295,0.91109985,0.57334524,0.91222733,0.89760566,0.23160511,0.9641738,0.9285439,0.6397463,0.93856514
67050.jpg,0.29554316,0.51394385,0.9994056,0.27711007,0.5016442,0.99960583,0.27607587,0.49997917,0.9996289,0.27543393,0.4985286,0.9997073,0.27663368,0.5080297,0.99957734,0.2748485,0.5111171,0.9994535,0.27304444,0.51407164,0.99947256,0.26289946,0.50688577,0.9996877,0.24730235,0.55024457,0.9992512,0.30217877,0.5234232,0.99955744,0.30008417,0.53145206,0.9994155,0.27804145,0.5608743,0.997804,0.27784005,0.6033717,0.99812955,0.3114384,0.44106805,0.45555925,0.3854847,0.52521276,0.9239589,0.37136123,0.3427813,0.58238506,0.445791,0.43434268,0.63981926,0.37918124,0.31665123,0.5590085,0.4408966,0.38380697,0.5398,0.37924525,0.32558823,0.5667193,0.4439032,0.3946093,0.5192153,0.37721118,0.34139657,0.57384926,0.41347152,0.39173624,0.4896874,0.32485378,0.8139765,0.9986532,0.30366448,0.8636715,0.99949384,0.4857234,0.74440044,0.59981954,0.49220738,0.83741987,0.9931746,0.65251076,0.8342236,0.7489833,0.6529756,0.9434876,0.9925056,0.62221,0.8977627,0.7050016,0.6558278,0.9601273,0.9763558,0.71470577,0.81929225,0.80747736,0.744897,0.8852147,0.98586845
70368_aug.jpg,0.5262082,0.5832513,0.9998524,0.5330951,0.59142786,0.99973065,0.53578794,0.5918744,0.99970883,0.53765506,0.5918415,0.99973994,0.53377914,0.5923398,0.99966586,0.53530383,0.5918477,0.9994276,0.53677523,0.5915314,0.9995012,0.5504734,0.5889126,0.9997522,0.54985124,0.58745515,0.9994998,0.5306037,0.57299536,0.99977154,0.53100383,0.5724981,0.9997358,0.5100967,0.57117456,0.99969137,0.593931,0.5031891,0.99988484,0.44898432,0.58216405,0.83204484,0.6762054,0.46034342,0.9373934,0.41129112,0.6436239,0.64806354,0.7355014,0.42576754,0.76741123,0.40391827,0.65916663,0.49740848,0.7554109,0.4168866,0.6590016,0.40365672,0.6705017,0.55365217,0.7528961,0.41601714,0.6947168,0.4049461,0.66513574,0.6024715,0.74444294,0.41823837,0.7383995,0.43206766,0.46247917,0.99752074,0.43868637,0.40052038,0.99958843,0.29458952,0.55499,0.8268467,0.2823891,0.34625846,0.92881054,0.16940156,0.6793113,0.88819015,0.12053317,0.3564117,0.93100685,0.14878772,0.68848723,0.83347785,0.09751326,0.33351204,0.82178265,0.14728434,0.72424865,0.8446497,0.055453062,0.32796204,0.872241
70605.jpg,0.5797479,0.81386423,0.99999034,0.5927904,0.8230551,0.99993217,0.59325397,0.8232081,0.9999565,0.59378076,0.8233737,0.99992895,0.59683645,0.8200798,0.99993753,0.6004851,0.81792855,0.9999615,0.6045626,0.8153777,0.99991,0.6075138,0.80741584,0.999969,0.62838644,0.79355675,0.9999676,0.5769796,0.8015777,0.9999448,0.58311826,0.79634845,0.9999099,0.5199886,0.7686718,0.9999939,0.6760046,0.6908389,0.9993781,0.395177,0.81642145,0.99977285,0.80854434,0.63552517,0.96549815,0.2628821,0.8710793,0.9995357,0.9308028,0.60255986,0.9421464,0.22546074,0.8900398,0.998128,0.962408,0.5912374,0.92570347,0.21933943,0.8938033,0.998558,0.9692875,0.5896132,0.93944407,0.23277038,0.8845086,0.99888784,0.9569325,0.59302044,0.9584944,0.5574641,0.5459509,0.9990834,0.6277394,0.5864618,0.9934155,0.7178336,0.40804452,0.98521185,0.80048853,0.5301055,0.8038447,0.8598195,0.279337,0.97067696,0.9664303,0.57458836,0.92745584,0.8779211,0.2676509,0.94132483,0.97879654,0.5631285,0.9728407,0.90198696,0.23054835,0.979301,1.0145215,0.5436363,0.95705533
7104.jpg,0.32885677,0.42424184,0.9999639,0.32848376,0.41009486,0.9997749,0.3299051,0.40504128,0.9998592,0.33133006,0.40091437,0.99970716,0.32678318,0.42109513,0.99984765,0.32693124,0.42528665,0.9998659,0.32727408,0.42791972,0.9997696,0.34187165,0.4022783,0.9997396,0.33760655,0.43219545,0.999905,0.34340608,0.41879457,0.9998171,0.33904856,0.43501756,0.9998977,0.42164284,0.35509622,0.9998853,0.38434702,0.5225456,0.9999981,0.43248564,0.23759419,0.98000187,0.37025028,0.6762394,0.99161094,0.434866,0.12240642,0.9360015,0.35191715,0.82466894,0.98516756,0.4211677,0.10187471,0.8908932,0.34400976,0.8637049,0.9752993,0.41807985,0.096064925,0.902197,0.34150308,0.86834216,0.9801332,0.42888913,0.10262683,0.92480284,0.3454516,0.8556266,0.98804224,0.52969885,0.40256885,0.99825686,0.5836744,0.46350235,0.99989223,0.44482863,0.24976239,0.967503,0.69303644,0.29183722,0.9958022,0.38261697,0.091855675,0.95196253,0.7823074,0.14314872,0.99511826,0.38723636,0.06180507,0.961242,0.798647,0.13402161,0.9928175,0.33333135,0.0466609,0.98064584,0.79320514,0.07770103,0.99300885
71400_aug.jpg,0.8273819,0.6250469,0.9999597,0.83419913,0.62766314,0.999845,0.8325728,0.62999976,0.99986935,0.83097416,0.6323801,0.9998369,0.83898497,0.616399,0.9998435,0.8405124,0.6101635,0.9998646,0.84184986,0.6033637,0.9997569,0.8238145,0.6238887,0.99988735,0.83793944,0.58356243,0.99986076,0.8141237,0.62188286,0.99973184,0.8199055,0.60669357,0.9995196,0.74777156,0.6548979,0.9999455,0.79845643,0.49516195,0.9975243,0.7186405,0.7914113,0.99919313,0.827498,0.3737238,0.9318687,0.6932842,0.93557596,0.99567765,0.8486843,0.25244713,0.83817184,0.7029886,0.9664663,0.9865454,0.85969543,0.21553704,0.78128856,0.70827997,0.9698316,0.9894498,0.862133,0.21190786,0.8140708,0.6993872,0.96052563,0.9930561,0.8583996,0.21814728,0.8732072,0.6151948,0.5028837,0.99685514,0.68695563,0.4645903,0.9784384,0.6269568,0.3025242,0.8764183,0.7712194,0.30915463,0.4941816,0.5947988,0.11887428,0.8702482,0.8662926,0.18128547,0.6779165,0.59019697,0.09077805,0.7830035,0.8674881,0.15021476,0.9008852,0.60788065,0.05923593,0.88717866,0.9276647,0.16106728,0.7878465
73958_aug.jpg,0.36338997,0.58556426,0.9999703,0.37518436,0.5817688,0.99989295,0.37805104,0.5838444,0.9998913,0.38086993,0.5858711,0.9998696,0.36824757,0.5732431,0.99990237,0.36662525,0.5696939,0.99992096,0.3651806,0.5662449,0.9998766,0.38309556,0.5855488,0.9999255,0.36389107,0.5605631,0.9999218,0.3614796,0.5943709,0.99992025,0.35227364,0.58186716,0.99990237,0.36615086,0.64439106,0.9999896,0.315694,0.53857183,0.9996189,0.4046176,0.750226,0.99958974,0.2770509,0.4458071,0.9726626,0.45392424,0.8491612,0.9995183,0.25227898,0.35188365,0.91870326,0.471726,0.8762073,0.99728835,0.23262265,0.3209026,0.8519027,0.4762896,0.87923354,0.99779415,0.23285414,0.31561273,0.87345296,0.46983236,0.8691041,0.99844116,0.23481376,0.3248999,0.8898554,0.17388143,0.5977037,0.9996649,0.20601879,0.5537898,0.99930096,0.07328357,0.5115272,0.9852556,0.22879311,0.42020085,0.9349494,0.0047896504,0.4654722,0.87772673,0.25714856,0.28736573,0.9080804,0.0073384047,0.4520124,0.7667011,0.25845638,0.2537022,0.92442983,-0.0389062,0.44468656,0.8173668,0.3058756,0.22885126,0.92766744
74899_aug.jpg,0.5249196,0.26145172,0.9999399,0.5098583,0.2510018,0.99994624,0.5092062,0.25004497,0.99993885,0.5085431,0.24915001,0.9999498,0.50528014,0.25623643,0.99993396,0.5008584,0.25912187,0.99992156,0.49605104,0.2623253,0.9999285,0.49902156,0.26218438,0.99996424,0.48115104,0.28075993,0.99996424,0.5322789,0.27386594,0.99995613,0.5262532,0.2788219,0.9999567,0.6031178,0.31799763,0.99996126,0.4499467,0.3558513,0.9999832,0.7407026,0.33631313,0.99676657,0.30715546,0.36906916,0.99858934,0.8743416,0.35635093,0.9815316,0.17373547,0.37755427,0.99317884,0.9124181,0.36138707,0.95809966,0.13418221,0.37885827,0.9831587,0.9143218,0.3574214,0.9629141,0.13167012,0.37497723,0.9866108,0.90317845,0.36093712,0.96654767,0.14529833,0.3750189,0.9897703,0.6134049,0.52247447,0.99772424,0.5656981,0.52681226,0.9972783,0.75346595,0.6414539,0.96470904,0.7543961,0.4686837,0.96037406,0.9060464,0.75297534,0.9663005,0.9364302,0.44036663,0.96269405,0.929155,0.77140045,0.9627133,0.97116816,0.44301686,0.9686614,0.9548533,0.71991557,0.97361946,0.95974255,0.33963144,0.9603397
7565.jpg,0.5656656,0.35761303,0.9999516,0.5760366,0.3602305,0.9998858,0.57764447,0.36387983,0.9999162,0.57936597,0.36761236,0.9998635,0.568992,0.3504883,0.9998784,0.56594545,0.34763333,0.9998661,0.5630629,0.3449255,0.9998349,0.57247704,0.37932175,0.9999347,0.54958206,0.3485811,0.9999422,0.55808043,0.37416604,0.9998337,0.5490198,0.35925287,0.99988663,0.54575336,0.4373922,0.9998598,0.47578445,0.36437994,0.9999919,0.6570081,0.37964988,0.926704,0.58225536,0.27384546,0.96975505,0.7348986,0.2977863,0.7723782,0.6771374,0.20943707,0.8884704,0.75476116,0.27625546,0.68113244,0.7002431,0.19620645,0.7597865,0.75547135,0.2658699,0.6637771,0.70725113,0.20067671,0.73549724,0.74930644,0.27271163,0.68094754,0.70127726,0.20790675,0.7658935,0.4419021,0.6014744,0.9998023,0.3739484,0.61658144,0.99994993,0.6201725,0.6916512,0.9853823,0.3880575,0.79824394,0.99030834,0.796861,0.7447667,0.9684305,0.43149057,0.9529343,0.9742357,0.8121145,0.7689994,0.95356786,0.4455496,0.9615674,0.93841803,0.87004197,0.718721,0.9480521,0.44673264,0.9866656,0.9464024
78277.jpg,0.32218316,0.47836396,0.9999975,0.31001198,0.48553067,0.99998355,0.3099246,0.4862618,0.9999875,0.30969787,0.4870539,0.9999783,0.30999142,0.48995405,0.9999913,0.30987093,0.49386835,0.99999535,0.30969214,0.49830207,0.99998975,0.31735316,0.50479686,0.9999931,0.31844246,0.52454907,0.99999654,0.33653718,0.48378187,0.9999908,0.33666366,0.49006653,0.99999297,0.3806532,0.45085153,0.9999975,0.41751036,0.612249,0.99991333,0.3234216,0.31632715,0.99984384,0.46795696,0.73473716,0.98580015,0.2680399,0.19625175,0.9994574,0.51973814,0.8533243,0.95554346,0.24621162,0.16282529,0.99696165,0.5280809,0.88536876,0.9333901,0.24055114,0.15971184,0.99750924,0.5280251,0.8897852,0.94408035,0.24945948,0.1716015,0.9982414,0.5276386,0.8775716,0.95362556,0.6156579,0.512278,0.99971706,0.57475823,0.57650954,0.9983542,0.75339156,0.6393964,0.99825376,0.5697669,0.7525218,0.94023705,0.89527065,0.7506251,0.9867736,0.5338621,0.9229008,0.9781406,0.91103864,0.76757467,0.95439345,0.54759926,0.9546335,0.98510194,0.94086087,0.7882602,0.9894611,0.49870312,0.9926444,0.98767114
79211.jpg,0.28919455,0.6331118,0.9997948,0.26933938,0.6337831,0.9984382,0.2671359,0.63061535,0.9994561,0.2654374,0.62778515,0.998307,0.2737307,0.6394889,0.9985644,0.2742877,0.64024717,0.9991566,0.27491832,0.6409199,0.9978624,0.26234812,0.6126548,0.9991775,0.27638495,0.63233113,0.99948835,0.2952011,0.6115207,0.99919194,0.29986084,0.6210343,0.9992724,0.2852536,0.521095,0.99977106,0.37507573,0.60492325,0.9999963,0.19652072,0.46464777,0.9497001,0.45942777,0.65659046,0.99517435,0.09442899,0.40888005,0.9505282,0.5164003,0.7383642,0.99310815,0.061832607,0.3922418,0.91782945,0.5291053,0.7642137,0.98445684,0.05582705,0.39711615,0.92633766,0.52525645,0.7681909,0.98589313,0.066654295,0.39973527,0.9389677,0.52173615,0.758501,0.98910695,0.410675,0.38599244,0.9989562,0.485336,0.3675354,0.9999275,0.23608927,0.3932088,0.88188607,0.4929165,0.21758285,0.9980964,0.06793913,0.39573032,0.8934551,0.44489327,0.054694176,0.9940122,0.044602334,0.37229773,0.95314336,0.43122226,0.04031399,0.99131083,-0.002485305,0.42245057,0.962201,0.42609674,0.008202583,0.99274796
80926_aug.jpg,0.46432716,0.7237438,0.99992657,0.45290196,0.731509,0.99976367,0.45019123,0.7296593,0.9997855,0.4473739,0.7275277,0.99973124,0.45848432,0.73359716,0.9997602,0.45961913,0.7331556,0.9997209,0.46082515,0.73218143,0.99967825,0.4428335,0.7151694,0.99988747,0.45772937,0.7172797,0.9998424,0.46364018,0.7062075,0.99986005,0.47046864,0.7078996,0.9998192,0.40240264,0.6162813,0.9999118,0.5490422,0.65593964,0.99999774,0.2550342,0.53080684,0.9739803,0.6674545,0.7236736,0.9982108,0.14406314,0.5089874,0.8147023,0.7886039,0.8130332,0.99001557,0.11407539,0.5022832,0.6667025,0.82416034,0.83936715,0.9612461,0.10375768,0.50963914,0.69964296,0.82424057,0.849123,0.96428674,0.11469895,0.50848246,0.7619909,0.8130473,0.8409879,0.9737308,0.43161947,0.43121666,0.998448,0.48065078,0.39583144,0.9999021,0.21337697,0.5025518,0.9293251,0.41053033,0.19273205,0.9924143,0.03584373,0.5730837,0.85671484,0.33329493,0.034326375,0.9830478,0.025315553,0.5692525,0.90207505,0.2935379,0.025303483,0.9712342,-0.008111596,0.58506966,0.88655245,0.30884373,-0.019328624,0.9785848
81431_aug.jpg,0.57282597,0.65956634,0.99999523,0.5858593,0.6663491,0.99997187,0.58672667,0.66596067,0.999979,0.5877212,0.66540647,0.999962,0.58962166,0.6642542,0.99998343,0.5930877,0.66241,0.9999902,0.5968079,0.66029406,0.99997616,0.6006812,0.648318,0.9999894,0.6120235,0.63979805,0.9999931,0.57133603,0.6430532,0.999985,0.57546556,0.63923615,0.99998844,0.52449757,0.617788,0.999997,0.6399303,0.510578,0.99985063,0.44512597,0.73532224,0.99981076,0.71524036,0.39374244,0.97356355,0.37014154,0.8499445,0.99949944,0.7863472,0.28526294,0.92490935,0.3503124,0.8862769,0.9974667,0.8093257,0.2650693,0.9081871,0.34934276,0.8952893,0.9978759,0.81247795,0.26174057,0.9226714,0.3552909,0.88119197,0.9983569,0.8023223,0.26884723,0.94010586,0.44971415,0.39786175,0.99961936,0.52313083,0.39736626,0.9977145,0.47875673,0.21806103,0.996816,0.67267257,0.3119368,0.8800363,0.49410263,0.035877377,0.9688084,0.8318269,0.24434413,0.9487679,0.5016814,0.02151379,0.9497861,0.8515152,0.21339145,0.9819634,0.5035557,-0.011099845,0.9789001,0.9151384,0.2360526,0.970242
82993_aug.jpg,0.3001731,0.31792244,0.9999685,0.28226286,0.31874716,0.9999137,0.28176007,0.31908658,0.9999161,0.28140634,0.31960332,0.999869,0.28086752,0.32431182,0.9999553,0.27910835,0.3285334,0.9999646,0.277246,0.33316413,0.9999399,0.28282836,0.3428086,0.9999585,0.27356195,0.3648341,0.99998,0.31149727,0.3290211,0.99993384,0.30911708,0.33724737,0.9999536,0.36669546,0.3375374,0.9999691,0.31088865,0.47706845,0.9996917,0.3971201,0.21440175,0.99617934,0.25704956,0.6162141,0.99333465,0.42560023,0.0926913,0.99650383,0.20948756,0.7380553,0.97294813,0.43253115,0.05930093,0.98649096,0.18903655,0.7795623,0.94340795,0.43266156,0.055127144,0.98874855,0.18143323,0.7839459,0.95285463,0.4314778,0.0672172,0.9919328,0.1906642,0.77285564,0.95804256,0.5480074,0.5322986,0.9993543,0.46703327,0.5557419,0.99825627,0.55607396,0.71930206,0.99705553,0.33242202,0.71788013,0.97427094,0.5854515,0.89827895,0.9896331,0.1668444,0.8480313,0.9870368,0.5808482,0.9195044,0.9718392,0.14099887,0.89013207,0.9855223,0.60275877,0.9455626,0.9805879,0.09494862,0.8888372,0.98747
83371.jpg,0.35621786,0.7188213,0.99989724,0.35939732,0.72969043,0.9999064,0.35894886,0.7291244,0.99990773,0.35847044,0.7284395,0.999938,0.36738813,0.7319566,0.99989223,0.3729016,0.7328954,0.99988043,0.3791938,0.7335479,0.9998336,0.37272668,0.72433764,0.9999573,0.4011527,0.72992164,0.9998336,0.36239943,0.7071413,0.99986935,0.37303138,0.70778406,0.9994591,0.33740616,0.6200082,0.9999187,0.47922865,0.69645804,0.9986253,0.21843062,0.5242914,0.9866464,0.5887258,0.7773923,0.9968927,0.10504916,0.43327755,0.9616367,0.6880094,0.8617539,0.9761347,0.06853926,0.41177705,0.8946294,0.7084428,0.8929505,0.91945994,0.064640015,0.4127189,0.923545,0.70796895,0.8977643,0.9249866,0.07821897,0.41907898,0.9354216,0.7035533,0.88666606,0.9249582,0.43662894,0.47343522,0.99532485,0.48542652,0.4847046,0.9953224,0.6194303,0.635309,0.8965344,0.6798068,0.5706089,0.7721052,0.8370477,0.7251152,0.94606525,0.78064513,0.66244495,0.69661343,0.9093293,0.6769823,0.9431233,0.80744493,0.6644329,0.70107734,0.85505843,0.8003319,0.91799206,0.8754916,0.695541,0.66779053
85306.jpg,0.7120071,0.606924,0.9992848,0.7154717,0.6140315,0.99775285,0.7138984,0.61556286,0.99807453,0.7123363,0.61717606,0.9976839,0.7175031,0.6083986,0.9987317,0.71732295,0.60610926,0.9990213,0.7170822,0.60383743,0.99881446,0.7009686,0.6152107,0.99644333,0.7073562,0.59666383,0.99828464,0.699478,0.6033559,0.99671775,0.7022906,0.5960525,0.9970862,0.65356344,0.62678707,0.9996604,0.644865,0.54917806,0.9967167,0.72431725,0.7137031,0.99644095,0.59333056,0.46282223,0.4407173,0.7842711,0.80310035,0.9920346,0.5695451,0.4026347,0.3175203,0.8030539,0.8277986,0.9738696,0.5629361,0.3770455,0.26859754,0.8054245,0.83098567,0.97019964,0.56465364,0.38023445,0.2809201,0.8019157,0.8246118,0.9783941,0.5657394,0.38768756,0.32236624,0.4854857,0.5013018,0.9999045,0.51857114,0.4695862,0.99947995,0.3644141,0.3982914,0.99940646,0.54789346,0.364586,0.9619597,0.24389422,0.30106625,0.9987161,0.56689817,0.2444678,0.958101,0.22897172,0.297031,0.96908647,0.55828154,0.22450987,0.9256208,0.21316493,0.23737949,0.9961797,0.59723747,0.20899779,0.9633876
87634.jpg,0.5061058,0.6774622,0.999824,0.5186436,0.69287556,0.9994067,0.5195622,0.6932963,0.99948645,0.5205081,0.6937711,0.99919933,0.523287,0.69129634,0.99961853,0.5274632,0.6905998,0.99974984,0.5322086,0.6898028,0.999506,0.54187,0.68197143,0.9996939,0.56302667,0.6761908,0.99975854,0.51054674,0.6568768,0.9996568,0.5175296,0.653268,0.9997267,0.47509924,0.5951035,0.99994886,0.65555346,0.55841005,0.99789256,0.3228747,0.65454245,0.99890924,0.80262053,0.48342782,0.9725515,0.1828486,0.70619977,0.99770725,0.8881458,0.45826253,0.9013882,0.14138511,0.7309723,0.9903612,0.92749035,0.44714412,0.85696715,0.13754436,0.73852974,0.9920242,0.9265082,0.45289415,0.87531114,0.15276703,0.7293662,0.99403787,0.9123567,0.45159417,0.88678396,0.51130015,0.29394746,0.99821645,0.5989143,0.3474327,0.98982203,0.62454337,0.11245188,0.999173,0.8191586,0.42383552,0.95173854,0.7313653,0.005250305,0.9899324,0.9796511,0.49030262,0.9764597,0.7521055,0.006145388,0.9685693,1.0418079,0.45990947,0.98590624,0.79702693,-0.020794898,0.98252,1.0617468,0.54563224,0.97650117
88183.jpg,0.27966738,0.38053066,0.9998661,0.285963,0.36468604,0.99962246,0.29031584,0.3612669,0.99959046,0.2946705,0.35776496,0.9995128,0.27785248,0.37469822,0.9996505,0.2766171,0.37793243,0.99951696,0.27542505,0.380942,0.9994635,0.31336442,0.3584153,0.9997125,0.28919628,0.38720116,0.9997719,0.29816988,0.38555723,0.99981266,0.28618732,0.39670083,0.9998041,0.42513117,0.3584623,0.99990165,0.31300703,0.50086325,0.9999989,0.5470961,0.26852125,0.9439758,0.20804182,0.5831383,0.99791604,0.61866415,0.16643289,0.83686507,0.0886513,0.6521708,0.9924986,0.63503474,0.13817209,0.738445,0.056352258,0.6737783,0.9716804,0.63186854,0.1360062,0.7653385,0.050654054,0.6692749,0.9745137,0.62958735,0.14852637,0.8248373,0.061041594,0.66131914,0.98232484,0.5781053,0.43742537,0.9989851,0.5978098,0.5359949,0.9999591,0.60543203,0.23673251,0.9369192,0.8095914,0.5351566,0.9970806,0.60373086,0.060892016,0.7837676,0.98355824,0.51680875,0.99365366,0.6177609,0.044711173,0.8444729,0.9905781,0.50531536,0.98346114,0.6006093,-0.011692464,0.83588386,1.0736125,0.56097734,0.9888599
93486.jpg,0.6932738,0.37212119,0.9997452,0.69993114,0.38426352,0.99957687,0.70057094,0.38844466,0.99964964,0.701414,0.39281982,0.9995479,0.6969776,0.37665224,0.99858356,0.69546044,0.37538412,0.9985455,0.6939931,0.3741677,0.99800545,0.69314325,0.4083128,0.9995927,0.68283206,0.38098103,0.9976991,0.6832161,0.38200265,0.99969447,0.6803862,0.37121356,0.99925655,0.63999325,0.5159014,0.99984217,0.58857787,0.34507102,0.9998129,0.6407972,0.65137696,0.9923429,0.5901432,0.21613559,0.9933391,0.6560262,0.8188648,0.9292454,0.5898466,0.09514022,0.9783522,0.6649473,0.856622,0.7869703,0.5903865,0.06376791,0.92265594,0.66510963,0.8705621,0.8099593,0.5921573,0.057512462,0.923796,0.65484506,0.8550203,0.8434953,0.5937013,0.0681963,0.93883616,0.52958745,0.6049654,0.9988212,0.4535296,0.5940661,0.9996164,0.5710604,0.7696634,0.9656593,0.42855465,0.7698153,0.9603311,0.6535733,0.9302889,0.88367945,0.40697837,0.86642885,0.8990981,0.6586542,0.9411806,0.6760046,0.4088232,0.8758056,0.7171219,0.67824733,0.9655097,0.79566187,0.40036735,0.9248252,0.8365143
95574.jpg,0.37450576,0.48880678,0.99989986,0.3746412,0.5028468,0.99987113,0.3739004,0.50457317,0.99983764,0.37304816,0.50629437,0.99985087,0.37769753,0.4968265,0.99991775,0.37968284,0.49474373,0.999853,0.38054466,0.49282986,0.9998882,0.37612325,0.5065181,0.9997483,0.38148618,0.49484542,0.9998752,0.39347002,0.5073425,0.999933,0.39836773,0.500347,0.9999479,0.41957125,0.5724477,0.99990034,0.4625304,0.47300157,0.9999871,0.40760326,0.6226208,0.96309483,0.45574474,0.39580482,0.941778,0.35769078,0.64601934,0.95443475,0.4608698,0.3089117,0.6422202,0.35152397,0.66447043,0.9331746,0.47550622,0.2820483,0.62991136,0.3472094,0.6567554,0.9306731,0.46468946,0.27706712,0.6216733,0.35132858,0.6460198,0.883982,0.45864737,0.28809914,0.5696864,0.5810936,0.49437094,0.9995913,0.6159356,0.49598283,0.99993265,0.5677106,0.2988961,0.9335679,0.7533743,0.4026483,0.9402842,0.5366913,0.12882581,0.95319396,0.8375329,0.27737534,0.9813318,0.54250205,0.10640079,0.9452388,0.8523251,0.26083267,0.9451946,0.49559218,0.07404873,0.9439815,0.8785237,0.24215066,0.95957166
97271_aug.jpg,0.49449873,0.68195015,0.9998599,0.5037241,0.6984092,0.9995945,0.50420094,0.698588,0.99964464,0.5046881,0.69862723,0.9994524,0.50920546,0.69722795,0.9997063,0.5134306,0.6965786,0.99980074,0.5176844,0.6955859,0.99963415,0.52518535,0.6866106,0.9997944,0.54549444,0.6820916,0.9997943,0.4989994,0.66163266,0.9997384,0.5064953,0.6583793,0.999764,0.4681248,0.5937691,0.9999348,0.64251584,0.56514335,0.99796695,0.31348014,0.6437284,0.9988023,0.79504704,0.50019425,0.9786991,0.17386758,0.6858854,0.99769396,0.8814484,0.47614455,0.9153622,0.12880832,0.7096432,0.9901624,0.9166708,0.46755654,0.8545927,0.12718499,0.71817565,0.99175197,0.92026687,0.4717651,0.8729206,0.14066893,0.7085223,0.993317,0.9079112,0.47399765,0.8883047,0.5221842,0.289958,0.9984047,0.5997268,0.34736198,0.99099135,0.6453849,0.11730628,0.9994031,0.8236675,0.4407574,0.9588882,0.7615595,0.016775757,0.9941361,0.9916808,0.52542937,0.98035896,0.78184783,0.013720989,0.9741848,1.0385196,0.4995381,0.9844855,0.8315164,0.010311395,0.98679984,1.051091,0.5929054,0.9776478
97647_aug.jpg,0.42163935,0.29512197,0.99963164,0.40383294,0.29546055,0.99890006,0.4023341,0.29662138,0.9990722,0.40106487,0.2979151,0.9987914,0.40186554,0.2986491,0.99935085,0.39879766,0.30195487,0.99954706,0.39570254,0.30557,0.99913496,0.39226264,0.32082158,0.9995908,0.38345152,0.33030665,0.9996313,0.42606473,0.30954522,0.9994455,0.42277458,0.31415284,0.9995377,0.47970888,0.35757172,0.9999647,0.34971398,0.4315799,0.9995467,0.5545992,0.2741245,0.9884752,0.23570481,0.5062458,0.94990337,0.65574443,0.1888822,0.95788115,0.14243624,0.57395095,0.8643498,0.6820715,0.13034952,0.8950505,0.10427827,0.5850003,0.81251794,0.67760575,0.12733948,0.90848863,0.10108057,0.58374673,0.8383754,0.6756001,0.16811919,0.9318982,0.11663374,0.58295,0.8717123,0.5407056,0.56757265,0.999858,0.46433023,0.54186416,0.99825436,0.4662488,0.76026154,0.9973718,0.26201397,0.56916606,0.5953935,0.38985968,0.93087494,0.9897131,0.09196821,0.5834772,0.89764965,0.38609672,0.95207477,0.97732747,0.07001194,0.60530525,0.95057094,0.3258884,0.978423,0.9888785,0.009746313,0.5367139,0.9317493
