12459.jpg,0.4303884,0.30900428,0.9984005,0.43830973,0.29544312,0.9988172,0.44032526,0.29578227,0.99898297,0.44228804,0.29630762,0.99886537,0.43802035,0.29455903,0.9985851,0.4397084,0.29414856,0.99847525,0.4414575,0.29380876,0.99847406,0.45814833,0.30734196,0.9988651,0.45875838,0.30465886,0.9989875,0.43862864,0.32266456,0.99688715,0.43765897,0.32136548,0.99684924,0.47739193,0.36611483,0.99857855,0.48465008,0.36457562,0.9888974,0.4208935,0.26196617,0.9971807,0.4273166,0.25745043,0.33073458,0.37435907,0.14592719,0.9884693,0.38814062,0.16253987,0.6083456,0.3646919,0.118310094,0.9792956,0.38184378,0.13672936,0.69267297,0.37077314,0.11467391,0.97464037,0.38188374,0.13010481,0.6927849,0.37371725,0.12330899,0.9659772,0.3838576,0.13865653,0.7162958,0.59603673,0.59217954,0.9963527,0.597098,0.5885105,0.99228257,0.56616247,0.7704504,0.98111516,0.5708478,0.7602146,0.2686317,0.6575427,0.9153248,0.9220648,0.65717685,0.9097887,0.16321473,0.6749587,0.9295093,0.94936466,0.67525166,0.92671794,0.36131135,0.6076575,0.9571427,0.8601772,0.60984993,0.95374155,0.21257704
18653.jpg,0.57480234,0.755337,0.99681073,0.56950164,0.77824163,0.9972282,0.5666996,0.7796813,0.9969023,0.56362134,0.7809725,0.99747145,0.57031536,0.77873766,0.99749976,0.56825674,0.7806426,0.9965372,0.56601644,0.782518,0.99727494,0.5382886,0.7812396,0.99654347,0.54446363,0.78100014,0.9966535,0.55929315,0.7430371,0.992806,0.5620271,0.74348897,0.99344033,0.4921757,0.72558415,0.9975109,0.5080212,0.7139401,0.98703533,0.5757549,0.8125672,0.9966091,0.57257336,0.7997788,0.31873608,0.6466212,0.91668975,0.9793784,0.63370115,0.89549786,0.5029087,0.65887624,0.94304645,0.9615398,0.6462309,0.91968167,0.566812,0.6539073,0.9468642,0.9528964,0.64610815,0.9295752,0.573376,0.64958423,0.9372797,0.9346061,0.6418525,0.92017424,0.60336596,0.39543036,0.45367888,0.9954609,0.41281027,0.4506593,0.9913161,0.5045197,0.2811374,0.9716457,0.5005375,0.28159368,0.28044853,0.4676738,0.07578671,0.9257383,0.46937847,0.08148223,0.24510571,0.44825166,0.054201096,0.944185,0.45036942,0.056191474,0.41580853,0.5353621,0.042830557,0.8734779,0.53641456,0.044274867,0.2875089
23432.jpg,0.4470722,0.6034477,0.99910337,0.45384842,0.6156134,0.99899584,0.45496655,0.61577725,0.99881834,0.45633844,0.61614597,0.9991025,0.45596966,0.6155162,0.99872404,0.45819783,0.61549044,0.9985897,0.46061713,0.6157105,0.998711,0.47193095,0.61164993,0.9990866,0.47417927,0.61070085,0.9984781,0.45266834,0.5902578,0.9964663,0.4549682,0.5905409,0.9958878,0.48996437,0.5537391,0.9971155,0.4947109,0.5526399,0.9980842,0.47165856,0.6573097,0.4040852,0.47401646,0.66320807,0.9671515,0.46917695,0.7487756,0.513825,0.4760998,0.78327334,0.96046114,0.47605836,0.77540284,0.5464784,0.48087043,0.80623925,0.9511699,0.4782319,0.77757716,0.5539767,0.4840664,0.8060206,0.9431263,0.47666487,0.7710764,0.58216965,0.48242754,0.797979,0.9289676,0.5273093,0.3355808,0.9990044,0.5397918,0.3350478,0.99886,0.4240995,0.31801274,0.32002595,0.41860583,0.32714778,0.99181587,0.46629274,0.17032188,0.5403304,0.46977746,0.15921232,0.9727927,0.48924395,0.15444216,0.560941,0.49171385,0.14888784,0.93278074,0.44856122,0.10765201,0.63941294,0.45171311,0.092477396,0.9484806
24164_aug.jpg,0.5093108,0.39026183,0.9976457,0.49437404,0.3786143,0.9973253,0.4925247,0.3786537,0.99676895,0.49057165,0.37855724,0.99772626,0.49355325,0.378532,0.9969945,0.4913359,0.37850103,0.99667406,0.48905766,0.37834558,0.99711144,0.47706816,0.38835752,0.99800783,0.4772171,0.38851252,0.99655616,0.50834346,0.40414843,0.99213797,0.5066335,0.40383846,0.99209666,0.48761404,0.45275724,0.99320674,0.4848058,0.45909506,0.9957638,0.46536902,0.35803252,0.17138639,0.4623227,0.35784397,0.9422329,0.45168483,0.2851645,0.24717918,0.42688116,0.26035655,0.8766746,0.44323832,0.27331305,0.31157032,0.42222524,0.25831714,0.8654764,0.43905315,0.27340084,0.3185842,0.42097557,0.2610959,0.84835464,0.44145015,0.2782751,0.3489837,0.4237114,0.26405272,0.8195824,0.53241926,0.6660251,0.999498,0.52267087,0.668911,0.99924564,0.64394814,0.63400555,0.32780662,0.64040524,0.62822384,0.991674,0.658269,0.79136056,0.55198205,0.65263796,0.7973969,0.98334855,0.64210474,0.81362355,0.580061,0.6344317,0.8145565,0.9609612,0.70017827,0.8416916,0.65641457,0.69584113,0.85056573,0.9681723
26078_aug.jpg,0.3878346,0.35855958,0.99891627,0.37932658,0.34469506,0.99910825,0.37767705,0.3448707,0.9991142,0.37593853,0.34498093,0.9992387,0.37717324,0.34489268,0.9987406,0.37395167,0.3452221,0.9985922,0.37058127,0.3454395,0.99878234,0.35176325,0.3520852,0.99954456,0.34782588,0.3533219,0.9983835,0.3784194,0.375048,0.9983594,0.37563732,0.37515783,0.99735343,0.3221708,0.4077052,0.9943983,0.32024682,0.41870254,0.9982023,0.4211198,0.31378677,0.27603382,0.43003482,0.316343,0.96525097,0.4832765,0.21228436,0.34747133,0.49734378,0.19011363,0.9427095,0.5006937,0.18112022,0.38345683,0.5159367,0.15087497,0.9156678,0.49795383,0.1749351,0.38607812,0.509761,0.14471859,0.9015486,0.49127203,0.18460241,0.4041293,0.50207067,0.15879327,0.8772039,0.1491918,0.63017464,0.9982786,0.12394993,0.65667963,0.9985745,0.34811625,0.6528979,0.3559978,0.34728643,0.66150653,0.99366486,0.29927784,0.84894645,0.44248384,0.2869147,0.8695206,0.9629449,0.268962,0.8914405,0.36756653,0.2567914,0.90651244,0.8896889,0.38778305,0.89552075,0.48878503,0.38498968,0.9037752,0.9321597
26310_aug.jpg,0.39317882,0.305533,0.99969196,0.4115246,0.30366802,0.99976987,0.41296667,0.3053266,0.9997931,0.41431767,0.30725148,0.9997502,0.41266996,0.30210823,0.9995147,0.41556972,0.30216974,0.999446,0.41790456,0.3025835,0.9996006,0.42213455,0.3373414,0.9995365,0.42710334,0.32731748,0.9998549,0.38425058,0.32629877,0.9978669,0.38734522,0.3221473,0.99822074,0.38785478,0.4259593,0.9996625,0.45318797,0.39540312,0.9992353,0.3123911,0.33575493,0.98716193,0.38928562,0.31848842,0.3643654,0.3109159,0.24082994,0.9483057,0.35592353,0.19385305,0.64670783,0.3106198,0.2130439,0.9398754,0.36215895,0.18005723,0.6654275,0.32233387,0.219374,0.9344172,0.36352545,0.17969978,0.6613446,0.3246323,0.22437522,0.910537,0.3597921,0.18586177,0.64562297,0.55067533,0.6654818,0.99997795,0.59887743,0.6441652,0.99997175,0.41702664,0.8207303,0.9780647,0.50353193,0.7739972,0.14828031,0.5991086,0.87692666,0.95069075,0.6526139,0.8581197,0.46677274,0.6318106,0.87529385,0.97541815,0.67692226,0.8521705,0.56589407,0.6491022,0.93075657,0.94834685,0.6836053,0.9196935,0.56626797
27680_aug.jpg,0.67662454,0.44541052,0.9967618,0.6913121,0.45568174,0.9976283,0.69143057,0.45773607,0.9979651,0.6914284,0.4598503,0.99795425,0.69084215,0.45597446,0.99788266,0.6906371,0.45804828,0.99770087,0.69042224,0.4602571,0.99763584,0.6831858,0.4776673,0.9978656,0.6825304,0.47773862,0.9976687,0.66435504,0.45076603,0.9932868,0.66370106,0.4504085,0.99268943,0.6244569,0.49266902,0.9967326,0.61962736,0.4925009,0.9685195,0.7510497,0.49165133,0.9959124,0.7369435,0.48980632,0.1442534,0.8758533,0.4973482,0.97329706,0.8404191,0.49651307,0.28955123,0.9089855,0.5026692,0.95352495,0.86977017,0.5037337,0.4101679,0.9127716,0.50970113,0.94230866,0.8745413,0.5050197,0.41330904,0.9002367,0.50765216,0.92477643,0.8655289,0.5028344,0.43657142,0.37579998,0.5399732,0.9962509,0.3776565,0.5371427,0.9899206,0.2530083,0.43906942,0.9734142,0.25835872,0.44229028,0.22098124,0.06778011,0.44328296,0.90205497,0.08452582,0.44591206,0.18164037,0.049840808,0.45262438,0.9384804,0.063399106,0.45368487,0.38357836,0.06695956,0.37601268,0.8394396,0.08110404,0.3842193,0.24490055
2876.jpg,0.39194643,0.6311443,0.99743277,0.37917542,0.6490413,0.9977785,0.381737,0.651632,0.9975803,0.3853842,0.65409636,0.9978709,0.3797621,0.6489494,0.9975332,0.38236773,0.65126586,0.997324,0.38578624,0.6532904,0.99776983,0.4133303,0.6677517,0.9984049,0.41154745,0.66389155,0.99747133,0.4098327,0.62891525,0.9933838,0.41075718,0.62892383,0.99320906,0.4896786,0.629081,0.9957579,0.48469332,0.6372421,0.9981687,0.32003003,0.6261106,0.39020824,0.31129324,0.6430171,0.98634326,0.18349487,0.61059535,0.48002934,0.146119,0.6536557,0.9837932,0.15611404,0.6178454,0.50527686,0.14037871,0.6429108,0.9690276,0.15677303,0.6264705,0.50422204,0.14501166,0.6447344,0.96337557,0.16741455,0.6230608,0.52425015,0.14475948,0.64591634,0.9478896,0.81361794,0.5348767,0.99904853,0.8268143,0.5277752,0.9986505,0.6353177,0.31304035,0.4638473,0.62532735,0.2927764,0.99052536,0.8285263,0.23593993,0.48178843,0.84555846,0.22623983,0.96033096,0.87517935,0.24271967,0.44550177,0.89686334,0.23644781,0.8862059,0.79066914,0.15777364,0.50313634,0.8014605,0.1372374,0.92814964
29133_aug.jpg,0.56826854,0.84723604,0.9969657,0.5856454,0.85061455,0.9966972,0.5864096,0.84942484,0.9965179,0.58726156,0.84790236,0.99704486,0.5865295,0.8491217,0.99578273,0.5876776,0.8472311,0.99566513,0.5888436,0.8452379,0.9959163,0.58813643,0.82528734,0.9975299,0.5875114,0.8263078,0.9946971,0.5582681,0.8351584,0.9944296,0.5597644,0.83314395,0.9943446,0.53902495,0.77552754,0.9923598,0.5368301,0.777938,0.9976279,0.62004745,0.8606844,0.30800393,0.61839926,0.87185013,0.983192,0.7008909,0.9414201,0.46550268,0.7170898,0.95867443,0.9739966,0.7197293,0.95170635,0.47558042,0.73733205,0.973631,0.9569027,0.72437745,0.95189345,0.47577605,0.73995817,0.9691855,0.9476503,0.72050667,0.94925946,0.49056223,0.73514104,0.96414113,0.9311584,0.3422596,0.62918097,0.99793077,0.3324444,0.6226629,0.9983241,0.18519194,0.68280876,0.2403709,0.16725272,0.6893347,0.97991794,0.052822232,0.5776669,0.3596184,0.03473264,0.5677069,0.9498348,0.041323096,0.5522791,0.4670533,0.025975108,0.54306996,0.9262238,-0.0070000887,0.61207503,0.46479052,-0.020734876,0.6097246,0.91709816
30416_aug.jpg,0.6886432,0.2981089,0.9989955,0.71157247,0.29393968,0.9991177,0.7141244,0.29622808,0.9990916,0.7170246,0.298784,0.99921525,0.709686,0.29219815,0.9992387,0.71064276,0.29304707,0.9989887,0.7119723,0.2940056,0.99912196,0.7262808,0.32176888,0.9991424,0.72174937,0.31451675,0.99909294,0.6812306,0.318944,0.9976755,0.6788683,0.31576398,0.9976024,0.6925567,0.3903863,0.99889886,0.6724809,0.37847504,0.98859113,0.7370833,0.2728562,0.9980823,0.7302077,0.27331063,0.30819452,0.8025167,0.15772256,0.9872809,0.78504205,0.17234725,0.577505,0.8163471,0.13649616,0.9735936,0.80204034,0.15271565,0.6403672,0.8218039,0.13807261,0.966507,0.80711704,0.15177828,0.6472934,0.82073015,0.1424489,0.95314825,0.80433863,0.15627947,0.66612005,0.5162282,0.61464953,0.9988851,0.50512624,0.60136205,0.99724895,0.3047037,0.59811676,0.9852299,0.3086103,0.600335,0.4237835,0.13194203,0.7349254,0.96818775,0.13792402,0.7326571,0.397762,0.10683185,0.76807404,0.9710461,0.11574724,0.7653215,0.5422159,0.06754559,0.6914573,0.9363035,0.077935815,0.6941947,0.4250828
30997_aug.jpg,0.25629744,0.50536203,0.9988846,0.245913,0.5189502,0.9965029,0.2461594,0.5201736,0.9964774,0.24646312,0.52169764,0.9979526,0.24662352,0.5215089,0.99790287,0.2474887,0.5245613,0.99805415,0.24849942,0.5283432,0.9982284,0.26042718,0.5400368,0.9976515,0.26255047,0.5451794,0.9972631,0.27454722,0.50361025,0.9930305,0.27585638,0.5072789,0.99581903,0.34938926,0.49881625,0.9964078,0.35242337,0.5240347,0.998536,0.3143295,0.36671305,0.24165554,0.3087628,0.37135842,0.9635921,0.27055407,0.25222328,0.19465601,0.26012504,0.24832956,0.93524814,0.26478484,0.22108139,0.23496924,0.25377622,0.21107888,0.92275584,0.25874233,0.21619561,0.24236995,0.24563172,0.20968083,0.9126814,0.26173696,0.22659254,0.26792145,0.24946809,0.2219801,0.8635599,0.5733276,0.43714634,0.9956226,0.5844915,0.45248103,0.99323034,0.5937635,0.24243318,0.1410077,0.598413,0.23948252,0.9681096,0.78228253,0.32429212,0.3490437,0.7872663,0.3278092,0.96829975,0.79985106,0.35499388,0.59007883,0.80066144,0.3598401,0.966154,0.85243165,0.29175833,0.47224906,0.8607662,0.2995737,0.944323
31027_aug.jpg,0.26564205,0.7736938,0.99848145,0.2744916,0.7861297,0.9981851,0.2758361,0.7857466,0.9978085,0.27722734,0.7855023,0.9984352,0.27582532,0.7857814,0.9978618,0.27799064,0.78510296,0.99754024,0.2801444,0.7845911,0.9979851,0.29068503,0.7705371,0.9983223,0.29144135,0.76974076,0.997214,0.2678802,0.7568135,0.99635005,0.2701116,0.75713426,0.9962813,0.29581493,0.69804835,0.9949497,0.30088958,0.69768,0.9981949,0.275555,0.8084818,0.30502573,0.2827923,0.8044738,0.9833482,0.2623897,0.9107783,0.45199302,0.2649025,0.9194124,0.9677691,0.2648841,0.9341635,0.48388532,0.26592228,0.94242,0.95086896,0.2683171,0.93666637,0.4889419,0.27082288,0.9437505,0.9404307,0.26789513,0.92945105,0.5050171,0.27056792,0.93814135,0.91677094,0.29896992,0.45179582,0.9985287,0.29670048,0.444938,0.9983979,0.16179042,0.35376272,0.39407477,0.15818448,0.35161322,0.9930949,0.15906791,0.18447742,0.5936973,0.15419604,0.17190602,0.9836768,0.1710365,0.16204715,0.64479434,0.16744582,0.14974391,0.9581893,0.11157982,0.13580894,0.67721,0.10853034,0.12566707,0.9652048
31292.jpg,0.6109668,0.46585476,0.999705,0.6145654,0.4528709,0.9996617,0.6137155,0.45175102,0.9995772,0.61283964,0.4502765,0.9996716,0.6132704,0.45171744,0.9995616,0.61161935,0.45018122,0.9995067,0.609972,0.4483218,0.99957293,0.5971154,0.4420128,0.9996656,0.59571326,0.44232437,0.999546,0.59770226,0.47062165,0.9988794,0.59659976,0.46858266,0.99874556,0.54216325,0.46962234,0.9978796,0.54056203,0.46442935,0.9991352,0.63525957,0.41579556,0.38582748,0.6429235,0.40527898,0.9839535,0.7048082,0.35181057,0.51511365,0.729645,0.32393828,0.9730785,0.71674794,0.32601082,0.5398211,0.7448797,0.30209807,0.9617029,0.7167038,0.3235145,0.54612076,0.7415779,0.29919073,0.9554,0.7139331,0.3299558,0.5691111,0.7358618,0.3070879,0.9467511,0.35487038,0.5888759,0.99902153,0.34978694,0.5805461,0.99922,0.4168348,0.6712063,0.3802051,0.42553848,0.6650523,0.995274,0.27404004,0.7379003,0.6395431,0.26070952,0.7433284,0.98344076,0.2529876,0.72816277,0.6408737,0.2412864,0.7305816,0.95112246,0.23301116,0.79124904,0.72123903,0.22840187,0.79672766,0.9634904
31743_aug.jpg,0.31787294,0.60685414,0.9983076,0.30471024,0.5948873,0.99829644,0.3051289,0.59223664,0.99843735,0.30560613,0.58946973,0.99858594,0.30483365,0.59574556,0.99814045,0.30527756,0.5938302,0.99774534,0.30574945,0.5917175,0.99792886,0.31896004,0.56794846,0.9979202,0.31720066,0.5697935,0.998367,0.3347056,0.59929603,0.9946043,0.33496737,0.5997015,0.99397886,0.38693088,0.54697084,0.9980825,0.38744354,0.54643726,0.974183,0.2784156,0.63441455,0.9963386,0.27658087,0.62937665,0.14771602,0.15846118,0.7012099,0.98438627,0.16882512,0.6912306,0.3834218,0.13198215,0.71172434,0.97183144,0.14024478,0.69996965,0.4859389,0.12665987,0.7027632,0.96609247,0.1331749,0.69733244,0.4981394,0.13343096,0.69975066,0.9507896,0.1407997,0.69471395,0.5237061,0.6362156,0.4110555,0.9972367,0.624984,0.42140457,0.99495006,0.7220156,0.57824665,0.98244745,0.7116623,0.5777846,0.47813103,0.912113,0.51872146,0.94979775,0.8961874,0.528046,0.42218256,0.9323088,0.48942596,0.94582033,0.9213759,0.49835062,0.5382976,0.9451208,0.5956085,0.908018,0.93237984,0.59835875,0.43761998
32062_aug.jpg,0.38691306,0.37520075,0.997042,0.37402254,0.36952692,0.9975097,0.37351468,0.37038746,0.9972727,0.3729791,0.37127963,0.9974502,0.37080073,0.37134793,0.9963496,0.36808112,0.37342703,0.99641776,0.36519158,0.3755642,0.99704283,0.36185634,0.39009553,0.99835396,0.35421488,0.3940815,0.9969938,0.39132494,0.39090776,0.9950471,0.3874274,0.3931243,0.9951586,0.39749962,0.44912922,0.9917116,0.36680007,0.46539545,0.9973164,0.3243764,0.33642522,0.299181,0.30875582,0.34237772,0.977359,0.23273563,0.24870872,0.33733463,0.21833745,0.24164864,0.9535322,0.21142212,0.23529214,0.4098625,0.19354486,0.21928522,0.93472123,0.20648742,0.23417619,0.40760496,0.18892992,0.21930799,0.9264178,0.21645856,0.24346912,0.41034356,0.19792297,0.22964653,0.91722083,0.5260288,0.65414464,0.9973477,0.522567,0.6905412,0.9977451,0.68210626,0.5036755,0.5064199,0.68928105,0.50794315,0.99484587,0.8066454,0.64656276,0.5659097,0.8240765,0.66574556,0.9847207,0.81801474,0.6850323,0.53564346,0.8337945,0.6996974,0.96549404,0.8702884,0.58401036,0.5761662,0.87977433,0.59478766,0.96732485
32709_aug.jpg,0.5383018,0.28802317,0.99999464,0.54957044,0.28543442,0.99999535,0.55149204,0.2879302,0.99999154,0.5531336,0.29045236,0.9999945,0.5415693,0.2783609,0.9999969,0.5383681,0.2759724,0.9999964,0.53523624,0.27365038,0.999998,0.54774034,0.29631722,0.9999875,0.52383363,0.27476758,0.99999607,0.5358792,0.3003193,0.99998677,0.52371275,0.2900052,0.9999931,0.5348468,0.36978394,0.9999367,0.43779677,0.30271506,0.99995816,0.50975823,0.40996903,0.9553242,0.37408116,0.34259868,0.9922889,0.5011538,0.34770286,0.94963473,0.46842557,0.33959088,0.99284405,0.5066929,0.3241729,0.8908228,0.49224126,0.3288542,0.9766068,0.5103008,0.32400584,0.86972743,0.49355456,0.32479942,0.9707082,0.5077344,0.32972378,0.8328201,0.48689273,0.32850248,0.95447415,0.39966887,0.46115577,0.9999386,0.37741014,0.41294932,0.9998938,0.3137293,0.49192116,0.9969969,0.30639964,0.3359044,0.9515415,0.18086763,0.55542475,0.9885417,0.15998797,0.34035662,0.9057175,0.16539924,0.56823677,0.94467634,0.14080478,0.34818172,0.8774133,0.12842894,0.55582875,0.97815955,0.09915522,0.30104715,0.9268864
35559_aug.jpg,0.3280095,0.58644027,0.9993155,0.31338543,0.578551,0.99926394,0.31267542,0.5752861,0.9993274,0.31185254,0.57162166,0.999356,0.3140219,0.5814492,0.9991217,0.3138428,0.5802882,0.99892694,0.31349888,0.57874984,0.9991411,0.32001603,0.55150497,0.99909663,0.32026368,0.56059337,0.99944204,0.34297633,0.57390064,0.9970444,0.3438427,0.57789534,0.99746454,0.38649207,0.508559,0.99870515,0.40021583,0.5263838,0.9895112,0.309843,0.6017724,0.9974362,0.31425765,0.6154239,0.15673923,0.22191909,0.6860622,0.98609155,0.23315442,0.6888789,0.3546504,0.20522791,0.7054725,0.97593975,0.21288124,0.7072934,0.42695028,0.19529611,0.705986,0.9712583,0.20641515,0.7081136,0.4349669,0.20191786,0.698977,0.9597936,0.21196586,0.7010944,0.4619524,0.5800236,0.33295006,0.99924374,0.5820509,0.34971946,0.9988061,0.7435905,0.43232787,0.98630035,0.7340495,0.4344756,0.45966133,0.87170446,0.28383094,0.9594442,0.85588634,0.29762876,0.43346146,0.88622606,0.25076193,0.9707362,0.8750574,0.26235333,0.5354664,0.939494,0.33893833,0.92899907,0.9281548,0.34560096,0.41464278
3636_aug.jpg,0.24539411,0.59197426,0.9999223,0.23045146,0.5877676,0.9999598,0.22982067,0.5824793,0.9999573,0.22920984,0.57721823,0.99995065,0.23324138,0.6052618,0.999931,0.2346622,0.6119243,0.99992347,0.23627982,0.61836094,0.99991393,0.23626381,0.567997,0.99994946,0.2482703,0.6268264,0.9999192,0.2652456,0.5767029,0.9999311,0.26764733,0.5978391,0.99992,0.36348823,0.5160141,0.999371,0.32924712,0.64613783,0.99970835,0.4600949,0.45595145,0.4816745,0.31084394,0.7053088,0.895821,0.5520232,0.4114384,0.24681309,0.3493802,0.62423617,0.61764413,0.5894979,0.40065783,0.20737371,0.37019992,0.6052568,0.5807201,0.5843242,0.40945703,0.21945257,0.36229485,0.5861831,0.56666803,0.56531966,0.4099847,0.21789962,0.36214864,0.5946341,0.53213286,0.57071996,0.5420647,0.99931026,0.594663,0.5782511,0.99957377,0.58450776,0.37176728,0.37855208,0.5639741,0.38400102,0.97695315,0.7733462,0.22135878,0.51740843,0.7563994,0.23617944,0.9615385,0.8073909,0.209367,0.5045145,0.7947128,0.21919182,0.91346157,0.7476685,0.14680704,0.57042825,0.7428767,0.15345699,0.9335307
37335.jpg,0.36238146,0.4660027,0.9985815,0.34703207,0.44816887,0.99888855,0.348154,0.4453384,0.99891245,0.34947082,0.44250286,0.9990338,0.34581283,0.44927368,0.9989631,0.34594882,0.44747132,0.9988287,0.34624222,0.44555274,0.99895895,0.3697236,0.4251598,0.99842155,0.36526996,0.43020916,0.99903584,0.387225,0.46306938,0.99717546,0.38538605,0.46560025,0.9965239,0.45705104,0.4335475,0.99779665,0.44874284,0.44917756,0.9797163,0.30714792,0.39643678,0.99520516,0.31382915,0.39932975,0.18525878,0.14277327,0.35287642,0.9779503,0.17022139,0.3570403,0.37881288,0.10537964,0.33615464,0.9644688,0.13171935,0.338364,0.5232712,0.10556668,0.33070278,0.95624155,0.12514484,0.33662713,0.5238532,0.11620325,0.33649004,0.9459947,0.13495481,0.34238896,0.5467163,0.769777,0.47218856,0.99697614,0.7528241,0.48877597,0.9936119,0.8122596,0.68942374,0.97827643,0.7969491,0.670966,0.19268382,0.9731891,0.78322446,0.90755,0.9426683,0.755878,0.17653514,0.98422635,0.77266383,0.92501646,0.9623665,0.75817364,0.33680716,0.9903691,0.86322784,0.8469608,0.9590565,0.8332758,0.22451788
37697.jpg,0.7056405,0.5686024,0.99787116,0.7218097,0.5813108,0.9980399,0.72148967,0.5832633,0.9979121,0.7211619,0.58511084,0.99813986,0.72249496,0.5810648,0.9980202,0.7225939,0.5829277,0.99738175,0.7227526,0.5847469,0.9978835,0.70711684,0.5996492,0.9969348,0.70909613,0.59756356,0.9977355,0.68760276,0.5721501,0.9928565,0.6883775,0.57052964,0.9930402,0.636026,0.6062033,0.9972268,0.6372934,0.5969259,0.98848444,0.7620988,0.59152824,0.996795,0.7589817,0.5962181,0.3231467,0.88675016,0.60763645,0.98703194,0.8733293,0.61027354,0.639936,0.91437376,0.6066807,0.97618854,0.9039351,0.6111268,0.7011032,0.9141059,0.6124592,0.9711603,0.906531,0.613602,0.7059123,0.9040071,0.6133812,0.9590986,0.89567447,0.6144896,0.72848064,0.37464774,0.5375987,0.9977602,0.38020143,0.5268033,0.99637455,0.34428233,0.36103928,0.9620581,0.3414585,0.36570743,0.28686416,0.1680936,0.28870165,0.91039866,0.17783645,0.2915618,0.22650257,0.13642484,0.29007953,0.9390601,0.1465435,0.28828064,0.3852777,0.17850056,0.21978134,0.86725223,0.18644696,0.22404283,0.27220404
39633.jpg,0.6661339,0.49836746,0.9980969,0.6801912,0.4935726,0.9983523,0.6803042,0.49249434,0.99826825,0.6805705,0.4912566,0.99840087,0.6804394,0.49059612,0.9973455,0.6807431,0.48764685,0.99730635,0.6811342,0.4846365,0.9976393,0.67472607,0.46964705,0.9988462,0.67262954,0.4646713,0.9973526,0.6517143,0.49037385,0.99642086,0.65170205,0.48589018,0.99616575,0.608814,0.4442231,0.99470156,0.60862195,0.42247486,0.9980263,0.7351929,0.47156355,0.28517663,0.73627234,0.4588291,0.97277236,0.85886693,0.46368754,0.33247796,0.8820236,0.45611537,0.96550846,0.89075863,0.44979334,0.38815325,0.9137498,0.44730398,0.9488387,0.89959216,0.4473507,0.38705024,0.9163412,0.4434348,0.9423845,0.8867104,0.44987592,0.39953804,0.90648496,0.4453278,0.93270534,0.35742182,0.4191771,0.9975262,0.3325981,0.39620817,0.9981767,0.3734998,0.6332872,0.41813698,0.3679967,0.63855535,0.9946136,0.19130713,0.6309975,0.5450443,0.17364249,0.6373598,0.98473155,0.15469366,0.61716175,0.5368501,0.13602792,0.6223338,0.9600841,0.19001134,0.71636504,0.5838607,0.18139675,0.72676677,0.9691253
40160.jpg,0.3704757,0.6256277,0.9987956,0.37288377,0.6383244,0.99909246,0.3740813,0.6391907,0.9987978,0.37517804,0.63998413,0.9993248,0.3731591,0.63835007,0.9991529,0.37456876,0.6393354,0.9989116,0.37590396,0.64028853,0.999295,0.3899634,0.64165545,0.9991498,0.39124537,0.641775,0.9991567,0.3792342,0.6182629,0.997624,0.37974697,0.6191014,0.99811304,0.43505967,0.5994208,0.9916265,0.43235838,0.59805113,0.9985794,0.3576072,0.6388625,0.2793895,0.35628003,0.63777757,0.9854499,0.3018974,0.6915436,0.3203019,0.29885328,0.690441,0.96135306,0.29635674,0.7059615,0.40305257,0.2884692,0.7031877,0.9519756,0.29736286,0.7084688,0.4071675,0.29293105,0.7087141,0.9407567,0.29838467,0.7053139,0.4095273,0.29571778,0.7054152,0.92017317,0.5848453,0.48190752,0.99801826,0.58477956,0.47951373,0.99832135,0.5462838,0.3473423,0.26800826,0.5421724,0.3428566,0.99217623,0.629967,0.2181921,0.2959039,0.63510984,0.20462319,0.9880363,0.6529689,0.20474088,0.3602004,0.661584,0.18773419,0.9803931,0.603664,0.17444545,0.3843293,0.60402465,0.15928921,0.9667978
42149_aug.jpg,0.6336817,0.41821983,0.9994659,0.6471815,0.41866288,0.99937314,0.647442,0.41856152,0.9992163,0.6475998,0.41829997,0.9991154,0.6476921,0.415198,0.99949074,0.6482823,0.41289663,0.9993783,0.6485795,0.40989888,0.9993487,0.64296687,0.40668416,0.9985765,0.6419794,0.39219353,0.99907804,0.6205628,0.41497982,0.99850863,0.6204655,0.4111465,0.99884546,0.59573865,0.38156238,0.99578226,0.59340703,0.33081335,0.9995933,0.6892381,0.40858325,0.7767298,0.68305004,0.36751276,0.9875733,0.8008672,0.40066615,0.91143304,0.782896,0.37538335,0.97689724,0.82717234,0.39498296,0.889922,0.804165,0.37393928,0.9576522,0.8337165,0.3918211,0.8887533,0.80800426,0.37913454,0.95253736,0.8218369,0.3939724,0.8767358,0.7982919,0.38023072,0.94183165,0.3630001,0.3420538,0.99897397,0.33566454,0.2787924,0.99971277,0.27140746,0.43340284,0.7030088,0.2396248,0.36012655,0.99356997,0.16075103,0.45947078,0.86700976,0.06949648,0.347524,0.995468,0.11477998,0.45994365,0.82923365,0.04709497,0.3371817,0.98163533,0.1260762,0.53551936,0.8655502,0.060049772,0.41281775,0.9893941
43136_aug.jpg,0.8622795,0.60462004,0.94679624,0.8544815,0.60561866,0.9437382,0.8553342,0.60624516,0.9431023,0.8562145,0.6068695,0.94989,0.8528045,0.6038784,0.94509476,0.8525936,0.6032885,0.9367465,0.85253316,0.6027664,0.94338375,0.8609195,0.60927165,0.93906665,0.8568331,0.6040335,0.92459863,0.8718382,0.60537785,0.94736564,0.8693098,0.6033753,0.94728893,0.9093325,0.6225431,0.99225485,0.8745564,0.59918773,0.99801826,0.9436919,0.5772567,0.1457148,0.8964818,0.5422162,0.63242346,0.9452059,0.5335948,0.13590151,0.8980209,0.4911391,0.2681146,0.9487229,0.5220234,0.14522463,0.898276,0.4772906,0.25771964,0.94179475,0.52362716,0.14152057,0.8942347,0.48109025,0.2502457,0.9406424,0.52664614,0.13810727,0.8978437,0.48774594,0.20496437,0.9938292,0.5495962,0.96153563,0.98967195,0.541893,0.9569766,0.90989447,0.46952373,0.5106773,0.9156557,0.4660844,0.96187663,0.9853664,0.40510982,0.51452124,0.9909786,0.40538105,0.8088062,1.0043025,0.410225,0.46152508,1.0089706,0.42250967,0.62194777,0.98176736,0.37321746,0.46026477,1.000082,0.36695033,0.6574621
43246_aug.jpg,0.69667023,0.5088201,0.98302746,0.7085329,0.51937914,0.98796785,0.7078438,0.5206902,0.9880832,0.70708466,0.5219508,0.989019,0.7089082,0.51960045,0.982485,0.7083806,0.52103704,0.9766352,0.7078222,0.5225011,0.9794319,0.6942713,0.53338003,0.98651844,0.69522095,0.5344758,0.97937256,0.6830738,0.50990444,0.9692592,0.68289363,0.50985,0.96229166,0.6290089,0.5349116,0.9954099,0.62628686,0.5371591,0.9588871,0.7616266,0.5316416,0.99617815,0.7546003,0.5342329,0.122077286,0.87633467,0.5176463,0.9761974,0.8626112,0.52403265,0.31523296,0.9102955,0.52246726,0.957845,0.8962386,0.52869576,0.39698562,0.9124633,0.5281198,0.95230323,0.9019114,0.53089654,0.3968139,0.9004514,0.52616775,0.9347041,0.8906783,0.52933335,0.42990842,0.38414878,0.52438474,0.9967359,0.38815138,0.5160616,0.9909083,0.2524077,0.427012,0.9555456,0.2570293,0.42563513,0.24861264,0.0860084,0.4412254,0.9260916,0.093155384,0.43915564,0.25849792,0.0645093,0.45343,0.9404721,0.07179406,0.44803244,0.44178772,0.06550288,0.39400947,0.8785247,0.07011953,0.39509526,0.33347043
45690.jpg,0.6911524,0.56832194,0.99768937,0.69179356,0.5839808,0.997526,0.6897396,0.5846694,0.997773,0.6876383,0.5853809,0.9979583,0.69248617,0.58396673,0.99719834,0.6909081,0.58457446,0.99713033,0.68929696,0.5853856,0.99754226,0.66258645,0.58575404,0.99509215,0.66496146,0.5887443,0.99761057,0.672786,0.5598163,0.9900662,0.67410994,0.56017846,0.9893461,0.6097176,0.54667354,0.99548376,0.60513055,0.55540764,0.9831739,0.7474141,0.5734655,0.9905895,0.73821723,0.5795988,0.3230054,0.8892586,0.6204884,0.9767705,0.8612577,0.6179101,0.54696447,0.9212755,0.6391538,0.9655294,0.89549637,0.6377484,0.6415642,0.9204025,0.64914745,0.9586264,0.9036374,0.64639485,0.6523455,0.9129573,0.6453959,0.9424823,0.89430964,0.6409918,0.6769766,0.34014678,0.4423847,0.987425,0.35059136,0.44797722,0.98758626,0.42007768,0.26998204,0.9566585,0.42165983,0.28643033,0.28539944,0.25089976,0.14967403,0.85809606,0.263843,0.17960574,0.18655512,0.19810796,0.16383372,0.8607062,0.21196786,0.17799279,0.28897837,0.25409096,0.0817768,0.813051,0.2595297,0.113734305,0.23179774
46142.jpg,0.31604248,0.6715615,0.99815375,0.3009978,0.679173,0.99859995,0.29887435,0.6780604,0.9986099,0.29637966,0.67702186,0.9989197,0.3008888,0.6792704,0.9981172,0.2989837,0.67836463,0.99715686,0.29676297,0.67768145,0.9975896,0.28159344,0.6613064,0.99795926,0.284912,0.6645445,0.99761486,0.31504306,0.6537448,0.9935747,0.31699467,0.65342003,0.9918373,0.29377216,0.5975837,0.99847335,0.30851582,0.5965117,0.9786316,0.261595,0.7197297,0.9968258,0.2703207,0.70348966,0.108474836,0.20281015,0.8194213,0.9886119,0.21563758,0.800014,0.22908543,0.18701144,0.8349442,0.9793591,0.19961742,0.81539094,0.30585134,0.18090974,0.83332264,0.9766411,0.19609334,0.81777084,0.30962166,0.18604586,0.8292731,0.96544117,0.20145379,0.8140383,0.3368195,0.41868466,0.37428975,0.9991216,0.42457065,0.38650844,0.99807405,0.5616645,0.44809338,0.9793448,0.5540638,0.4553344,0.49419218,0.659251,0.30778685,0.97194576,0.65377027,0.31676,0.50635004,0.6666527,0.2809334,0.97502124,0.66341496,0.28991306,0.5872307,0.720402,0.32961518,0.9625432,0.7187335,0.33639842,0.558533
48515.jpg,0.5589527,0.33147514,0.9997032,0.5646072,0.31513232,0.9997247,0.56352055,0.3137376,0.9997087,0.5624601,0.31201524,0.9997409,0.56313884,0.3141868,0.99961793,0.56094146,0.31223387,0.99958664,0.5587602,0.31005448,0.9996631,0.54099864,0.2970566,0.99981874,0.5359999,0.2967257,0.99955815,0.5382833,0.33559766,0.999503,0.5362395,0.33359328,0.99932945,0.47778606,0.30995262,0.99542916,0.46460843,0.31301996,0.999231,0.6091778,0.32974136,0.35552275,0.609122,0.330927,0.9619679,0.7277951,0.32040438,0.47367254,0.75271416,0.3129685,0.9270218,0.7714237,0.3153794,0.48066875,0.7986911,0.3058037,0.8838706,0.77681774,0.3059795,0.48770785,0.8016161,0.29707944,0.8694181,0.7591175,0.30707023,0.48287323,0.7865323,0.29910076,0.86068934,0.18367109,0.28637868,0.99657357,0.15217103,0.28711113,0.9986733,0.27735108,0.4670755,0.38346773,0.2650857,0.4787066,0.99645305,0.09150597,0.5379375,0.5805361,0.05909413,0.5549009,0.97980917,0.04451982,0.53716564,0.49463862,0.016952395,0.54738647,0.9321584,0.11017962,0.6285765,0.60933936,0.09111614,0.64760983,0.9617413
54041_aug.jpg,0.35363755,0.39602253,0.9977659,0.3522825,0.3768276,0.9982167,0.3534821,0.37512785,0.99847656,0.35482895,0.37348586,0.9984017,0.3523965,0.37656292,0.99837387,0.35364133,0.37477344,0.9983119,0.35500783,0.3729616,0.99829286,0.37172616,0.3684404,0.99801874,0.3711004,0.36852825,0.99838316,0.3644281,0.40054727,0.9940975,0.36401898,0.40099117,0.9942774,0.4209829,0.40674713,0.9975115,0.4238885,0.413349,0.98425204,0.34048665,0.3129231,0.9955641,0.34219787,0.32678512,0.23686746,0.26644152,0.21446839,0.97723377,0.2821566,0.23992988,0.42740935,0.25000528,0.18838999,0.9615791,0.2698696,0.21710917,0.55050135,0.25501376,0.18267778,0.95236367,0.26949003,0.21255761,0.552307,0.26040098,0.1926955,0.9362667,0.2736943,0.21956813,0.5698072,0.6098554,0.5748737,0.9970662,0.6065037,0.5731898,0.99425745,0.60177684,0.73188174,0.97506976,0.6027348,0.72385585,0.24955016,0.72626853,0.8727146,0.92011666,0.7213284,0.8582449,0.17858621,0.7478868,0.8908007,0.9571596,0.73959833,0.8749098,0.384622,0.68993014,0.91397774,0.88864577,0.6973862,0.89597493,0.2529984
54262_aug.jpg,0.4298491,0.66879904,0.9978671,0.43662018,0.67944133,0.99848217,0.43795508,0.6796659,0.99797004,0.43910718,0.67987037,0.9988527,0.4370404,0.67942953,0.99852365,0.43876153,0.67974967,0.99814296,0.44034427,0.68002766,0.99878734,0.45313066,0.6750532,0.9986268,0.45503277,0.6746024,0.9985707,0.43506473,0.6575965,0.9960996,0.4358403,0.65794426,0.9967314,0.47815782,0.6161141,0.9904128,0.47523177,0.6166322,0.99799013,0.41983965,0.68265736,0.27137762,0.41694766,0.6819231,0.9844839,0.38800126,0.75358266,0.31449583,0.38155645,0.75625384,0.9550714,0.3873015,0.7728609,0.3908545,0.37525192,0.77361697,0.94386864,0.38909823,0.7759568,0.396436,0.38245502,0.7778022,0.93064344,0.38989645,0.7695037,0.3979322,0.38433063,0.7732086,0.9072584,0.5715668,0.44906786,0.99818975,0.5715847,0.44848916,0.998288,0.48608437,0.3363163,0.18826601,0.47837406,0.33661592,0.9860935,0.51407844,0.18215254,0.21068858,0.5135842,0.17357692,0.97718084,0.5320012,0.15907821,0.2977938,0.53217727,0.15099666,0.9702562,0.4724647,0.15207776,0.2974845,0.46700606,0.14265236,0.94448334
54814.jpg,0.2831736,0.41771576,0.9993292,0.2690795,0.40682098,0.9992993,0.2675323,0.40724972,0.999035,0.26578236,0.40763333,0.9993886,0.26758617,0.40759537,0.99914134,0.26523408,0.4085561,0.99886763,0.2626282,0.40945938,0.9991253,0.25212786,0.42084086,0.99938726,0.25079882,0.42253467,0.9990374,0.28397495,0.43351555,0.9982533,0.28161943,0.43386507,0.99812204,0.26224604,0.483221,0.9967918,0.26130256,0.4811977,0.99818903,0.24299315,0.38380018,0.36514577,0.23964381,0.37650314,0.9741754,0.21687791,0.28146297,0.49959525,0.21388909,0.26650548,0.9416926,0.20378205,0.25297266,0.5411293,0.20132041,0.23855779,0.9245975,0.20210394,0.24890572,0.54678607,0.19813326,0.23501503,0.9095657,0.20522802,0.25721002,0.5713485,0.2018341,0.2452926,0.88668394,0.32515734,0.71214473,0.99834263,0.32822204,0.71472406,0.99799,0.45770258,0.798813,0.23334035,0.472888,0.7945721,0.9815639,0.49820337,0.9528207,0.39191017,0.50848806,0.96397024,0.9498285,0.48823166,0.97280836,0.47782013,0.49794337,0.9800247,0.92359656,0.5456683,0.96459615,0.49066183,0.5504549,0.97458947,0.9068269
5539.jpg,0.8171363,0.29022217,0.99988556,0.8320314,0.28854442,0.99986076,0.8326397,0.2875763,0.99987876,0.83319163,0.28639114,0.9999163,0.83128273,0.28713107,0.9998809,0.831347,0.28542215,0.99987614,0.83137393,0.2834946,0.99988174,0.82898617,0.26844168,0.99992776,0.8277153,0.26578236,0.99982977,0.80552965,0.28005666,0.9994541,0.80474484,0.27736866,0.9994623,0.7588183,0.22279537,0.9965503,0.75189626,0.22450405,0.9965364,0.72496474,0.32741076,0.31934464,0.7252132,0.3066731,0.97922224,0.6916319,0.39817426,0.41963544,0.69042915,0.39865044,0.87492037,0.69099593,0.42858416,0.41071358,0.68719375,0.4478514,0.81247383,0.688046,0.4327272,0.42649424,0.6881285,0.44932792,0.7877052,0.68527985,0.42393947,0.45877373,0.6872059,0.4279712,0.72775793,0.60847247,0.058549695,0.9996234,0.60264355,0.053158104,0.99945503,0.49651003,0.13666724,0.5173,0.49348783,0.13630521,0.9965496,0.39088798,0.02812764,0.7410854,0.38516492,0.02112804,0.99200445,0.38522404,0.007526763,0.7490888,0.37918827,0.002116084,0.9756227,0.33564508,0.045315944,0.82516414,0.32905507,0.040590055,0.98381364
57350_aug.jpg,0.6725445,0.367531,0.999132,0.6925848,0.3632158,0.9992073,0.69414204,0.36486518,0.9991781,0.69567615,0.3665712,0.9992429,0.69296396,0.36277163,0.9991806,0.69479764,0.36413705,0.99892944,0.69672567,0.3655262,0.9990741,0.70135254,0.38843253,0.9987985,0.70105064,0.3859704,0.999067,0.665717,0.3848548,0.9973527,0.6650617,0.38366553,0.9971142,0.66384065,0.4492724,0.9982205,0.65836954,0.4441586,0.98960435,0.7259847,0.33672327,0.9977964,0.72915703,0.34255108,0.38347208,0.81108165,0.24775478,0.99135685,0.805153,0.26064214,0.6952295,0.8285209,0.22572446,0.9830078,0.8264082,0.23776123,0.7514659,0.8333932,0.23052785,0.97911537,0.8305698,0.23743296,0.75580776,0.82736576,0.23851979,0.97034115,0.82383907,0.24603188,0.7746048,0.45731205,0.618794,0.9981768,0.45344126,0.6085098,0.99669707,0.29732156,0.540283,0.96245253,0.29884827,0.54351884,0.29292184,0.13402385,0.6453436,0.9151373,0.1420734,0.63750345,0.22295484,0.11876783,0.6706452,0.94622785,0.1235024,0.6626338,0.38415492,0.08127269,0.5919412,0.87004846,0.08904871,0.5864909,0.26945683
58287.jpg,0.35405004,0.389538,0.9975243,0.3541577,0.36946964,0.99816954,0.35554975,0.3679369,0.998456,0.35699224,0.36652124,0.99838006,0.35438865,0.36891556,0.99824107,0.35588658,0.36708763,0.99816555,0.35737884,0.36527264,0.9980878,0.37411213,0.36188853,0.998018,0.37374428,0.36138144,0.9982168,0.3645348,0.39485443,0.9938525,0.36437657,0.3949736,0.9937575,0.42079896,0.3998991,0.99727076,0.42429918,0.40508187,0.97898644,0.3458089,0.299682,0.9962999,0.34905642,0.31724074,0.19396593,0.27522394,0.19357067,0.97871166,0.29473898,0.22656614,0.34502193,0.26139915,0.16661072,0.9635255,0.28398845,0.20022991,0.46842504,0.26535374,0.1604313,0.9551158,0.2822961,0.19285211,0.46972382,0.2704884,0.17002127,0.9394428,0.28618535,0.20069379,0.49315035,0.60224247,0.57484734,0.99719524,0.5998887,0.57437116,0.99386144,0.5897289,0.7325317,0.97744703,0.58922076,0.7264334,0.24953467,0.7088438,0.87429726,0.9321789,0.7059297,0.8640417,0.19703096,0.7258568,0.88859564,0.96388507,0.7256637,0.8800731,0.40881515,0.6638124,0.91527236,0.89946496,0.6672557,0.900879,0.27006128
58321_aug.jpg,0.4610811,0.29928252,0.99956137,0.4714844,0.28474098,0.99961996,0.4735521,0.28524697,0.9996697,0.47575587,0.28603154,0.9996543,0.4716516,0.28370073,0.9995709,0.4737612,0.2832217,0.99952483,0.47609478,0.28294912,0.9995167,0.4926023,0.30011442,0.99947125,0.4947112,0.29737625,0.9996432,0.46897152,0.31631747,0.9982836,0.468456,0.3144093,0.99803907,0.5050039,0.36849856,0.99865144,0.52462286,0.3746217,0.985084,0.44436526,0.24854591,0.9965647,0.4651286,0.2482484,0.3326135,0.4015792,0.12110096,0.9890912,0.41964602,0.13725457,0.5592141,0.38960314,0.08901703,0.98052293,0.41106716,0.10749626,0.6533938,0.40103447,0.088954866,0.97601527,0.41720203,0.103868395,0.6558074,0.40568143,0.09924817,0.968272,0.4211552,0.117367625,0.6776828,0.6362802,0.61802506,0.99770564,0.6385635,0.61310196,0.99681026,0.4986551,0.72098374,0.98850596,0.5091354,0.7118093,0.39339593,0.56249464,0.90133524,0.9505994,0.5651581,0.88860655,0.33782667,0.5832235,0.9305208,0.96148515,0.5858448,0.920116,0.52425176,0.509122,0.94371855,0.9270149,0.51348054,0.9384997,0.38613668
58542_aug.jpg,0.6487261,0.71220046,0.9968959,0.6522249,0.7283324,0.99753356,0.65127474,0.72918904,0.99775463,0.6504498,0.7299291,0.997914,0.65180933,0.7282829,0.99692,0.6505667,0.7289759,0.9963737,0.64929366,0.7297989,0.99679923,0.63385916,0.729557,0.9969965,0.6314535,0.73406947,0.99706525,0.6343981,0.70550793,0.9916786,0.6344354,0.70495194,0.9924212,0.57144976,0.67820716,0.9985335,0.56554484,0.6803812,0.9891312,0.69079816,0.68827844,0.9966652,0.68207455,0.6874161,0.37260285,0.8055444,0.73409986,0.985148,0.79247487,0.73148257,0.6005376,0.83373845,0.7522923,0.9741477,0.8155504,0.7478909,0.63708484,0.83007383,0.7627038,0.96935755,0.8164824,0.7562341,0.6455042,0.82023686,0.75791377,0.9523905,0.80642307,0.751477,0.67155755,0.34607053,0.5021318,0.998178,0.3561378,0.5063512,0.99668175,0.35157192,0.32736403,0.9820025,0.35808584,0.33666682,0.3652714,0.20282412,0.19959074,0.9559764,0.21496281,0.2155196,0.3165331,0.17182659,0.18818018,0.96471345,0.18617105,0.2037974,0.5134011,0.23057997,0.13724253,0.93165517,0.2386742,0.15411818,0.4158031
58582.jpg,0.3160352,0.40762353,0.98645175,0.31059843,0.3939778,0.9912013,0.3121208,0.3928419,0.99167085,0.3136202,0.39175284,0.9918921,0.31001407,0.39399007,0.98867315,0.31119505,0.39297175,0.9852787,0.31240052,0.3918968,0.9856812,0.33257085,0.38443035,0.99095273,0.33166516,0.3838464,0.9876874,0.33126563,0.41226378,0.97007734,0.33099243,0.41260678,0.9701018,0.39533174,0.41259283,0.99359655,0.3953913,0.40606213,0.96058434,0.2754821,0.3626376,0.99722123,0.28120273,0.36004806,0.107727125,0.16583157,0.32329226,0.9825273,0.17561036,0.32279754,0.3083652,0.135732,0.30473605,0.96882993,0.14650631,0.30330896,0.40261662,0.13683224,0.29800647,0.9645345,0.14449805,0.29902837,0.40478694,0.1486004,0.30477,0.9486346,0.15627897,0.30653626,0.42763823,0.61588466,0.524256,0.9971004,0.60560834,0.52262646,0.9932514,0.6929107,0.6693045,0.9798391,0.68898416,0.6614125,0.35693243,0.8529322,0.7233478,0.95426947,0.8452334,0.7171325,0.31762138,0.875792,0.7207115,0.973244,0.8727082,0.7195854,0.47297603,0.84863746,0.785612,0.92069036,0.84538406,0.775788,0.36240917
59044.jpg,0.4796412,0.3107139,0.99607074,0.4927547,0.29807353,0.99718285,0.49487808,0.29833797,0.99759525,0.4970496,0.29861274,0.9976413,0.49273187,0.29827344,0.99721235,0.49464166,0.2987127,0.99693537,0.49664083,0.29909724,0.9969014,0.5123461,0.3102377,0.99728644,0.511273,0.3102197,0.99686736,0.4829727,0.3238068,0.990021,0.4822516,0.3240238,0.988947,0.5154521,0.3725095,0.99634653,0.51430887,0.3781518,0.96651834,0.53732556,0.2482217,0.9960444,0.5299764,0.26372814,0.11925168,0.56443083,0.12412304,0.9729654,0.55389726,0.15664133,0.23280689,0.5734796,0.09626526,0.9531765,0.56467,0.1277619,0.34352824,0.58080065,0.09448147,0.9428485,0.56743973,0.12367213,0.34457353,0.57697976,0.10482019,0.92399657,0.5647128,0.13302153,0.37145445,0.5119297,0.62967247,0.9969421,0.51285696,0.6284417,0.9931049,0.39464864,0.72614497,0.9769662,0.39922976,0.72127354,0.27779487,0.37526083,0.9083958,0.9263785,0.3766938,0.8979376,0.22010167,0.37702096,0.92944217,0.95691806,0.3798042,0.9199131,0.44099653,0.32248008,0.91000175,0.88906175,0.32748973,0.90184236,0.28589702
59422_aug.jpg,0.29752156,0.42993155,0.99669904,0.2936715,0.41768506,0.9975802,0.29508072,0.41650426,0.9977308,0.29650098,0.41535303,0.99775785,0.2934123,0.4173718,0.9969375,0.2945936,0.41610363,0.99626154,0.2957691,0.41473213,0.996716,0.31378728,0.41081998,0.9979177,0.31255108,0.40807158,0.9979715,0.3109731,0.4328261,0.99445903,0.310759,0.43250555,0.9947455,0.37227815,0.4313022,0.9987948,0.37442452,0.4207769,0.9878784,0.25703692,0.41065532,0.99766016,0.265181,0.40241885,0.21161076,0.14400119,0.37244546,0.9866432,0.16212186,0.3741012,0.47100106,0.11474645,0.36329418,0.9748915,0.1317851,0.3623815,0.5443063,0.11465114,0.35596654,0.9699864,0.12935004,0.3577961,0.5442655,0.12585428,0.358227,0.95869213,0.13995782,0.36023593,0.574127,0.6253789,0.47815707,0.99763083,0.6231269,0.47296005,0.9938698,0.7545595,0.6110445,0.9755048,0.7478924,0.60329,0.20633028,0.9187191,0.63218004,0.91410387,0.91069615,0.6284575,0.1487276,0.94332075,0.6215186,0.9417769,0.9377394,0.6218537,0.3118977,0.92502713,0.71487445,0.83045715,0.9223195,0.7056182,0.19003712
60288.jpg,0.40287784,0.2973254,0.9997086,0.4229787,0.29740694,0.9998084,0.42441455,0.2995624,0.99982065,0.42585227,0.3019437,0.99978274,0.42375517,0.29522425,0.99948287,0.4255864,0.29558483,0.9993863,0.42751783,0.29613635,0.9995771,0.43315977,0.3301956,0.9996674,0.43813905,0.32014778,0.99985886,0.39170742,0.3186787,0.9984629,0.39341807,0.31435186,0.9987295,0.39480996,0.4172008,0.999752,0.44860417,0.39199623,0.9991555,0.318599,0.3236044,0.9900922,0.38030168,0.3053516,0.31364352,0.3405721,0.2284089,0.95109606,0.36817944,0.17848134,0.5177657,0.34251493,0.18844852,0.93622357,0.3756243,0.16263938,0.5229217,0.34910864,0.1906699,0.9317429,0.37685877,0.16248077,0.5226893,0.3495249,0.1945281,0.9063665,0.37193206,0.16796878,0.5239282,0.5406096,0.66567725,0.99997437,0.5766475,0.65408534,0.9999713,0.39565507,0.81668204,0.9799993,0.48398852,0.78378034,0.17311586,0.5664054,0.8895959,0.9363389,0.62901944,0.87347835,0.49452105,0.5944619,0.87446135,0.9675085,0.6535526,0.86843115,0.5827313,0.57570744,0.94211155,0.92340183,0.65873736,0.9365934,0.55310416
62209_aug.jpg,0.673541,0.3950442,0.99774075,0.6922541,0.40560064,0.99816114,0.6931449,0.40900725,0.9984322,0.6942977,0.4124142,0.9985195,0.6925428,0.4047858,0.9979802,0.6934017,0.4074795,0.99775994,0.6945512,0.4102603,0.9980813,0.6918173,0.4400164,0.998126,0.69201493,0.43732202,0.99875224,0.6598288,0.40896493,0.99447733,0.65919995,0.40836832,0.99477625,0.62943065,0.4902884,0.99841034,0.6315527,0.49820513,0.9851975,0.7295748,0.3886612,0.99340373,0.72338605,0.39485484,0.11325332,0.84873563,0.32649726,0.96481556,0.8327656,0.33930567,0.26427174,0.8764932,0.31470916,0.94611645,0.85834765,0.33102128,0.3553013,0.877133,0.31961748,0.9369904,0.8630098,0.33306405,0.3704654,0.8678672,0.32349032,0.9132957,0.8557121,0.33503965,0.3821436,0.41111228,0.71653134,0.9975883,0.43345633,0.7244583,0.99490356,0.2717324,0.5195914,0.9781984,0.30324894,0.55831033,0.27501446,0.15789804,0.6708286,0.91662085,0.19935104,0.6650405,0.23384257,0.1360254,0.7191919,0.92301786,0.19694182,0.7067009,0.38279364,0.08329311,0.596195,0.8445916,0.12676921,0.6203033,0.26883247
63915.jpg,0.4897523,0.7534866,0.9909757,0.4993091,0.76238775,0.9897579,0.50088906,0.76158565,0.98608357,0.50262004,0.7609115,0.9907233,0.5005381,0.7626667,0.9903785,0.5026717,0.76197314,0.98871875,0.5047961,0.76139283,0.9904731,0.5187668,0.7461303,0.99077225,0.5167318,0.7465222,0.98798835,0.49191338,0.7370893,0.9873541,0.49428535,0.7374245,0.986279,0.5260135,0.68057287,0.9803744,0.52036804,0.68291557,0.99505687,0.5137203,0.78999287,0.17055121,0.5107846,0.80076194,0.9747465,0.51791185,0.8875059,0.34065545,0.520375,0.91680884,0.9634558,0.5256155,0.9173696,0.35963374,0.5263248,0.9476445,0.94903696,0.52850384,0.9203688,0.35879615,0.5308476,0.9477814,0.93788683,0.5270807,0.9104401,0.38265023,0.5302974,0.9376249,0.91850954,0.554967,0.4388797,0.99714977,0.5514454,0.4311842,0.9970891,0.49091,0.2868489,0.105340585,0.49175802,0.27599707,0.92803204,0.55708265,0.13284138,0.17352583,0.5573006,0.115165204,0.8500775,0.5781071,0.11539519,0.31802407,0.5803602,0.09958395,0.87637526,0.5105931,0.09068298,0.2317305,0.50431734,0.072017044,0.76384926
66340_aug.jpg,0.5017947,0.54742575,0.9999354,0.5028187,0.56408256,0.9999243,0.5013524,0.56717545,0.99986887,0.5000464,0.5700347,0.99988186,0.50929487,0.5594348,0.99994934,0.51172113,0.5598916,0.999949,0.5173444,0.56489354,0.99996364,0.50032383,0.57478267,0.9998834,0.52145916,0.5631697,0.9999591,0.4933609,0.548617,0.9999387,0.5015471,0.542907,0.9999658,0.43705288,0.54658383,0.9999584,0.5499425,0.51119256,0.9999764,0.36892167,0.504853,0.8432899,0.62441725,0.43304428,0.9285202,0.470381,0.46993467,0.653819,0.52055764,0.4489691,0.7473726,0.48698497,0.47325435,0.47441736,0.508713,0.46190768,0.5144282,0.48806268,0.47559255,0.45681614,0.50570405,0.46658012,0.48791048,0.48299083,0.47352517,0.40174425,0.50764614,0.46255237,0.44898584,0.43830186,0.40895972,0.9982033,0.47859287,0.40015206,0.9994288,0.5137024,0.4987143,0.80433637,0.60795355,0.4531507,0.6656835,0.57220495,0.4353163,0.69402355,0.7481904,0.39435926,0.7549666,0.5776398,0.417924,0.49177977,0.76658607,0.3769764,0.6683559,0.6010906,0.44517642,0.70693785,0.8034324,0.43400002,0.7372169
70559_aug.jpg,0.36169565,0.5894095,0.9933796,0.33865356,0.6006611,0.99398285,0.33851844,0.6021041,0.99320436,0.33939695,0.60396564,0.9941333,0.34211284,0.60463667,0.9938552,0.34438545,0.60841805,0.99299777,0.347678,0.61252606,0.9938385,0.3681324,0.632049,0.9952337,0.37324727,0.6362858,0.99262965,0.38246733,0.59440845,0.9811261,0.3865397,0.5978915,0.983111,0.45186377,0.62721264,0.9922621,0.46288544,0.64593893,0.9945608,0.27802813,0.6031909,0.35845062,0.28805125,0.6148431,0.9666567,0.1365205,0.58998615,0.4154783,0.12518227,0.6045232,0.9582879,0.12517732,0.5831841,0.4485265,0.12032658,0.59202814,0.9317034,0.08124256,0.6021488,0.44513074,0.123331904,0.5914651,0.92183226,0.1265825,0.5862595,0.46987844,0.12353593,0.5940745,0.89322144,0.7879189,0.55181694,0.9980307,0.81462187,0.557773,0.99671364,0.64623106,0.31837386,0.3547115,0.64665276,0.3059716,0.965737,0.8595664,0.27896082,0.27958813,0.87400943,0.2716233,0.8808976,0.90462583,0.28856486,0.29576498,0.91989756,0.28173888,0.7996428,0.8247005,0.18802103,0.29103744,0.84377027,0.17808053,0.8129574
71770.jpg,0.27334327,0.5847415,0.99832815,0.26684648,0.6009647,0.9946637,0.26749316,0.6016954,0.9945633,0.26829472,0.6025834,0.9966599,0.2694307,0.6041055,0.99709535,0.27191588,0.60719675,0.9973355,0.27478027,0.6106509,0.9976399,0.28860152,0.6168909,0.99623436,0.2952921,0.62409234,0.996067,0.29037806,0.5766664,0.98808354,0.29406348,0.5807158,0.99372166,0.35852215,0.5469086,0.990135,0.3734426,0.5725292,0.9969304,0.2841003,0.4364498,0.1823341,0.2772406,0.4399547,0.96384656,0.19568768,0.3402642,0.15906076,0.18627584,0.3394219,0.92006,0.17825446,0.31242704,0.19941352,0.16583827,0.30457443,0.902636,0.17017391,0.30788088,0.2060214,0.15825629,0.30522823,0.89094645,0.17726943,0.31662363,0.22954966,0.16699451,0.31581694,0.83792657,0.5463419,0.41139027,0.98839605,0.56438076,0.42369622,0.9851076,0.49282503,0.22266552,0.21107167,0.5070942,0.21902339,0.9714603,0.6995732,0.24444738,0.37838113,0.71338797,0.24177928,0.96565217,0.7224577,0.27459788,0.58426106,0.73464465,0.26981074,0.9588262,0.7646657,0.1879049,0.48801762,0.7782405,0.18627341,0.9383884
73348.jpg,0.56925,0.4438549,0.9977602,0.56988436,0.43186355,0.9975007,0.5696744,0.43185514,0.99722075,0.5691478,0.43180555,0.9980708,0.5635368,0.43137005,0.99814856,0.55971146,0.43087614,0.9978999,0.55538,0.43030363,0.9979824,0.5583939,0.436652,0.9963386,0.54459673,0.43325424,0.99684346,0.5631301,0.4540398,0.9981509,0.5552562,0.4548548,0.99759835,0.5734743,0.5089773,0.9998846,0.4967422,0.46557406,0.99872583,0.58668053,0.59147716,0.943013,0.38459134,0.450919,0.829635,0.48795497,0.5386789,0.8303659,0.45100433,0.5170684,0.66063833,0.48006853,0.52426714,0.68143916,0.4622154,0.51216495,0.51498586,0.47968012,0.51763743,0.6645852,0.4657981,0.509858,0.48517928,0.4815823,0.5230455,0.60338175,0.46103933,0.511655,0.42451188,0.45374423,0.59294474,0.99307466,0.43329757,0.5667564,0.9924533,0.44520915,0.4595619,0.669839,0.40769264,0.43182808,0.14595525,0.3327517,0.40252095,0.81529653,0.2643273,0.37624097,0.21225981,0.30941266,0.40713853,0.77291214,0.23928751,0.37575388,0.22849791,0.32911912,0.3529234,0.798379,0.27140057,0.32279837,0.25044432
7984_aug.jpg,0.6909128,0.62950057,0.9991272,0.70217645,0.6448311,0.9991204,0.7038173,0.6452502,0.9988927,0.7056815,0.64564383,0.9992467,0.7038311,0.6437396,0.9989404,0.7062958,0.643469,0.9986671,0.7088361,0.6431348,0.9988789,0.7204523,0.6330092,0.99942255,0.72176087,0.62984645,0.9987406,0.69315314,0.6133138,0.9980261,0.6958044,0.6126293,0.99781394,0.7219723,0.56499404,0.99526536,0.72675514,0.5627215,0.9981477,0.7147833,0.6685773,0.33285698,0.72036165,0.6730483,0.9720647,0.7148899,0.77836,0.5265193,0.71890646,0.78525007,0.9519356,0.7249222,0.8067799,0.54491395,0.72665805,0.8178903,0.93238324,0.72708726,0.81101626,0.5465801,0.72992516,0.8189362,0.9191121,0.72418964,0.8012178,0.56244504,0.7274867,0.8078215,0.9036599,0.7174966,0.32299796,0.99673116,0.71577114,0.3189862,0.9973068,0.6004011,0.20783357,0.15819304,0.5854443,0.2119053,0.96735597,0.59998,0.04994324,0.23784107,0.5917468,0.036453635,0.8471348,0.61569107,0.034758657,0.34590366,0.60989785,0.022766054,0.8318141,0.5623622,0.020353615,0.2953597,0.56373715,0.0054466426,0.75329936
88181.jpg,0.29315093,0.78600276,0.9980476,0.3022065,0.7995262,0.9978702,0.30375937,0.7991625,0.99756503,0.30547765,0.7989351,0.9981357,0.30361438,0.7993073,0.997424,0.30595115,0.7987275,0.99709296,0.30835113,0.7982559,0.9974421,0.32104558,0.78438354,0.99821824,0.3205105,0.7842866,0.9968232,0.29671603,0.7696836,0.99609095,0.2988996,0.76944816,0.99598926,0.3254885,0.716419,0.994402,0.325316,0.71623933,0.9977633,0.31758785,0.8264224,0.23821642,0.31566882,0.8238528,0.9802597,0.31809902,0.934743,0.3440099,0.3155459,0.9420785,0.95478606,0.32549658,0.9563288,0.39562017,0.32092753,0.96472,0.9367499,0.32867455,0.9602344,0.39954838,0.3270212,0.96607673,0.92353076,0.32701206,0.95122087,0.42535257,0.32602555,0.95838094,0.896751,0.29690534,0.47502857,0.99863344,0.29352307,0.4682864,0.99857914,0.1504932,0.3938285,0.26315755,0.14172876,0.39644665,0.98983204,0.12899567,0.22676983,0.40869567,0.12612614,0.21886209,0.9727489,0.13685952,0.19658464,0.4901214,0.13555259,0.18817896,0.95210403,0.050323278,0.21325803,0.52786905,0.045979813,0.20605972,0.9469194
8984.jpg,0.44511282,0.13961414,0.9959019,0.42774147,0.13857888,0.994785,0.4269424,0.13973881,0.9939135,0.4262213,0.1410347,0.9953786,0.42735985,0.14023487,0.99386287,0.42623478,0.14237691,0.99346185,0.42508605,0.14459023,0.9944834,0.42776144,0.16306187,0.9956558,0.4271704,0.16472739,0.99281913,0.453995,0.15212587,0.99186045,0.45324177,0.1537573,0.9917026,0.47513276,0.21699947,0.9917824,0.48092192,0.21903138,0.99745077,0.40745783,0.12490393,0.28746808,0.4097051,0.12663396,0.9812794,0.3348926,0.046230465,0.43853575,0.327504,0.03689322,0.96984494,0.31515214,0.03594318,0.4773456,0.30712485,0.0195643,0.95413315,0.31109384,0.035132468,0.48137045,0.3029719,0.025369763,0.9450396,0.3181023,0.039572656,0.50010824,0.30933538,0.030902803,0.9243625,0.6626952,0.3782487,0.9984139,0.66996336,0.3807025,0.99821174,0.83008635,0.3463084,0.3187985,0.8376499,0.33857754,0.9892023,0.94109166,0.4418417,0.42326304,0.955471,0.44805264,0.9650424,0.95584327,0.47046328,0.4956953,0.96728534,0.47495875,0.9356555,1.0039021,0.42920804,0.4953953,1.0259988,0.4192241,0.93038875
89949.jpg,0.6850139,0.4475547,0.9990301,0.68746036,0.43672127,0.9991609,0.6867119,0.43561244,0.99889994,0.6859761,0.43462574,0.9992729,0.68668103,0.4361993,0.99915814,0.68530977,0.43466687,0.99900275,0.68389595,0.43320522,0.999253,0.6700199,0.42747736,0.99904937,0.6686226,0.42573547,0.9990244,0.6738185,0.45037657,0.9977157,0.6727666,0.44931132,0.9977623,0.60928684,0.44758153,0.99193364,0.613407,0.44990742,0.9985012,0.70827556,0.45501754,0.39435664,0.71681476,0.45949522,0.9902658,0.79136133,0.42983574,0.56066173,0.8037862,0.43092525,0.9818959,0.8130499,0.4185762,0.60559523,0.82840437,0.4211263,0.9722688,0.8148134,0.41567212,0.61171585,0.82781744,0.41578883,0.9660591,0.80732346,0.41884732,0.61516,0.8193815,0.41822413,0.9515047,0.41471487,0.46811008,0.997959,0.4137898,0.46703488,0.997979,0.37626293,0.59939885,0.3368164,0.37909856,0.6038952,0.9937743,0.23258026,0.6598845,0.44729787,0.22498304,0.6648737,0.9867812,0.20334229,0.6600896,0.49332982,0.19837832,0.6633822,0.96939063,0.23316771,0.70935357,0.5205946,0.22577569,0.7165258,0.965041
90757.jpg,0.5139251,0.29933575,0.9995134,0.5263589,0.28859687,0.99953413,0.5280699,0.28957275,0.99959224,0.5298081,0.29079524,0.9995789,0.5269094,0.28755882,0.9994803,0.52898955,0.28752294,0.99943525,0.5312179,0.287739,0.99944097,0.54174143,0.30788895,0.999348,0.54521406,0.30514723,0.99962807,0.5170215,0.31798062,0.9981325,0.51718545,0.3157601,0.9979861,0.5397238,0.37778026,0.9986394,0.554503,0.38329142,0.9894776,0.50722945,0.2506321,0.99592495,0.5195682,0.25159976,0.41504,0.49193022,0.11403847,0.9877243,0.50364393,0.13002187,0.66131294,0.4884932,0.08194995,0.9791068,0.50208974,0.09858012,0.7349261,0.49765798,0.08035433,0.9743128,0.5068127,0.09392494,0.7376582,0.49947464,0.09162003,0.96524185,0.5081634,0.10583538,0.75764793,0.60432744,0.65068984,0.9976185,0.6066749,0.64107764,0.99734217,0.44716042,0.71647316,0.9885173,0.46113998,0.70551074,0.44481587,0.46372485,0.9039804,0.9477353,0.46800235,0.88595057,0.34129256,0.4798647,0.93591356,0.95628375,0.48451212,0.9180517,0.5138431,0.39998013,0.93095183,0.9187269,0.4031719,0.9248344,0.368802
90836.jpg,0.40226144,0.6650181,0.99914956,0.3860939,0.6681009,0.9991862,0.38451028,0.66621685,0.999231,0.3826226,0.6642672,0.9992976,0.386904,0.66920507,0.99903584,0.38613778,0.6681381,0.99884665,0.38512054,0.66715854,0.99907494,0.37803194,0.6427838,0.99891996,0.37943482,0.6480683,0.9993216,0.4096384,0.64633787,0.99607664,0.41051537,0.64796805,0.99608177,0.40874958,0.5732268,0.9985916,0.412867,0.57745314,0.992405,0.38736615,0.6914296,0.99630475,0.38820878,0.6957444,0.29363903,0.3631034,0.81235623,0.98364174,0.36680678,0.80397475,0.568015,0.3575098,0.8410305,0.97136307,0.3606891,0.8342862,0.6120362,0.35396284,0.83966446,0.9662575,0.35812083,0.8395747,0.61886936,0.3552822,0.83449006,0.95419294,0.36000216,0.82946837,0.64330333,0.4920433,0.30716053,0.99905175,0.49310443,0.31593558,0.99857867,0.6753263,0.30832696,0.9743817,0.6575608,0.30968407,0.38253015,0.7044023,0.13023205,0.93359804,0.68113375,0.14561717,0.35496947,0.7014711,0.09475739,0.94856113,0.682071,0.10806154,0.51796407,0.80101347,0.14028671,0.9069683,0.7754691,0.14371203,0.40612146
94092.jpg,0.45485002,0.2462368,0.9977718,0.45852673,0.22932151,0.99804926,0.4596736,0.22875413,0.99816716,0.46060526,0.22831842,0.99826753,0.4591905,0.22935572,0.9976307,0.46078894,0.22892043,0.9972555,0.4624328,0.22843507,0.9976255,0.4762711,0.23441383,0.99727815,0.4814257,0.23098722,0.99801457,0.46539605,0.25800997,0.99263966,0.46593368,0.257831,0.9933217,0.5100297,0.30472296,0.9982316,0.5171195,0.30469558,0.99153626,0.41095933,0.24145055,0.9965048,0.42078674,0.24633461,0.52224493,0.32642522,0.1511501,0.9882062,0.340423,0.15835601,0.7444311,0.30800727,0.12166631,0.97960556,0.32581618,0.1335432,0.7519909,0.31430885,0.115034014,0.97596973,0.32615626,0.12667888,0.758041,0.32108608,0.12478462,0.96394366,0.33241883,0.13610351,0.77907133,0.63630587,0.55694246,0.9979693,0.6277705,0.5523129,0.99698144,0.5498503,0.7155324,0.97471154,0.54887456,0.70383435,0.35539234,0.632519,0.8924179,0.94127584,0.62598205,0.8637246,0.29753643,0.6580511,0.91636753,0.95627177,0.6522657,0.89156425,0.50839174,0.5779509,0.92710555,0.9115293,0.58001083,0.90174806,0.38423678
95693_aug.jpg,0.1794407,0.70649946,0.99993193,0.16347067,0.70741624,0.9999119,0.16290773,0.70801824,0.9999255,0.16250506,0.70880455,0.9999449,0.16385148,0.7098199,0.9999306,0.16360609,0.71190166,0.9999331,0.16352482,0.7142482,0.9999329,0.16668324,0.726716,0.9999579,0.16751695,0.7327103,0.9999144,0.19193408,0.71571386,0.9996617,0.19216086,0.71874934,0.99968433,0.2414535,0.77298546,0.99601537,0.24532355,0.774304,0.9972312,0.2760817,0.6724716,0.35032833,0.26894206,0.69591784,0.9867562,0.304595,0.5975264,0.48711294,0.30238557,0.608858,0.91243815,0.30029532,0.56944454,0.4792969,0.3078685,0.5677507,0.8563691,0.30453128,0.56311923,0.49847984,0.30609137,0.56931615,0.83654916,0.3076439,0.5780466,0.532344,0.3040195,0.5739475,0.78681594,0.3867947,0.9368068,0.9995964,0.39311415,0.94326437,0.9994355,0.49513352,0.8587358,0.5649346,0.5018739,0.86122346,0.9975938,0.5997985,0.97127825,0.7470316,0.60629475,0.97845227,0.9934522,0.6050518,0.98968136,0.75427234,0.6110568,0.99657035,0.9781481,0.6513742,0.94612557,0.8308244,0.6578065,0.9523014,0.98595756
99315.jpg,0.30381608,0.3254869,0.99982303,0.29503185,0.32904157,0.999757,0.2948177,0.32887703,0.9995828,0.29476857,0.32847345,0.99979025,0.29761332,0.3311976,0.9998179,0.29638284,0.33584017,0.9997124,0.29728812,0.3371951,0.9998523,0.29602277,0.33778816,0.9994055,0.2994648,0.34807333,0.9996667,0.30807438,0.32702476,0.99970347,0.3111264,0.33077574,0.9997023,0.2986341,0.33037853,0.9991948,0.34428003,0.38908988,0.9947529,0.2646809,0.28335443,0.9057654,0.37895894,0.39366874,0.8076717,0.23996681,0.2527035,0.79079676,0.36027902,0.34134156,0.6385868,0.24335755,0.24427423,0.71818006,0.36067468,0.32833678,0.5156165,0.24451077,0.24358822,0.7191666,0.34905964,0.3258384,0.5020378,0.24604635,0.25464582,0.70283616,0.34685087,0.33008084,0.43050152,0.4062181,0.37959453,0.9997718,0.41108957,0.41819,0.99946266,0.43056026,0.3766103,0.7960059,0.4535931,0.4353794,0.7698556,0.53046465,0.46203378,0.8072823,0.54257333,0.47267765,0.8457908,0.5208062,0.47424713,0.6030863,0.534746,0.4896809,0.67803425,0.53817666,0.48059982,0.8293813,0.5581536,0.5042485,0.87637365
99317.jpg,0.36124143,0.41275427,0.99964106,0.34740257,0.39822948,0.99964964,0.34529814,0.3982538,0.99956816,0.34283283,0.3983929,0.9996061,0.34641686,0.3993296,0.9997092,0.34338364,0.40093133,0.99964964,0.33995843,0.40249094,0.9997032,0.32812932,0.4120107,0.99941385,0.32100064,0.4201147,0.99958116,0.35839477,0.4319464,0.99909854,0.35596368,0.43329236,0.9993561,0.33348614,0.48078594,0.9954146,0.2940784,0.5073393,0.9997249,0.3342526,0.37975916,0.59914,0.27902028,0.42016837,0.9903887,0.3068164,0.27433646,0.81559175,0.23437168,0.33266243,0.98943454,0.29131472,0.25711665,0.80149573,0.21999663,0.31510988,0.9816637,0.2950038,0.2514423,0.79900736,0.22275473,0.3136652,0.97893405,0.29811937,0.25784096,0.79535276,0.23029341,0.3121857,0.96995723,0.39446536,0.7041184,0.9988562,0.36155283,0.7561036,0.9996648,0.5448328,0.6899375,0.7323643,0.4937424,0.7851561,0.9951219,0.618197,0.80843556,0.8301593,0.5631928,0.93909395,0.9948308,0.6240791,0.823454,0.8228936,0.56339383,0.968036,0.9767969,0.6844556,0.80465174,0.8693658,0.64257944,0.9161709,0.9898224
99399_aug.jpg,0.46834886,0.60789824,0.99909365,0.47805983,0.61827743,0.9990395,0.47968408,0.6179732,0.9988637,0.48160446,0.6178374,0.99911445,0.47932076,0.61775863,0.99879223,0.4814505,0.6170162,0.9986432,0.4837727,0.61648166,0.99878484,0.4966659,0.60866314,0.9990928,0.4959327,0.6076666,0.9985916,0.47191796,0.5940884,0.9964043,0.47357556,0.5942566,0.9959241,0.501861,0.5525411,0.99613637,0.502794,0.5526389,0.9978399,0.50276387,0.66194797,0.30983722,0.50317943,0.6656747,0.96466774,0.5195995,0.75683975,0.43372753,0.52695787,0.7815429,0.9468391,0.5327054,0.78104985,0.48364255,0.53854907,0.8084316,0.9342279,0.53572583,0.78270364,0.49129605,0.5423092,0.8081982,0.9236117,0.5318157,0.7722988,0.51800656,0.53893715,0.7980494,0.90765685,0.4926661,0.33118337,0.99819833,0.5025281,0.3267893,0.99848217,0.38802207,0.3372325,0.2889505,0.38505134,0.34929723,0.9935256,0.40509713,0.18012933,0.54370916,0.40494728,0.167596,0.97690946,0.4228468,0.16748683,0.5620756,0.422706,0.15737857,0.9394904,0.37706375,0.12410627,0.63816863,0.3744605,0.11569083,0.9507625
