12659_aug.jpg,0.3326978,0.3838637,0.99999845,0.32001632,0.37801546,0.999997,0.3204013,0.3768423,0.9999943,0.32091027,0.3756622,0.9999949,0.31741545,0.38289672,0.99999857,0.3160526,0.38541234,0.9999982,0.31485897,0.38812035,0.9999982,0.32233614,0.3812939,0.9999894,0.3151118,0.39913845,0.9999976,0.34533328,0.38979796,0.9999871,0.34124154,0.3956377,0.9999895,0.39716622,0.39089605,0.999708,0.36289197,0.46662265,0.9993512,0.40752846,0.32152218,0.86611253,0.31820148,0.5088666,0.98586535,0.4255088,0.25667238,0.97696567,0.26313818,0.56703097,0.9764757,0.43580517,0.24123561,0.9524326,0.25382316,0.5895486,0.95013124,0.43502116,0.2406809,0.9610395,0.25473973,0.5839502,0.95479465,0.4330263,0.24744326,0.9573672,0.25974756,0.57693106,0.94053996,0.5815483,0.512579,0.9999639,0.55815893,0.5535358,0.99979657,0.6950034,0.4704217,0.9969054,0.6130088,0.6673758,0.9951866,0.82356864,0.5190192,0.9966929,0.66987294,0.7656132,0.9960794,0.8347198,0.54054815,0.9797427,0.6744247,0.77785283,0.92821,0.8779787,0.5068993,0.99536234,0.7116735,0.78370273,0.99247414
12942_aug.jpg,0.62228745,0.14294723,0.9999896,0.63684237,0.13227206,0.9999789,0.6423843,0.13416666,0.9999764,0.6476339,0.1360448,0.9999738,0.6201281,0.12599051,0.99997616,0.6143957,0.12371305,0.9999764,0.6087512,0.121786326,0.9999734,0.6520865,0.14488071,0.9999579,0.6006219,0.12680957,0.9999691,0.62715495,0.16427386,0.9999577,0.6064604,0.15665913,0.99995065,0.66382766,0.26841313,0.9997198,0.5139463,0.22204784,0.9993747,0.7730477,0.3156434,0.9762115,0.40263692,0.18790615,0.98752373,0.8586616,0.37043512,0.9759965,0.29909417,0.15258873,0.9725089,0.8887286,0.37711194,0.9423816,0.2715184,0.1381064,0.9305077,0.8913292,0.37395427,0.95238346,0.27235752,0.1320042,0.9412015,0.8800055,0.37495935,0.95375293,0.27955538,0.13845763,0.94213545,0.5336121,0.5395995,0.9996648,0.4434117,0.5107155,0.9994562,0.6268985,0.69804996,0.9945122,0.27790132,0.617288,0.99810106,0.55426925,0.8741156,0.98945296,0.10036373,0.71909237,0.99675363,0.5204707,0.89727557,0.9608522,0.07787067,0.736104,0.91872853,0.6136937,0.93795455,0.97860134,0.053176492,0.7391103,0.9881429
13079_aug.jpg,0.27933204,0.7041093,0.99999785,0.26167935,0.7102164,0.9999968,0.25819027,0.7074365,0.9999969,0.254782,0.704141,0.99999607,0.2750224,0.72086143,0.9999957,0.27984214,0.72460455,0.99999523,0.28431404,0.72811913,0.9999945,0.25246656,0.6937377,0.999997,0.2934665,0.72761834,0.9999962,0.28358814,0.6830957,0.9999957,0.29850233,0.6958426,0.9999938,0.2891246,0.5917099,0.9998306,0.37931067,0.6727097,0.9996749,0.23230463,0.55649126,0.9705414,0.41719532,0.717145,0.94760257,0.16801983,0.5299908,0.96571946,0.46100727,0.791379,0.9376864,0.1497322,0.52457374,0.9555453,0.47472674,0.8141564,0.88332915,0.14886752,0.52863085,0.95906675,0.47372943,0.8176758,0.89633465,0.15939522,0.5287029,0.9528576,0.47063056,0.8078768,0.91168183,0.4917771,0.40258446,0.99993944,0.53715456,0.4422484,0.99997234,0.5222721,0.22653493,0.9946412,0.6858598,0.42730683,0.9982217,0.5497931,0.055622667,0.99320906,0.8176481,0.28837505,0.99619055,0.557374,0.042060524,0.83920544,0.81988823,0.26156324,0.96947014,0.57396686,0.017108083,0.98295504,0.887718,0.28942353,0.98996824
13507.jpg,0.37262595,0.83703125,0.99999964,0.3750427,0.8569243,0.99999976,0.3748863,0.85741633,0.99999964,0.37485975,0.8578572,0.9999995,0.3805612,0.8565126,0.99999976,0.3845238,0.8564911,0.99999976,0.38879257,0.85625255,0.99999976,0.39218232,0.8511935,0.99999976,0.40856063,0.848338,0.99999964,0.3778031,0.8178985,0.9999975,0.38425684,0.8161465,0.9999976,0.51386017,0.7492672,0.9998468,0.42707184,0.7279573,0.99990344,0.6315915,0.7729695,0.9969944,0.3129191,0.71360034,0.9919681,0.74422157,0.7982111,0.9810401,0.18318456,0.7061442,0.9008175,0.7732978,0.8000941,0.9512978,0.15492779,0.6906777,0.84947026,0.77058214,0.80455387,0.95010304,0.13531232,0.7181369,0.8399277,0.7593564,0.8000303,0.9130863,0.13983542,0.7175064,0.7664923,0.52249914,0.42276716,0.9997427,0.49176714,0.40916294,0.9998678,0.5877584,0.281339,0.9734778,0.32858855,0.28215486,0.9985494,0.6738694,0.106670976,0.9914718,0.35651225,0.069598705,0.99852365,0.70530343,0.07274434,0.98888236,0.45881417,0.040471107,0.9937682,0.6255672,0.06888884,0.98452836,0.37174976,0.03529215,0.99616456
1891_aug.jpg,0.28715926,0.39359164,0.99992204,0.2689753,0.39786118,0.999946,0.26677257,0.4026568,0.99994195,0.26463714,0.40763262,0.9999478,0.27366677,0.3873825,0.99996245,0.2747245,0.38475615,0.9999603,0.27594256,0.38202393,0.9999641,0.26708528,0.4255978,0.99994504,0.28066373,0.38623786,0.9999454,0.3000858,0.40855655,0.9996151,0.3055305,0.39625764,0.99963105,0.34618482,0.54017115,0.99891484,0.4014448,0.37058014,0.9996965,0.29894328,0.64278424,0.9617776,0.4337334,0.2620321,0.9760381,0.26958632,0.72334933,0.8522329,0.44796062,0.17176637,0.563204,0.26652429,0.74548024,0.7998016,0.45677274,0.14046684,0.48833653,0.26327085,0.7422333,0.7920636,0.4465745,0.1443915,0.47489125,0.26879606,0.7310325,0.6964784,0.44664297,0.1487276,0.4209524,0.6338089,0.5654373,0.9993606,0.6594134,0.49467915,0.9994665,0.7180033,0.73328763,0.9803491,0.7194614,0.3583665,0.9906776,0.81056195,0.90276426,0.9695105,0.91939205,0.42376393,0.98069257,0.8244815,0.9273178,0.96245086,0.94017595,0.4511917,0.9633415,0.8389972,0.9239925,0.9525898,0.9578271,0.35554823,0.9652426
21112_aug.jpg,0.40720963,0.2659688,0.9999734,0.40057307,0.2570993,0.99993503,0.40028715,0.257042,0.99995005,0.3999381,0.25717896,0.99993396,0.4021656,0.2553335,0.99994695,0.40310112,0.25397235,0.99995685,0.404064,0.25264782,0.99995947,0.4087579,0.2547214,0.9999399,0.41458338,0.24811201,0.9999645,0.4158578,0.27080444,0.99989736,0.41754508,0.27016142,0.9998815,0.5017587,0.26492187,0.99980944,0.4541981,0.32055157,0.9998011,0.5547148,0.20500734,0.99490106,0.4012747,0.38226828,0.93927956,0.5871905,0.1569907,0.9809739,0.3633306,0.39211783,0.9484809,0.60271704,0.13825905,0.9555054,0.32032862,0.4354615,0.87780297,0.60032356,0.13614967,0.95774007,0.35728922,0.39494395,0.89485586,0.59437996,0.14510474,0.949387,0.36080357,0.39555115,0.9002338,0.658821,0.4139026,0.99950266,0.62948763,0.44454083,0.9999341,0.79902667,0.43814373,0.9987325,0.62205064,0.58990204,0.9981287,0.9384772,0.45821303,0.99862206,0.71031183,0.7161176,0.9978064,0.9560501,0.45778248,0.9505476,0.733882,0.72522986,0.9875929,0.9654229,0.5063724,0.9959668,0.6916945,0.7747805,0.99555165
21491_aug.jpg,0.48939636,0.86154693,0.9999913,0.5020063,0.87966835,0.99999297,0.50358206,0.87980354,0.9999913,0.50539285,0.87966466,0.9999906,0.5042682,0.8787484,0.9999944,0.50739145,0.8781018,0.99999356,0.51077795,0.8770752,0.99999225,0.52915525,0.8643571,0.99999166,0.5325199,0.86054105,0.9999888,0.49026474,0.8396988,0.9999459,0.49269557,0.83667266,0.99993575,0.59676564,0.726076,0.99900657,0.5039673,0.73942715,0.9994531,0.7186281,0.7113886,0.98587036,0.4031547,0.79803014,0.99396414,0.8226507,0.691221,0.9652143,0.25103623,0.83120584,0.94366646,0.858135,0.67968017,0.925782,0.21693173,0.8360648,0.89000666,0.85755944,0.6889722,0.92750734,0.21815336,0.8427067,0.8826244,0.844049,0.6882385,0.87662894,0.22705168,0.8382467,0.7749264,0.48202646,0.4251405,0.9996517,0.47750062,0.41861236,0.999728,0.26763052,0.35391867,0.9529673,0.57599056,0.23421535,0.9963259,0.1824637,0.13915762,0.98160124,0.6538441,0.03641233,0.9969869,0.19030711,0.09879258,0.965892,0.67240244,0.01819393,0.97680557,0.092681825,0.1682705,0.9772385,0.59010065,-0.0025050044,0.99057823
21563.jpg,0.5627626,0.59074235,0.99968874,0.5547329,0.5824492,0.9991424,0.5550314,0.5815605,0.99899143,0.5554044,0.5806477,0.9989938,0.55129725,0.58604705,0.9994248,0.54905736,0.58778614,0.9994862,0.5468395,0.58964294,0.9993967,0.5531375,0.58733654,0.99918133,0.54061764,0.5996458,0.9991881,0.5677898,0.59730834,0.99897516,0.5624391,0.6036514,0.99871504,0.60645103,0.6092103,0.9989901,0.5408163,0.6584549,0.9971806,0.664864,0.57750785,0.9206549,0.5259899,0.700951,0.92397964,0.72288024,0.5481273,0.898956,0.51511323,0.70453966,0.9113736,0.74205595,0.5446342,0.80538106,0.50715524,0.7111993,0.86410636,0.7415019,0.54550546,0.839465,0.5098525,0.7034599,0.86918616,0.73435694,0.5509189,0.8437894,0.513996,0.70167816,0.8227787,0.6724756,0.7481781,0.9994832,0.6260187,0.7750673,0.9990182,0.77060986,0.7540603,0.9972156,0.6222283,0.878641,0.9962568,0.8360361,0.81917125,0.9926005,0.6209638,0.96486515,0.99615026,0.8377304,0.83224356,0.95420444,0.6238974,0.97567874,0.9126095,0.8712199,0.82376516,0.9829405,0.630141,1.0029573,0.98503196
24942_aug.jpg,0.3346968,0.28145608,0.99997485,0.319387,0.27611852,0.99996364,0.32027018,0.27535856,0.99995875,0.32105654,0.27478582,0.9999535,0.31344983,0.2828188,0.99995816,0.3103696,0.28693107,0.999956,0.30714297,0.29180023,0.99994123,0.32053888,0.29018393,0.9999565,0.30313256,0.31637537,0.9999497,0.3512534,0.29196814,0.9999094,0.34619078,0.30219924,0.9998945,0.4508044,0.3340928,0.999395,0.35377187,0.44489253,0.99891233,0.5221078,0.23753706,0.9445434,0.2841516,0.5389768,0.9926379,0.56500614,0.14393765,0.9808857,0.18789828,0.6131264,0.98428243,0.591094,0.115862936,0.9551284,0.16217181,0.6402608,0.9593757,0.5862566,0.108034074,0.96219945,0.15575102,0.6395724,0.964031,0.5789813,0.118495405,0.9669592,0.16661239,0.63104296,0.96074307,0.64559406,0.54382163,0.9970452,0.60006475,0.60621107,0.9939135,0.78886634,0.44437242,0.9551165,0.6164849,0.8108821,0.9862574,0.967428,0.5683321,0.88216543,0.6354072,1.0333595,0.97358096,0.9792988,0.60325813,0.8697535,0.64762557,1.0742065,0.81118965,1.0586622,0.5356222,0.8157333,0.66401666,1.0964538,0.9134907
2683.jpg,0.40230602,0.32193372,0.9999621,0.3884186,0.31767577,0.9998839,0.38832498,0.31718785,0.9998859,0.3881208,0.3168167,0.99987566,0.38444644,0.3227768,0.9998678,0.38162577,0.3260563,0.99984,0.3787105,0.32989353,0.9997428,0.38492432,0.33034623,0.9998493,0.37233627,0.34902292,0.9996288,0.4113856,0.33204457,0.9997993,0.40833855,0.34078538,0.9996476,0.4787547,0.34317905,0.99994016,0.3866125,0.44749242,0.99949396,0.55630744,0.26152506,0.9988656,0.32014787,0.52549475,0.99558336,0.62381494,0.18532875,0.99865973,0.26140407,0.5981688,0.9877844,0.6444328,0.16361281,0.99383575,0.23921043,0.6228474,0.9642454,0.6447793,0.15942442,0.99512583,0.23613349,0.6226407,0.96858406,0.63780373,0.1680997,0.9950363,0.2437979,0.6180079,0.96445405,0.6111815,0.50967175,0.9998957,0.55104053,0.5764818,0.9997209,0.73099744,0.4179327,0.99860114,0.5456512,0.7220621,0.99858296,0.84547055,0.5106149,0.9969848,0.531044,0.84827983,0.99699914,0.8550155,0.5367475,0.98720425,0.5331969,0.8637699,0.9618154,0.91563153,0.48823887,0.9925842,0.52785426,0.89341736,0.9898403
27183.jpg,0.47720253,0.7447103,0.99945396,0.47970897,0.7558666,0.99939215,0.4804411,0.7560023,0.99937195,0.4814461,0.7559523,0.99944335,0.47634286,0.75716233,0.99960226,0.47454208,0.75820255,0.99953735,0.47280082,0.7591984,0.99968433,0.4738577,0.7553232,0.99926585,0.4609258,0.7603303,0.999438,0.4725403,0.73735,0.99815947,0.4686615,0.73759454,0.998116,0.4532181,0.6837876,0.9989273,0.39707792,0.70400804,0.99871695,0.543759,0.64997137,0.98512244,0.32030675,0.72927,0.9286302,0.61248803,0.6421671,0.93111783,0.26757133,0.7678588,0.82276845,0.64180726,0.63255715,0.87592304,0.24524638,0.7715052,0.75813776,0.6446384,0.6359724,0.8731701,0.25067782,0.77367187,0.7782533,0.6324748,0.63739675,0.77785295,0.25668603,0.77140385,0.72170794,0.3127351,0.50199467,0.99926955,0.35687408,0.48727652,0.99990606,0.19997443,0.4202774,0.9980696,0.42626786,0.3622694,0.9976382,0.08593336,0.33973068,0.99697614,0.4030598,0.20939142,0.9979091,0.072310925,0.33166766,0.919551,0.38424075,0.18962222,0.99057263,0.08003542,0.28881353,0.992596,0.44475242,0.16277331,0.99454135
28887.jpg,0.7488837,0.7006438,0.9999261,0.748148,0.7223451,0.99971503,0.74531245,0.72359073,0.9997266,0.7424766,0.7247721,0.999701,0.7497074,0.7221086,0.99979633,0.74776787,0.7230779,0.99980384,0.74572396,0.72421896,0.99977964,0.714607,0.7300929,0.9996568,0.7193686,0.72971326,0.99982893,0.7321629,0.6912684,0.99918014,0.73453546,0.69001627,0.9989473,0.56988114,0.70200586,0.998103,0.69510245,0.5958885,0.9993747,0.43859547,0.83737344,0.99642795,0.8379109,0.51832247,0.97072834,0.32881504,0.93722475,0.9828691,0.95839524,0.43175256,0.92436963,0.30256,0.9673134,0.9440046,0.99383044,0.4194826,0.8269094,0.30111337,0.975736,0.94982505,1.0002812,0.4204548,0.85130256,0.3072471,0.96098435,0.9570892,0.9862007,0.42092386,0.88698035,0.40662748,0.45794582,0.9747922,0.46488163,0.40925255,0.99645597,0.1720843,0.46214357,0.9294052,0.61231613,0.20659687,0.9808667,-0.036664277,0.44536304,0.89149755,0.4690394,0.02632919,0.9460058,-0.06367603,0.4351249,0.8431699,0.43534744,0.021671236,0.92378765,-0.112561435,0.46001354,0.82427216,0.45629925,-0.087224156,0.8442807
30971_aug.jpg,0.29830077,0.2816379,0.9999981,0.29212698,0.26514336,0.9999968,0.29501197,0.2616136,0.999997,0.2976765,0.25801784,0.9999958,0.28176665,0.2775994,0.9999957,0.27777314,0.28185955,0.99999535,0.27424723,0.28617686,0.9999945,0.30841297,0.25609815,0.9999964,0.27415365,0.2965231,0.9999963,0.31783134,0.28530434,0.99999344,0.30486345,0.30019423,0.99998903,0.40490618,0.29256588,0.99983716,0.32634354,0.38005406,0.99938405,0.4374074,0.22514144,0.98121154,0.27662188,0.4185198,0.9541451,0.46438795,0.16080943,0.97787684,0.20241323,0.45681825,0.95448667,0.47250223,0.14081109,0.96453255,0.18191701,0.47072193,0.8993642,0.46832207,0.13988099,0.968326,0.17893144,0.46996763,0.90923643,0.46733707,0.15253368,0.9670845,0.18824285,0.46635127,0.9242636,0.59635067,0.4940149,0.99992895,0.55801845,0.5387109,0.9999466,0.77543306,0.5247783,0.99423873,0.5690359,0.6905204,0.99683976,0.9444827,0.55142564,0.9933995,0.70390314,0.81923735,0.9949143,0.95941734,0.56294984,0.8886419,0.7326445,0.8246802,0.9742957,0.9902725,0.5742221,0.9843999,0.7025315,0.8872004,0.98685396
31375.jpg,0.39601028,0.28690675,0.9999553,0.37881666,0.277918,0.9999628,0.37407047,0.28045577,0.99995387,0.369393,0.28323627,0.99995625,0.3888349,0.2722541,0.99997556,0.3909797,0.27083707,0.9999734,0.39311934,0.2695088,0.9999765,0.3606825,0.29827684,0.99994993,0.39462596,0.2763066,0.9999653,0.39668912,0.30776033,0.99977225,0.40815344,0.30067915,0.99977857,0.35830152,0.43501422,0.9991223,0.49692482,0.3411686,0.9998404,0.25918278,0.48070806,0.97664773,0.5852222,0.27678415,0.996068,0.18429801,0.53069955,0.9371879,0.6746153,0.21349934,0.9202506,0.16040596,0.5484498,0.90292066,0.69620585,0.19914085,0.872184,0.15816492,0.5424263,0.8989537,0.6883496,0.19397005,0.8653996,0.16759288,0.53843766,0.83217096,0.68306017,0.19985774,0.80872613,0.5546447,0.63979495,0.9993711,0.62137276,0.5991791,0.99953246,0.52339965,0.8181094,0.95826983,0.75688326,0.5371893,0.9769384,0.49167755,0.9948408,0.9610255,0.86768353,0.70734537,0.9785154,0.49002132,1.0168984,0.9632704,0.87057817,0.7421377,0.9683537,0.5075494,1.0234408,0.93859977,0.9433752,0.6804513,0.95777553
31653_aug.jpg,0.310934,0.5288938,0.99649733,0.30744871,0.5462695,0.9982034,0.3101102,0.5502001,0.9983511,0.31283456,0.55388725,0.9984332,0.3049064,0.53613603,0.9966827,0.30563313,0.53335136,0.9965268,0.30643687,0.5305744,0.99532914,0.3317732,0.5558298,0.9987676,0.32101533,0.5258754,0.99671376,0.33036387,0.52697444,0.998248,0.32535377,0.5155126,0.99446195,0.4432909,0.5648274,0.99814,0.36263773,0.4611668,0.9984012,0.518975,0.6436688,0.8907401,0.24369612,0.44039688,0.99168324,0.59795517,0.7111511,0.8692978,0.115841985,0.4390247,0.99453014,0.6181061,0.7394574,0.8059152,0.09557021,0.43590274,0.989005,0.6120285,0.7475891,0.80431205,0.092983186,0.45454046,0.98756105,0.6093816,0.7332723,0.74402124,0.100477815,0.45512262,0.9785322,0.617075,0.45933014,0.9995585,0.6175177,0.40452677,0.9998312,0.568212,0.6442002,0.5487803,0.74692184,0.4097339,0.9475045,0.64238834,0.7362436,0.6899164,0.866256,0.3767426,0.9440639,0.6600223,0.74764633,0.71015775,0.88886535,0.3746878,0.9623203,0.6233484,0.78015137,0.73337674,0.90137553,0.34952235,0.9285794
3208_aug.jpg,0.6013145,0.22066277,0.9999858,0.61479896,0.20934859,0.99996173,0.61741734,0.21057755,0.9999757,0.62021685,0.21197781,0.9999565,0.6113226,0.20715985,0.9999603,0.6113873,0.2068466,0.99997115,0.6116712,0.20652327,0.9999707,0.6373574,0.22753218,0.9999453,0.62587595,0.2189908,0.9999757,0.60258627,0.23968193,0.9998877,0.5984244,0.23610875,0.999871,0.6539,0.3629305,0.99967694,0.545671,0.3066224,0.99984205,0.75596774,0.3959344,0.99647576,0.4394673,0.25956428,0.90375024,0.8661562,0.41149312,0.9671226,0.3390284,0.19126868,0.96748316,0.89257824,0.41063148,0.8920829,0.31557786,0.17733383,0.9304249,0.90041494,0.40723228,0.90891564,0.3142866,0.173587,0.940942,0.8902167,0.4106363,0.93672234,0.31871957,0.17867228,0.95230585,0.4781561,0.6165606,0.9991441,0.4694746,0.6074429,0.99989986,0.28086227,0.5851817,0.9879848,0.5674692,0.7826021,0.95073795,0.31899577,0.8383231,0.98787385,0.64580756,0.95282304,0.97340924,0.3411481,0.8656031,0.9743045,0.65474266,0.9640201,0.95827204,0.26559806,0.8812916,0.97822946,0.5689968,0.96450174,0.96793115
33638_aug.jpg,0.20615011,0.37085703,0.9999968,0.1847902,0.37550795,0.9999969,0.1834015,0.3775317,0.99999523,0.18185964,0.37969267,0.9999968,0.18536463,0.3755135,0.9999968,0.18451208,0.37744153,0.99999547,0.18355808,0.37964627,0.99999535,0.18341225,0.40292794,0.9999937,0.18645284,0.40450627,0.999992,0.22020063,0.38166517,0.99999213,0.22053167,0.38294584,0.99999046,0.31848824,0.4041267,0.9996767,0.29083556,0.48580027,0.9993193,0.33539784,0.31633282,0.689685,0.3002351,0.60020727,0.94634825,0.35283178,0.27655542,0.95331156,0.290218,0.71039146,0.9473239,0.3569481,0.25846982,0.9276226,0.27910987,0.72413933,0.9158689,0.3477809,0.25849622,0.93351024,0.28112635,0.7461929,0.9181161,0.34896517,0.26532722,0.9252592,0.28604698,0.732216,0.9015392,0.58977735,0.49271682,0.9998361,0.58707434,0.5392825,0.99950683,0.6863359,0.3394119,0.9826401,0.7086279,0.6963128,0.9896931,0.90385413,0.34735423,0.983743,0.838642,0.85162675,0.9958897,0.93263566,0.36957344,0.97180927,0.85470045,0.8760153,0.9441527,0.96213996,0.28677833,0.97711486,0.91063625,0.8534659,0.98770463
38008_aug.jpg,0.36583436,0.63916,0.9999659,0.35064864,0.63148034,0.9999871,0.3508038,0.62949765,0.9999908,0.35099727,0.62766117,0.9999883,0.35054705,0.6328015,0.99996674,0.3506572,0.63158745,0.9999651,0.3507104,0.6304843,0.9999678,0.36124936,0.60965097,0.99998116,0.36032927,0.61314255,0.99997556,0.37882024,0.6339992,0.9998647,0.3788886,0.6351798,0.99983,0.43068653,0.56920993,0.99982953,0.4315322,0.57424545,0.9993818,0.310402,0.6397167,0.9987915,0.32399744,0.63769644,0.49651375,0.17721972,0.6706604,0.993338,0.21555877,0.66491026,0.7386566,0.13973144,0.67577344,0.9882733,0.1816046,0.66427696,0.7313268,0.13594466,0.67249143,0.9868002,0.16605496,0.66286075,0.7260636,0.14947945,0.6686064,0.98341805,0.18030444,0.6608579,0.729252,0.66982967,0.42611286,0.9995727,0.66373414,0.4269974,0.99955016,0.7790339,0.5472897,0.9989336,0.6938137,0.24295644,0.98332065,0.94763553,0.44457597,0.9976077,0.6746397,0.067059934,0.9856985,0.9605654,0.42227748,0.99698025,0.65321386,0.0396899,0.9913645,1.0181445,0.49335498,0.99589986,0.70508474,0.0057381094,0.9829905
3810_aug.jpg,0.7795855,0.6341194,0.9999745,0.7823584,0.6573403,0.9998648,0.77887917,0.6611642,0.99987197,0.7750802,0.665423,0.9998368,0.78836304,0.65079534,0.999925,0.78903234,0.6499902,0.99992883,0.78966177,0.6494182,0.99992824,0.749336,0.677022,0.9997522,0.76934373,0.6581533,0.9999058,0.7555305,0.6267397,0.99961215,0.76237845,0.6186441,0.99966776,0.6049583,0.6601193,0.9980702,0.7221457,0.5370713,0.99973744,0.51852053,0.7699951,0.99506783,0.818598,0.45122322,0.97326463,0.45829228,0.8662647,0.9754126,0.9147,0.3796961,0.9690618,0.44662502,0.8989847,0.91896486,0.9462433,0.35146704,0.91773045,0.44949868,0.9093181,0.924357,0.9508406,0.35322464,0.92866325,0.45220748,0.89667195,0.937502,0.9396864,0.36156237,0.94512254,0.40066984,0.41848466,0.9936737,0.47538972,0.3607408,0.99972934,0.19058535,0.4241044,0.98614734,0.5808114,0.23394999,0.99694806,0.011555016,0.46549752,0.9785936,0.41324773,0.08060926,0.99147344,0.0027267933,0.47383416,0.901096,0.37657744,0.070934206,0.98264486,-0.059498847,0.46273887,0.9493048,0.42374897,-0.010738522,0.97959226
38482_aug.jpg,0.3739763,0.23984158,0.9999994,0.3692091,0.22495443,0.9999989,0.36847046,0.2244116,0.9999982,0.36770275,0.2238431,0.99999845,0.36648065,0.22446233,0.9999995,0.36399037,0.2236999,0.9999995,0.36116037,0.22302914,0.9999995,0.35219514,0.22746372,0.9999981,0.3421174,0.22807059,0.99999964,0.36756366,0.25330997,0.99999666,0.3632201,0.25299165,0.9999981,0.3677609,0.31821972,0.9998165,0.27775878,0.31006145,0.99994206,0.45273352,0.31050307,0.90560734,0.18859737,0.31743526,0.9957283,0.53690296,0.30608994,0.97969943,0.112362236,0.31819016,0.9963894,0.557866,0.30635792,0.9530914,0.08375248,0.31773347,0.99222505,0.5597929,0.30447948,0.9607335,0.0837138,0.3193373,0.99291646,0.5518882,0.30609328,0.9610816,0.09269424,0.3219832,0.9901102,0.34293708,0.56239027,0.9998567,0.28687793,0.5536139,0.99977165,0.4273444,0.69761664,0.98749256,0.23397766,0.71270525,0.9946715,0.4228579,0.86646384,0.99081343,0.17669125,0.86693215,0.99749064,0.40799487,0.8901021,0.9748668,0.16340983,0.8879835,0.962111,0.4867428,0.8972797,0.991447,0.17366664,0.92878616,0.99542576
40617.jpg,0.7855102,0.42047822,0.9999976,0.7992703,0.40799382,0.9999963,0.80044127,0.40897858,0.9999956,0.80156577,0.40967074,0.9999956,0.79424095,0.40098435,0.9999956,0.79128486,0.39648315,0.9999951,0.7879072,0.39143908,0.9999938,0.79118973,0.40262634,0.99999356,0.7717415,0.3773609,0.9999938,0.77290386,0.42966807,0.99998283,0.764781,0.4212453,0.9999844,0.7333703,0.4901105,0.99989295,0.6517466,0.38313454,0.9996499,0.7955464,0.5769062,0.97985804,0.58657366,0.270367,0.99732804,0.86293143,0.6408292,0.99461913,0.54637897,0.16897151,0.99412185,0.8802873,0.67291516,0.98462695,0.5388667,0.13938066,0.9813145,0.8854143,0.66999966,0.9872859,0.54278916,0.13649192,0.98398095,0.87803006,0.659948,0.98849994,0.54353136,0.1465896,0.9805249,0.49384183,0.58950263,0.9997609,0.4478088,0.5284579,0.9993044,0.53032196,0.749941,0.99572504,0.2502808,0.48381594,0.9989502,0.35217005,0.8610504,0.9952112,0.07039887,0.43611696,0.9991542,0.3166002,0.8609381,0.99097776,0.053994775,0.42944092,0.9670401,0.3474996,0.94314593,0.9919155,-0.00806731,0.45565873,0.9961558
41057.jpg,0.1676946,0.6846477,0.99999225,0.14944685,0.6831395,0.99998355,0.14656556,0.67841816,0.99998236,0.1445165,0.674438,0.99997973,0.15853792,0.69868106,0.99998116,0.16173571,0.70404243,0.9999821,0.16475326,0.70846426,0.99997973,0.14865321,0.6649178,0.99997115,0.17592743,0.7101583,0.99997413,0.1774717,0.6663284,0.9999757,0.18908992,0.685098,0.9999654,0.22340737,0.56623954,0.9997875,0.29951078,0.6926397,0.99921477,0.17345992,0.46218556,0.9876023,0.35482702,0.786224,0.9717307,0.14168629,0.36143097,0.99162734,0.40874764,0.8681035,0.9675203,0.124843985,0.33614272,0.9771353,0.4218572,0.8979075,0.92525315,0.12206712,0.33519733,0.98077834,0.4219249,0.89901644,0.93666667,0.13032734,0.34261847,0.9782095,0.42090836,0.8891274,0.942064,0.50050175,0.44780535,0.99981946,0.54464746,0.5277282,0.99967265,0.5264688,0.26540372,0.99425644,0.72816694,0.5531534,0.99143726,0.70845246,0.17980438,0.9876068,0.9159937,0.57965934,0.9923848,0.7501489,0.18602166,0.95957166,0.940002,0.5745932,0.90048814,0.7130331,0.1060276,0.9781271,0.9557569,0.5928758,0.9785201
42349_aug.jpg,0.24713168,0.52652895,0.9997383,0.23006183,0.51053834,0.9989697,0.23037755,0.5041476,0.99896264,0.23078066,0.49766943,0.998664,0.22996199,0.51914597,0.999288,0.23008111,0.51958764,0.9992949,0.23011434,0.52002615,0.9991602,0.24509135,0.46143886,0.99857414,0.23966476,0.49368602,0.9992142,0.27054575,0.5142068,0.99745244,0.26944137,0.52513856,0.9974037,0.3413067,0.37350667,0.9984668,0.33448583,0.56168014,0.99960464,0.32322693,0.23276135,0.99126714,0.31094798,0.72426236,0.9853019,0.3159749,0.10556492,0.9665096,0.2960304,0.88729334,0.9819209,0.31665295,0.06926954,0.9143882,0.27555877,0.93231404,0.9531646,0.31076032,0.06638828,0.9221971,0.2690997,0.93936515,0.96125454,0.31094933,0.07948786,0.93907344,0.2774037,0.92767584,0.9708613,0.6377337,0.42041802,0.9738434,0.61876607,0.5392055,0.99322915,0.772458,0.24833699,0.9716996,0.64638203,0.7555789,0.9820005,0.88296807,0.059105426,0.93927103,0.8482272,0.83106637,0.9354033,0.90715456,0.04200259,0.84624875,0.87737226,0.8216119,0.9488032,0.9342575,0.010257155,0.8539767,0.85670716,0.91812295,0.831733
4507_aug.jpg,0.3454247,0.25624922,0.9999864,0.33927566,0.24116611,0.99996686,0.3424744,0.23884636,0.9999541,0.34558815,0.23665488,0.9999553,0.32770497,0.25011313,0.99996614,0.3226449,0.25407815,0.9999542,0.31757224,0.2577842,0.9999447,0.34726286,0.24512148,0.999892,0.30835864,0.27252373,0.99989235,0.35962754,0.2688504,0.99992967,0.34595,0.27763143,0.99992204,0.4379947,0.28125244,0.9998956,0.31964308,0.38272136,0.9994784,0.5042089,0.17723843,0.9957949,0.21984366,0.44061667,0.9957848,0.56892675,0.09496987,0.99522215,0.13726157,0.4797586,0.98828554,0.59550476,0.068232834,0.9816466,0.106720775,0.505602,0.9559717,0.5944319,0.06284365,0.9848187,0.10304487,0.5064909,0.9605919,0.5857649,0.07330781,0.98303336,0.11493996,0.49827486,0.963841,0.59773123,0.4798343,0.9999404,0.5310474,0.5476174,0.9997359,0.7738925,0.45813188,0.9991412,0.54772806,0.6910571,0.99553216,0.9217324,0.56764257,0.99845016,0.55825907,0.8361608,0.9948507,0.93191516,0.59742683,0.98208445,0.56772965,0.84968907,0.9539193,1.0085735,0.55915225,0.99626464,0.5525507,0.89265406,0.98945785
46764.jpg,0.5435216,0.6354744,0.9999831,0.55697024,0.64168215,0.9999658,0.5574172,0.64157414,0.99996424,0.55787927,0.6414606,0.99995625,0.5600244,0.6386983,0.999962,0.56266975,0.6364732,0.99995923,0.565621,0.63392824,0.9999387,0.56314117,0.6280838,0.9999585,0.57484347,0.6161468,0.99995625,0.536241,0.62442744,0.9998779,0.5411673,0.6201352,0.99986553,0.4945824,0.60548455,0.9999162,0.5691445,0.5318563,0.9997843,0.43077877,0.6757934,0.9940355,0.63560265,0.4647584,0.9981193,0.37326145,0.7365595,0.997552,0.70290995,0.41834533,0.9959264,0.3547782,0.75618994,0.9904293,0.7235526,0.41079992,0.98672277,0.35291713,0.76064503,0.992542,0.72642624,0.41200987,0.988294,0.35794097,0.75254977,0.9937283,0.719921,0.41330504,0.9855838,0.40334955,0.4617583,0.9994512,0.44935066,0.41719854,0.9990005,0.31125614,0.53998,0.9965861,0.48634794,0.29286408,0.99973065,0.21821909,0.43889013,0.9959836,0.51597244,0.16890785,0.9993332,0.21527372,0.41332254,0.9884985,0.5234435,0.15191045,0.97891265,0.15870985,0.45148492,0.9928461,0.50531924,0.122175574,0.9967219
51115_aug.jpg,0.87255085,0.44565403,0.99999595,0.8958427,0.45660585,0.9999912,0.8975527,0.46284822,0.99999094,0.8988763,0.4691347,0.99999034,0.8911079,0.44376063,0.9999894,0.8898127,0.44172817,0.99998736,0.8886863,0.43988666,0.99998474,0.89571977,0.4984188,0.99998605,0.8880886,0.45841572,0.99998236,0.8539161,0.46430382,0.99997795,0.8497473,0.4481342,0.9999726,0.77800184,0.5961685,0.9997948,0.7829658,0.4224845,0.9998865,0.78400886,0.72158587,0.98407006,0.7784581,0.2780946,0.9949286,0.8007588,0.8193263,0.9838194,0.79341495,0.14881837,0.98858845,0.8002733,0.8534646,0.96060103,0.8136903,0.094236076,0.9615829,0.809074,0.85786164,0.96622247,0.8083604,0.10163742,0.96705127,0.8073238,0.84804344,0.9666012,0.8081207,0.11243585,0.96828294,0.45415556,0.55200344,0.9998641,0.4554027,0.45309186,0.99978465,0.3772022,0.73201644,0.9948078,0.28490853,0.3224697,0.99859744,0.14481074,0.75614905,0.995146,0.12490305,0.18497422,0.99742496,0.10858369,0.737473,0.984674,0.10126108,0.16928259,0.94722515,0.09225568,0.84994555,0.98983663,0.06737873,0.1564922,0.9904621
52008_aug.jpg,0.22842279,0.5916378,0.9999999,0.21331525,0.5939299,0.9999999,0.21282718,0.5944361,0.99999976,0.212338,0.59491557,0.99999976,0.21237561,0.59730315,0.9999999,0.2113927,0.6000137,0.9999999,0.21049571,0.6028638,0.9999999,0.21395284,0.60953283,0.99999964,0.21250945,0.6215752,0.9999999,0.2418955,0.60030186,0.9999994,0.24099201,0.6048641,0.99999964,0.3056935,0.60068053,0.9999207,0.28391832,0.6935515,0.99997807,0.30655298,0.5088468,0.9053046,0.27788174,0.7870849,0.9960368,0.31367385,0.43029594,0.9864478,0.2709785,0.8598499,0.99750143,0.31922448,0.40512678,0.9691292,0.2689383,0.8887187,0.9944806,0.3162259,0.40259436,0.97400033,0.26854336,0.8897015,0.99499077,0.31575015,0.41184458,0.97339994,0.27130765,0.8820509,0.99280095,0.53968763,0.6589007,0.99990344,0.5302937,0.71150434,0.9998454,0.6874138,0.5896468,0.9896438,0.69023883,0.79002273,0.99735093,0.84396994,0.61598784,0.9931108,0.83328533,0.8725297,0.99866176,0.87013215,0.635987,0.9782508,0.86098254,0.886554,0.9667995,0.88150334,0.561509,0.9935016,0.89975107,0.8909417,0.9970542
52877.jpg,0.18733197,0.7212368,0.999998,0.16506553,0.72044057,0.99999523,0.16056994,0.7156797,0.99999547,0.15631014,0.71031785,0.9999937,0.17323828,0.72780514,0.9999937,0.17476812,0.7287808,0.9999939,0.176162,0.72978985,0.9999926,0.14670223,0.68102044,0.9999912,0.16880655,0.7102764,0.99999285,0.19529489,0.6973731,0.9999913,0.20601532,0.70760024,0.9999864,0.20468616,0.54327,0.9998456,0.28455544,0.69215405,0.99990964,0.15286395,0.44273818,0.98470646,0.34717503,0.800295,0.9887671,0.090923816,0.36356068,0.9868674,0.38587943,0.90025914,0.9869376,0.07294324,0.32812458,0.96798015,0.40146354,0.93196523,0.96053314,0.0661535,0.3288479,0.97351426,0.4001115,0.9373668,0.9659376,0.072223455,0.3394745,0.9730348,0.39567643,0.9240348,0.96780115,0.5097694,0.42978925,0.99993706,0.5537379,0.5222765,0.9999136,0.50452185,0.23040214,0.9959407,0.7737831,0.5540927,0.99805707,0.69702655,0.10218388,0.99604154,0.969249,0.60488266,0.9977773,0.73965967,0.10274139,0.9864202,0.98270214,0.6084574,0.9451461,0.6933868,0.0039072037,0.99154764,1.050594,0.60881835,0.9914117
54086.jpg,0.48034167,0.86422354,0.99999416,0.48810324,0.88080025,0.99998677,0.48781973,0.8807578,0.99998283,0.48776627,0.88068473,0.99998057,0.49498126,0.88030565,0.99999106,0.49956125,0.87984633,0.9999895,0.5042149,0.87912583,0.9999865,0.50363034,0.86816585,0.9999695,0.52347577,0.8648197,0.99998426,0.4783763,0.8420787,0.9999175,0.48527625,0.8403115,0.99992764,0.43863782,0.74754095,0.9992107,0.58313364,0.728601,0.99936324,0.3079083,0.76459837,0.82434607,0.7242518,0.706901,0.9939831,0.19854927,0.7927822,0.9431998,0.84252614,0.71858436,0.98110825,0.16882277,0.796652,0.8778431,0.8848728,0.7218648,0.9466752,0.16744769,0.8061087,0.8973332,0.8880701,0.7248527,0.9524502,0.1754291,0.80331945,0.9097249,0.87418836,0.72034013,0.94209975,0.44300175,0.41041744,0.9997509,0.5125964,0.39760616,0.99939716,0.25994354,0.40538374,0.9962574,0.6412537,0.22818291,0.99886274,0.21432692,0.1474629,0.99556607,0.78087425,0.06374359,0.99887866,0.23628113,0.10302186,0.9897009,0.80305064,0.046426,0.9681272,0.12172446,0.10759407,0.9950185,0.7981063,-0.014137834,0.99610573
54551.jpg,0.48511636,0.18441838,0.9999988,0.47437888,0.16618112,0.9999975,0.47355938,0.16546538,0.99999607,0.47258317,0.16461301,0.99999595,0.4702673,0.16796806,0.99999833,0.46642378,0.1688183,0.99999785,0.46213478,0.16984105,0.9999974,0.45626715,0.17406946,0.99999225,0.4423436,0.18243417,0.999997,0.48704654,0.20030925,0.9999914,0.4801746,0.20252177,0.9999927,0.51654935,0.28148463,0.99983215,0.40828794,0.3123862,0.9998024,0.6273312,0.25769255,0.9045641,0.31049836,0.36596477,0.9836314,0.7184175,0.23519614,0.98207814,0.20873278,0.40554696,0.97918737,0.7538149,0.23141173,0.9602832,0.17684081,0.4162774,0.9561186,0.7556825,0.2248306,0.9660076,0.17731276,0.41218066,0.9605672,0.74585754,0.22650194,0.96742946,0.18836957,0.41048646,0.9531571,0.5421784,0.5748845,0.99985254,0.49871594,0.5907065,0.9996288,0.7261411,0.60516363,0.9853125,0.40869385,0.76879615,0.99204624,0.8092939,0.80006963,0.9871939,0.3288288,0.93712586,0.99615026,0.8037343,0.8348993,0.97980964,0.32138374,0.9544312,0.9509488,0.88670695,0.8335514,0.98462474,0.3360622,0.982646,0.98873246
5466_aug.jpg,0.28256062,0.7865263,0.99999475,0.2804265,0.8070403,0.9999902,0.2808634,0.80726075,0.99998844,0.28178346,0.80748385,0.99998724,0.28612137,0.8110324,0.9999913,0.29026222,0.8136878,0.9999895,0.2946812,0.8161057,0.99998665,0.30680335,0.8091321,0.9999851,0.32164568,0.81778836,0.99998486,0.29647565,0.7691889,0.99997616,0.30341357,0.7721278,0.9999722,0.3181796,0.6718496,0.99949694,0.45384824,0.74105567,0.99890435,0.20155907,0.6212965,0.9129778,0.562892,0.7976644,0.9914869,0.095205605,0.58819705,0.9698833,0.66310465,0.86409473,0.9763266,0.06164798,0.5772633,0.9398155,0.695838,0.8881488,0.9403632,0.055208504,0.58421147,0.94860554,0.6971152,0.8931501,0.94601774,0.06707603,0.58540577,0.9501984,0.68802553,0.88113296,0.9389743,0.4906037,0.39051035,0.9998387,0.56934226,0.4226159,0.9993998,0.34902814,0.28966606,0.9984524,0.7805683,0.34923095,0.9939044,0.45072028,0.053567857,0.994441,0.9754591,0.28401914,0.99311185,0.48395362,0.032256246,0.98135895,0.9838926,0.2731375,0.9008896,0.4314413,-0.032431185,0.9914329,1.0332155,0.23971473,0.9792563
55183_aug.jpg,0.4439849,0.16994342,0.9999801,0.43040392,0.15459627,0.99995315,0.42974347,0.15450916,0.99994814,0.42907703,0.15439472,0.99994636,0.42588967,0.15666628,0.9999583,0.4220256,0.15807849,0.99995375,0.41782638,0.15968794,0.9999393,0.41451055,0.16787845,0.9999269,0.3981477,0.17643738,0.99993515,0.4472461,0.18930656,0.9999069,0.44037777,0.19084483,0.99991727,0.495005,0.27092603,0.99975985,0.36131576,0.31028092,0.999228,0.6127243,0.2267606,0.9699737,0.23681068,0.35415626,0.99433666,0.71408534,0.19105911,0.989814,0.12037748,0.3884915,0.9895718,0.7472308,0.17858145,0.9718221,0.08712083,0.40603453,0.96997446,0.7468697,0.1742034,0.9767039,0.08410302,0.4055344,0.9734116,0.73711896,0.18076092,0.9787972,0.095834315,0.40178025,0.96893513,0.57164776,0.563695,0.9994398,0.49595988,0.5937361,0.998643,0.75595415,0.6044723,0.9922856,0.4286024,0.79126644,0.985121,0.8575654,0.7953119,0.9788345,0.35497624,0.97096086,0.9892279,0.854558,0.82830983,0.95183265,0.35043585,0.97968817,0.84047925,0.9175879,0.8286296,0.96252936,0.34568593,0.9988474,0.96452534
55197.jpg,0.31359333,0.7303067,0.99999607,0.29514182,0.7358166,0.99998915,0.29264528,0.7336675,0.9999937,0.29005948,0.73135597,0.9999882,0.29861408,0.73940676,0.9999902,0.29852307,0.73965937,0.99999285,0.2982501,0.7398588,0.9999906,0.27826893,0.7102455,0.9999931,0.28940558,0.72124225,0.9999943,0.31798962,0.71197486,0.9999734,0.32401356,0.71655524,0.99995947,0.30346522,0.5735356,0.9998605,0.39378762,0.6700296,0.9998945,0.2228789,0.51342714,0.9986749,0.47827092,0.75295156,0.9439069,0.12883446,0.46756616,0.98649675,0.54900855,0.84173536,0.9845009,0.10143319,0.45659995,0.9617146,0.56741196,0.8626859,0.9616998,0.094242394,0.45899227,0.9676954,0.56913066,0.8683324,0.9684836,0.10345143,0.46050328,0.97635674,0.5650789,0.86069244,0.97500944,0.54317075,0.38747236,0.9995059,0.5597726,0.40729654,0.9998735,0.67177147,0.30371296,0.9960699,0.6403388,0.36903343,0.93712175,0.6204188,0.100961864,0.99338454,0.79031146,0.23960403,0.9785291,0.59262323,0.05431792,0.98606294,0.8053553,0.18942389,0.971092,0.6715506,0.07758793,0.98818797,0.8811865,0.2899891,0.96751225
55670.jpg,0.351905,0.82634807,0.9999939,0.35714167,0.8462596,0.9999907,0.35736775,0.84685147,0.99998856,0.3576462,0.8474916,0.99998987,0.3615963,0.8466749,0.99999094,0.3649455,0.8474401,0.99998975,0.36921287,0.848301,0.99998796,0.37915254,0.8446874,0.99998355,0.39494982,0.8448502,0.9999865,0.35789362,0.80828786,0.99995506,0.36518008,0.8073213,0.9999614,0.36046135,0.7297559,0.99950516,0.4672542,0.7371196,0.99919444,0.21475679,0.7322892,0.81674695,0.60211533,0.7552525,0.98387593,0.116868556,0.72146845,0.95510286,0.68477947,0.7794986,0.94170326,0.087957114,0.7156296,0.9073319,0.72057116,0.7854651,0.87897897,0.086562544,0.7197336,0.91946274,0.72451437,0.788829,0.8849642,0.09670499,0.7194294,0.9265901,0.7136078,0.7837198,0.8745557,0.42656356,0.43377653,0.99960274,0.48917916,0.43499616,0.9991059,0.2698911,0.3364345,0.98756105,0.6350626,0.2930752,0.9991366,0.32629588,0.13597563,0.9874866,0.7744024,0.15729553,0.99888176,0.35622728,0.105273336,0.9718774,0.79603755,0.14024082,0.9621968,0.26508155,0.06839368,0.9866492,0.7792347,0.09728858,0.9954464
57482_aug.jpg,0.7907964,0.56173646,0.99999857,0.8083432,0.55682665,0.99999774,0.80881643,0.5580745,0.99999714,0.80936813,0.5591686,0.99999726,0.806993,0.5486973,0.9999976,0.8062929,0.543302,0.9999975,0.8055059,0.5374693,0.9999969,0.802192,0.5480972,0.9999963,0.796867,0.51783705,0.99999654,0.7757847,0.56401813,0.9999912,0.7725036,0.55350846,0.99999166,0.7100073,0.6009945,0.9999002,0.6892644,0.46666187,0.9997688,0.72454417,0.71033067,0.9820936,0.6823245,0.3347999,0.9980963,0.75449336,0.79340553,0.9954325,0.69399834,0.22355875,0.9959026,0.7555701,0.8286764,0.98672885,0.7018736,0.1952321,0.98591506,0.76245916,0.8285521,0.9889237,0.7074485,0.19424683,0.9877452,0.7607868,0.81615007,0.9897455,0.7032857,0.20309553,0.9844961,0.44661537,0.5720617,0.9998299,0.43427137,0.4992649,0.99955493,0.40986332,0.7329879,0.9969951,0.28368253,0.36859947,0.9993729,0.20277786,0.7518631,0.9970618,0.13045523,0.23216206,0.99961084,0.17200771,0.7352205,0.99394846,0.11317319,0.22473225,0.98315626,0.1570527,0.82282615,0.99523264,0.03700483,0.1960693,0.9980844
57920_aug.jpg,0.5634835,0.27668047,0.9999492,0.55871636,0.26147673,0.9998393,0.55849975,0.26112074,0.9998455,0.5583351,0.26075903,0.99980706,0.5541203,0.2617576,0.9998461,0.5503982,0.26165053,0.9998388,0.54617137,0.26153854,0.99973744,0.5458694,0.2647544,0.999736,0.5262165,0.26556,0.999726,0.5602331,0.29003555,0.99949837,0.5537923,0.2895916,0.9994875,0.5851637,0.33785287,0.99985397,0.45223975,0.32782263,0.99960166,0.6949603,0.34291908,0.99783725,0.34466872,0.31474057,0.9987141,0.79190606,0.34442908,0.9980794,0.24470896,0.3013897,0.9966444,0.8230549,0.346137,0.9907374,0.21109745,0.29702312,0.9878956,0.82881933,0.34327286,0.992957,0.21080595,0.29238933,0.9898039,0.81757593,0.3438725,0.99401385,0.22186983,0.29606825,0.98787385,0.5491545,0.53417623,0.9995939,0.46215522,0.5312646,0.99890983,0.6783883,0.5775697,0.9960562,0.36132464,0.6032626,0.99858487,0.67356074,0.7373862,0.9954171,0.24691439,0.68512505,0.99747616,0.6573826,0.7581502,0.9875053,0.24021888,0.6962799,0.94776076,0.73476005,0.772943,0.9923855,0.23602965,0.7223903,0.9905475
58139.jpg,0.31827095,0.27406108,0.99999833,0.3096277,0.26086584,0.9999969,0.30861065,0.26051667,0.9999956,0.30771574,0.2601804,0.99999607,0.30782577,0.26092646,0.99999833,0.30538958,0.26074928,0.9999982,0.30284604,0.26083302,0.99999785,0.2949216,0.2671846,0.9999962,0.2871608,0.26981476,0.99999833,0.3158006,0.28856027,0.99999213,0.31260762,0.2887494,0.9999943,0.32861942,0.34871855,0.9998523,0.2453195,0.3642863,0.9999038,0.41483286,0.321556,0.94829583,0.15392427,0.39461887,0.99466175,0.5044769,0.30121654,0.9854968,0.078686506,0.41338795,0.994831,0.528106,0.29900628,0.96086943,0.052359432,0.4178926,0.9885485,0.5313967,0.29617086,0.96757764,0.052330703,0.4188835,0.9893667,0.52322936,0.2988318,0.96995777,0.06069687,0.42011493,0.98638564,0.36053213,0.59642893,0.99979764,0.30602404,0.6038594,0.9997209,0.47770834,0.7083866,0.9870805,0.2873524,0.772017,0.99457306,0.50507003,0.8670453,0.98507744,0.27283394,0.9304197,0.9959884,0.49531507,0.8932033,0.96813166,0.26695675,0.95444894,0.9447387,0.56773895,0.88897645,0.9839468,0.27513817,0.9823111,0.9912412
58482_aug.jpg,0.58294296,0.9035928,0.9998841,0.56507975,0.902287,0.9996711,0.5617364,0.9033611,0.9995987,0.55833113,0.9042712,0.9995695,0.57401437,0.90062,0.9996055,0.5770339,0.90054727,0.99950826,0.58011454,0.90042996,0.99958295,0.5509739,0.90365946,0.99962986,0.58361924,0.8985193,0.9997279,0.5728608,0.8864685,0.9998179,0.5830403,0.884835,0.99976164,0.48803645,0.8501251,0.99993134,0.6145277,0.80675006,0.9999597,0.39493325,0.8666198,0.9623603,0.7351977,0.7710431,0.99100107,0.316463,0.885339,0.92207605,0.8527783,0.7501301,0.98757404,0.29400206,0.8930992,0.87089837,0.88410366,0.74315107,0.97031105,0.29972553,0.8952014,0.8831934,0.8863622,0.7448265,0.97499675,0.30814528,0.8890352,0.8891983,0.87640864,0.7447683,0.9751531,0.48857972,0.57422537,0.9997303,0.5407206,0.5818256,0.9997365,0.38603538,0.40235093,0.91120374,0.5288811,0.4007973,0.7367523,0.2170372,0.30057284,0.948464,0.50982153,0.24382704,0.85322434,0.21281233,0.29595742,0.89918524,0.4973302,0.22713989,0.70666116,0.18440163,0.24783468,0.9243645,0.5234149,0.18138683,0.8221843
58825.jpg,0.25785288,0.6914769,0.99997616,0.23468807,0.6856705,0.9998814,0.23269686,0.6813365,0.9998914,0.23067182,0.67671466,0.99986243,0.23655719,0.691358,0.9999318,0.23623455,0.69163877,0.9999391,0.23583347,0.6918936,0.9999362,0.22917327,0.64713275,0.9998399,0.23519081,0.66813564,0.99991834,0.27163064,0.67611384,0.99968886,0.2753326,0.68414605,0.99967587,0.30751297,0.52063763,0.9979063,0.3638883,0.67951024,0.9996685,0.24032152,0.39864767,0.9920365,0.392529,0.7980931,0.9617496,0.17333609,0.2939987,0.9429501,0.41523314,0.90567374,0.94891953,0.15478954,0.26999974,0.86566395,0.42821762,0.9473591,0.8853938,0.14847359,0.26525033,0.87000906,0.42408058,0.94799984,0.8997794,0.15707466,0.27357316,0.88079864,0.42228758,0.9349461,0.92281896,0.6096435,0.44997552,0.9906302,0.6272701,0.5448088,0.9993998,0.69516075,0.2604132,0.99789196,0.70110035,0.6906228,0.99836284,0.74329364,0.08027533,0.9966543,0.9098681,0.6038794,0.9959537,0.748469,0.06309736,0.9634141,0.938985,0.57348263,0.9910692,0.7924133,0.026838928,0.98968494,0.9824649,0.65741134,0.99026567
61027.jpg,0.60923624,0.7865652,0.9999684,0.59799975,0.80637527,0.9998323,0.59326667,0.80695933,0.99986446,0.5883162,0.80757093,0.9998085,0.6045083,0.8062935,0.99989986,0.60446614,0.80676425,0.9999201,0.6043575,0.80727446,0.9999014,0.56115097,0.80098,0.9997954,0.581607,0.8008433,0.9998623,0.5983356,0.7668812,0.9995635,0.60593766,0.7662952,0.99939823,0.46659622,0.6847264,0.99807346,0.63043934,0.67702764,0.99930763,0.32825965,0.7100531,0.9960962,0.7501045,0.6885179,0.9611693,0.20917246,0.73844934,0.9678228,0.8619808,0.70301235,0.9645679,0.17860508,0.7518258,0.9193098,0.9027275,0.7032565,0.92335516,0.17189193,0.7585014,0.9242863,0.90240395,0.7083662,0.9339581,0.18231168,0.7513564,0.93198997,0.8907428,0.7060557,0.95018464,0.4837005,0.38186103,0.9932462,0.5784746,0.38695803,0.99898726,0.3302402,0.23844592,0.99808383,0.7418254,0.36306447,0.9966839,0.17455202,0.13473928,0.997488,0.72454274,0.13296619,0.9951379,0.15681252,0.12484017,0.9793259,0.7027807,0.09663531,0.9922546,0.14472768,0.080801934,0.99337655,0.8073356,0.08177218,0.9888354
62877.jpg,0.43990153,0.42890897,0.98593986,0.43376574,0.43164355,0.9826149,0.43170908,0.4305617,0.9776563,0.42969504,0.429433,0.98279184,0.43966547,0.43522882,0.974986,0.4415581,0.43654555,0.96013725,0.4434445,0.43783018,0.9698495,0.4249859,0.42994773,0.9754598,0.44592255,0.44303536,0.97690964,0.43849117,0.4249907,0.99598396,0.4446058,0.4286413,0.99635917,0.41610146,0.41039577,0.99960417,0.4675671,0.45153928,0.99924326,0.4262191,0.36181453,0.9574097,0.49776864,0.42599893,0.82865435,0.44262886,0.30735394,0.9810946,0.50481516,0.3771844,0.9678314,0.44056123,0.29129094,0.96461916,0.51168597,0.36589563,0.9573121,0.44864962,0.2927207,0.96880364,0.50230503,0.36040354,0.95857733,0.4524023,0.29981115,0.9649917,0.49875298,0.36337745,0.95122683,0.44466427,0.4006496,0.9998374,0.47690073,0.41796142,0.99991405,0.43895102,0.36351293,0.59076786,0.4769071,0.3971582,0.72784734,0.4545464,0.30916113,0.67493415,0.4770594,0.3336016,0.62313575,0.46139804,0.3025772,0.6368863,0.47470185,0.32631546,0.50974596,0.44583952,0.28581402,0.7469437,0.47950828,0.3109764,0.7083229
63036.jpg,0.21211708,0.72012186,0.9999999,0.19507459,0.72867906,0.9999999,0.19243607,0.7257612,0.99999976,0.19012132,0.72320795,0.99999976,0.20304057,0.7392225,0.9999999,0.20695758,0.7445507,0.99999976,0.21091741,0.74990165,0.99999976,0.1977582,0.7232551,0.99999917,0.22614062,0.76116675,0.9999999,0.22478804,0.70543915,0.9999995,0.23558465,0.7174185,0.9999993,0.25811937,0.6282325,0.99998057,0.34616825,0.74199593,0.9997806,0.16394338,0.5594659,0.99165124,0.39621335,0.825681,0.9952154,0.098721355,0.47884637,0.9950498,0.43611464,0.9040094,0.99170566,0.078186154,0.44244945,0.9793702,0.44959727,0.928847,0.96592486,0.07655358,0.445121,0.9835564,0.44840303,0.92825186,0.96779877,0.087343454,0.4561618,0.9818957,0.44539416,0.9161731,0.9630873,0.51405305,0.4537031,0.9999956,0.56741554,0.5147248,0.99996567,0.5284452,0.25094017,0.9984919,0.72760046,0.4920491,0.992415,0.69566524,0.10454789,0.9973712,0.8558907,0.49247816,0.98736274,0.72903687,0.10052374,0.9733016,0.8657008,0.48314387,0.93513656,0.683525,0.015260726,0.9955669,0.91806215,0.49837112,0.9881032
63565.jpg,0.776856,0.26105335,0.99998343,0.78061545,0.24104515,0.9999918,0.7800916,0.24028352,0.9999896,0.77938426,0.23946947,0.99999154,0.77661806,0.2384521,0.99999106,0.77349746,0.23625752,0.99999,0.770001,0.23405328,0.9999894,0.75721705,0.23347962,0.99999523,0.7468673,0.22946501,0.9999901,0.76194674,0.27353704,0.9999678,0.7554165,0.272107,0.99995637,0.6513936,0.3188104,0.9993772,0.64358914,0.3043187,0.9993249,0.6149756,0.27864695,0.94356555,0.665013,0.26313362,0.9606545,0.5504864,0.2654093,0.7819261,0.65163803,0.23304668,0.89811504,0.5247455,0.26078683,0.63487506,0.64174926,0.22365594,0.8625473,0.5248465,0.25161228,0.64378256,0.6498349,0.22391072,0.86375695,0.5347425,0.25754985,0.58770245,0.65121305,0.23037714,0.8049261,0.47424105,0.58155555,0.9997861,0.4397659,0.55552375,0.99962175,0.54566854,0.77138615,0.9742046,0.24723774,0.6148342,0.99773324,0.438989,0.95798194,0.98072046,0.05038777,0.6900495,0.99626166,0.40206888,0.9744154,0.95454997,-0.0022650957,0.67237943,0.95407844,0.469586,1.0325813,0.968308,0.016718924,0.7415271,0.98617977
64334.jpg,0.46078745,0.79833317,0.9999964,0.46531406,0.81627595,0.9999938,0.46426046,0.8168248,0.9999931,0.46334448,0.8172853,0.9999924,0.4739831,0.81399775,0.9999931,0.4788329,0.8126231,0.9999925,0.48393586,0.8109876,0.9999902,0.47298014,0.8087499,0.9999901,0.50377184,0.79888636,0.99999094,0.45716858,0.7813792,0.99996877,0.4666246,0.77752995,0.9999703,0.41355586,0.7215728,0.9998833,0.54402965,0.68631965,0.99978274,0.30849263,0.7432623,0.9716455,0.6772785,0.6671674,0.9987841,0.22084042,0.7818208,0.994372,0.7827095,0.67066854,0.9973139,0.18589738,0.78675586,0.98337525,0.8123912,0.671197,0.98943055,0.18542469,0.79312766,0.9863653,0.8143508,0.6763772,0.99075574,0.19844168,0.79000306,0.98754555,0.8062314,0.6741926,0.98844403,0.4125196,0.4589815,0.99977285,0.4883104,0.4413281,0.9995202,0.25587934,0.43397537,0.99711275,0.60356796,0.28457165,0.9995426,0.21707961,0.22895338,0.99641883,0.7140516,0.1403079,0.9994524,0.23405114,0.19580841,0.9912107,0.73109627,0.1257534,0.971483,0.14483309,0.18860215,0.9945417,0.72451997,0.05109498,0.997619
6538.jpg,0.30827987,0.4530068,0.9999484,0.30988333,0.43607408,0.9999572,0.31180722,0.43521672,0.999949,0.3137494,0.43435833,0.99995387,0.3095465,0.43644002,0.99993145,0.31130907,0.43596458,0.9998846,0.31309608,0.43546528,0.9999081,0.33553755,0.4338247,0.99995923,0.3324185,0.43397525,0.9999027,0.3192994,0.46285397,0.99967885,0.319983,0.46395636,0.9995295,0.39995408,0.4759953,0.9997309,0.39853406,0.48412105,0.9985984,0.2801845,0.4028161,0.9988644,0.28526133,0.41726786,0.27742547,0.19488788,0.3113159,0.9924338,0.21064931,0.33451316,0.54322666,0.17749915,0.28289807,0.9834071,0.19645211,0.30499813,0.50442153,0.18251216,0.27610657,0.9814683,0.1970582,0.29552254,0.49429843,0.18816301,0.28394544,0.9784307,0.20388168,0.30500028,0.52943045,0.6496396,0.6015043,0.9999027,0.6344216,0.6214171,0.9999229,0.8298036,0.5427732,0.9988174,0.5970022,0.7527529,0.97538596,0.96113276,0.4353702,0.99858177,0.765297,0.8662571,0.9891075,0.97212505,0.4057632,0.98986024,0.8067983,0.87364227,0.98711336,1.024841,0.4536984,0.99662054,0.7841291,0.9539687,0.97667617
68042.jpg,0.41233158,0.70526713,0.9999641,0.41046667,0.72104454,0.99989367,0.40921733,0.72140527,0.9998933,0.40804616,0.7216312,0.99987006,0.41809583,0.72229385,0.9998958,0.42240182,0.7235272,0.9998834,0.42709157,0.7245382,0.9998203,0.41697985,0.71919453,0.9998816,0.44795957,0.7223145,0.99981815,0.41578925,0.69188684,0.9997185,0.42652196,0.6921443,0.9996973,0.3902358,0.6463218,0.9998976,0.5188335,0.6696521,0.99973005,0.27288085,0.6310268,0.99674714,0.6287966,0.70139456,0.99935025,0.18624106,0.6158142,0.9963888,0.72767836,0.7322092,0.9976089,0.15381116,0.6074798,0.9828226,0.7615775,0.74318445,0.98950815,0.14971155,0.6091463,0.98670524,0.7614064,0.74627304,0.9911807,0.16062412,0.6102983,0.98881745,0.752576,0.74015516,0.98991865,0.45003456,0.4527751,0.9997936,0.536179,0.46751678,0.99940085,0.3278743,0.39210528,0.9978229,0.64853257,0.40960258,0.9981224,0.35467327,0.23865704,0.995413,0.76756775,0.34480983,0.9960796,0.37516683,0.22243354,0.9848225,0.77920055,0.33510596,0.94542044,0.307164,0.19354641,0.9932886,0.79156995,0.31175464,0.98871917
68740_aug.jpg,0.33743387,0.21365312,0.99996805,0.3460731,0.19290829,0.9998442,0.3495192,0.19198087,0.99986684,0.35312647,0.191199,0.999828,0.3434523,0.1934945,0.9998791,0.34502983,0.19295934,0.9998963,0.3467607,0.19247222,0.9998647,0.3838262,0.19619295,0.9998155,0.37249917,0.19837353,0.9998909,0.35207027,0.22848031,0.99955183,0.34820104,0.22969931,0.9994035,0.5134651,0.2753795,0.99877137,0.3461175,0.33372197,0.9994696,0.67538726,0.19689831,0.9968104,0.18216968,0.3569011,0.96642315,0.8246561,0.144564,0.9781829,0.041846097,0.39050347,0.92799765,0.85578084,0.12034452,0.9358391,-0.0012755394,0.391963,0.8472853,0.8578936,0.11290413,0.9432757,-0.006115973,0.38762617,0.8707964,0.85252327,0.12341374,0.9513616,0.011354923,0.39119506,0.90370166,0.5828056,0.56037927,0.98671687,0.4833212,0.59289026,0.9980568,0.7900064,0.64700794,0.98431754,0.28961563,0.72776765,0.99410385,0.9951305,0.7143629,0.9864465,0.35503867,0.93859076,0.99134314,1.0167992,0.7329588,0.9602041,0.388398,0.9609238,0.98596144,1.0825732,0.71146524,0.97298366,0.30122823,1.0208334,0.9682548
69331.jpg,0.61118233,0.7724714,0.99999845,0.6121703,0.79011387,0.9999975,0.6075126,0.79323274,0.99999785,0.6042652,0.7953094,0.9999969,0.62509984,0.7820746,0.9999964,0.6302092,0.7791397,0.99999607,0.6342166,0.77688766,0.9999956,0.5945922,0.79401875,0.9999974,0.63698745,0.7688037,0.99999726,0.5950775,0.7634815,0.99999607,0.6103444,0.7529813,0.9999927,0.5108217,0.72576326,0.9999002,0.6189379,0.67357,0.9996278,0.45298818,0.77052367,0.9851253,0.68370146,0.6473391,0.93787247,0.41069275,0.82678246,0.98103493,0.7702075,0.6350742,0.9525644,0.3969999,0.8449719,0.9698192,0.79154086,0.62945545,0.89473677,0.4004829,0.8495778,0.9738149,0.7938508,0.6316161,0.9061717,0.4055915,0.83890665,0.97118396,0.7851229,0.632012,0.9223371,0.40625402,0.4716267,0.9999306,0.45953763,0.44402018,0.99995255,0.25017458,0.38071656,0.99187344,0.4979951,0.2942888,0.9956073,0.098100424,0.29054886,0.99305904,0.41543883,0.11669022,0.9948955,0.08830345,0.27326882,0.8736357,0.38661763,0.0990234,0.9726778,0.056054622,0.25432265,0.98460835,0.45083553,0.053349376,0.9868684
69412_aug.jpg,0.20052716,0.4073832,0.9999634,0.19295916,0.38340557,0.9998368,0.19558689,0.37905997,0.9998647,0.19828737,0.37468356,0.9998005,0.18855765,0.38901675,0.9998939,0.18806651,0.38868824,0.999907,0.18763599,0.38823536,0.9998919,0.22231111,0.3577463,0.9997807,0.20822796,0.37464345,0.999895,0.22312337,0.41073394,0.9995993,0.21771967,0.41822118,0.99956006,0.37079215,0.357304,0.9987356,0.27264225,0.48478964,0.9997327,0.43930972,0.22838938,0.9953843,0.19487819,0.57590914,0.95766157,0.48780003,0.11800635,0.97232294,0.11110839,0.6532664,0.9686018,0.4964052,0.08229703,0.91638213,0.08640376,0.68394655,0.92089707,0.49523413,0.0720889,0.9258201,0.082731366,0.68246067,0.9312914,0.4937034,0.08761001,0.9393127,0.09227675,0.67411983,0.94746065,0.6037634,0.567529,0.99638236,0.53769755,0.63385236,0.9997129,0.80771804,0.5264588,0.99511576,0.452515,0.7721562,0.99698395,0.9789094,0.4636836,0.99399745,0.6398723,0.90066636,0.9932956,0.98665583,0.455522,0.96100974,0.6792767,0.9034676,0.9874371,1.0380688,0.46269238,0.9820618,0.6441583,0.98888415,0.98476356
69834_aug.jpg,0.3848743,0.49736005,0.99929047,0.39599645,0.49525884,0.99754506,0.39672613,0.4960767,0.9978084,0.3974167,0.49700454,0.9974316,0.39416748,0.4908502,0.9972474,0.3937245,0.4885063,0.99705184,0.39324725,0.48610863,0.99561065,0.39545232,0.49406666,0.9985172,0.38996816,0.47803366,0.99612516,0.3781163,0.49933493,0.997809,0.37652284,0.4927643,0.9962541,0.34892708,0.5279515,0.99978024,0.34619322,0.44421235,0.9989434,0.34206623,0.5972584,0.9744914,0.340266,0.38392535,0.98312956,0.2886863,0.6537276,0.9724887,0.32868606,0.341138,0.94937754,0.28244874,0.67643267,0.9241068,0.32839215,0.3217652,0.88522106,0.28454357,0.67537713,0.9395316,0.32998198,0.32746667,0.8963368,0.28377378,0.66597176,0.94602394,0.3287665,0.3343575,0.890141,0.1975306,0.49639988,0.9990225,0.20100506,0.44292405,0.9987717,0.13364044,0.5738592,0.9970988,0.11834981,0.3850469,0.9975848,0.04290667,0.5922296,0.99093187,0.040900975,0.32962164,0.99586666,0.028411075,0.58372283,0.9617154,0.02826944,0.32674313,0.929307,0.015525907,0.6209048,0.9836564,0.008693054,0.3133594,0.9862597
70376_aug.jpg,0.5636471,0.6908295,0.9999746,0.5781632,0.696928,0.9999255,0.5784519,0.69733626,0.99992275,0.5788461,0.69777405,0.9999126,0.582451,0.6922704,0.9999269,0.5857128,0.6891429,0.99991786,0.5893814,0.6854563,0.9998746,0.5846379,0.68517894,0.99987507,0.59915566,0.66485375,0.99984145,0.55579656,0.6788969,0.9997824,0.56028825,0.6721208,0.9997385,0.494698,0.6576293,0.9999143,0.59959847,0.55511445,0.9995701,0.4023149,0.7284435,0.9975319,0.68474686,0.4924788,0.99395096,0.3222145,0.79397154,0.9979857,0.7470828,0.4219522,0.9834869,0.29763573,0.8132045,0.99141085,0.7696978,0.4003318,0.95737064,0.29591703,0.8170548,0.99348205,0.7722781,0.40052825,0.9620977,0.30393848,0.8095124,0.99410087,0.764889,0.4047262,0.95659256,0.3870617,0.47060174,0.99978775,0.45678502,0.41083592,0.99949586,0.2545967,0.54453206,0.99674606,0.4844106,0.26628107,0.99857354,0.15316677,0.4335082,0.99570245,0.51455766,0.13538873,0.99799,0.15114453,0.40764868,0.9870789,0.5145457,0.12470451,0.9575441,0.08570719,0.44424632,0.99174505,0.52124107,0.09608057,0.99200505
7100.jpg,0.41259608,0.337915,0.9996512,0.40820783,0.32415465,0.99935776,0.41100815,0.32265544,0.99927276,0.41383025,0.32132185,0.99921465,0.39779416,0.33083978,0.99965274,0.39362246,0.33373034,0.99969625,0.3894791,0.33659896,0.99966705,0.41435546,0.32694563,0.9990734,0.38149497,0.34854195,0.99973863,0.42399937,0.35018766,0.99844825,0.4106229,0.35652572,0.999186,0.46491998,0.365021,0.9996013,0.3746595,0.43270975,0.99820304,0.45189992,0.25033394,0.987768,0.32809153,0.5037263,0.6852003,0.42568994,0.15915623,0.98495495,0.3258195,0.5372817,0.5814968,0.416317,0.13157421,0.9617901,0.32086948,0.5576828,0.5172637,0.41164017,0.13013354,0.95719606,0.3239467,0.55223906,0.5318483,0.41264665,0.14004576,0.9633252,0.33123422,0.5461792,0.5623245,0.48519108,0.6031501,0.99988544,0.42490098,0.57365334,0.99982196,0.55759615,0.7478641,0.99966633,0.3062456,0.5324465,0.99157846,0.6285098,0.8723076,0.999073,0.24057682,0.6712203,0.99167925,0.6417633,0.8903719,0.97205836,0.2442169,0.703764,0.9833425,0.5974262,0.9130451,0.9945957,0.16321498,0.67349327,0.9879622
71694_aug.jpg,0.47194076,0.64454204,0.9999672,0.48180285,0.6555904,0.99992573,0.48217532,0.6554649,0.99992204,0.48247603,0.6552451,0.9999126,0.48569897,0.65449095,0.9999198,0.48895746,0.6535431,0.9999136,0.4923609,0.6524443,0.9998715,0.4928797,0.6446142,0.9999075,0.5073987,0.6417335,0.999895,0.47184542,0.6299529,0.9998085,0.47683433,0.62935907,0.9997867,0.43944994,0.5869118,0.9999027,0.54699737,0.5657856,0.9996563,0.35177702,0.61821777,0.9971431,0.6339755,0.5413496,0.99737966,0.2804705,0.64347017,0.9980494,0.7160834,0.5298717,0.99515754,0.2535696,0.65170586,0.9918805,0.73783165,0.5320212,0.98569196,0.24962652,0.65463334,0.9936899,0.73941255,0.5344919,0.9872329,0.25984958,0.6493896,0.9944311,0.7332185,0.5322543,0.98409677,0.43346572,0.4206782,0.9995591,0.49972954,0.40612644,0.999092,0.31445473,0.4429613,0.99576795,0.5877211,0.31656933,0.9994943,0.28281093,0.30418497,0.9957682,0.6731136,0.22681431,0.99906605,0.29106927,0.27950525,0.9868961,0.6822091,0.21640691,0.9802414,0.22566178,0.2856289,0.9915769,0.686783,0.18094036,0.9961056
72503_aug.jpg,0.86164033,0.45781955,0.99999964,0.8766087,0.44265383,0.99999976,0.8765465,0.4414715,0.99999964,0.8763137,0.44019347,0.99999964,0.87529135,0.44083282,0.9999999,0.8742024,0.43850428,0.99999976,0.87266064,0.43589124,0.99999976,0.85890514,0.42215353,0.99999976,0.8541877,0.4211623,0.99999976,0.84105235,0.46055228,0.999998,0.8374568,0.45796818,0.9999981,0.7150647,0.35730645,0.9999057,0.74122036,0.47076005,0.99994457,0.6775007,0.2543015,0.99644715,0.7651285,0.60088444,0.9954886,0.6479508,0.14821035,0.9802232,0.8566717,0.7192337,0.92580795,0.6397345,0.11499974,0.9500425,0.8601659,0.75096107,0.8798278,0.6449549,0.11550239,0.9481687,0.87147343,0.74856573,0.8735393,0.6460725,0.13670528,0.91171813,0.8667388,0.73874426,0.808933,0.42177287,0.51113415,0.9997744,0.42462477,0.5406617,0.99988973,0.27990168,0.54969746,0.95488596,0.38391116,0.7333237,0.9988544,0.094879806,0.59615207,0.9808654,0.10443914,0.6612913,0.99852633,0.049088687,0.5887179,0.9784169,0.056744456,0.6463327,0.99288696,0.090545416,0.6653265,0.97251445,0.08722389,0.72476393,0.99542564
7296.jpg,0.49663872,0.30225444,0.9999974,0.49506158,0.28683987,0.9999944,0.4961958,0.28655398,0.99998987,0.4974012,0.28652656,0.9999895,0.49066442,0.2874918,0.99999774,0.48868945,0.28779173,0.9999976,0.48675412,0.2883738,0.99999785,0.49271137,0.28974158,0.99998105,0.47806895,0.29198396,0.9999975,0.49843505,0.313475,0.99997675,0.4929063,0.31318304,0.9999838,0.53129154,0.35177785,0.999597,0.44547412,0.36461002,0.9997733,0.6054231,0.3171502,0.7929355,0.37546563,0.3625626,0.97920245,0.6608606,0.30284542,0.9140988,0.3280378,0.32644328,0.9218701,0.67659163,0.29984915,0.8465919,0.31161666,0.32812488,0.8380486,0.67624843,0.29916194,0.8629064,0.32145637,0.32495254,0.84088683,0.6710898,0.30181244,0.8545156,0.32383087,0.32583937,0.81880987,0.5319021,0.57639843,0.9999225,0.48919028,0.5761976,0.9998363,0.6283549,0.6442102,0.9929998,0.4292465,0.68667936,0.99671894,0.6598308,0.77806854,0.9948596,0.37446198,0.7881975,0.99650013,0.65368366,0.8003826,0.9788998,0.36549002,0.79920775,0.9524546,0.7044312,0.8249699,0.992591,0.38108572,0.83639467,0.99078697
74448.jpg,0.27760178,0.3412209,0.9999943,0.2822056,0.3289551,0.99999416,0.2850804,0.32829252,0.99999344,0.2878685,0.3277235,0.99999297,0.2722793,0.3297384,0.99999344,0.26857698,0.32947925,0.99999154,0.26494685,0.32929853,0.9999895,0.28884408,0.33085835,0.99999356,0.25878608,0.33205354,0.9999949,0.28218663,0.35318458,0.9999907,0.27118278,0.3538496,0.9999906,0.30944145,0.4047643,0.9999094,0.23199843,0.40070522,0.9998858,0.3455912,0.3714344,0.9390584,0.18296376,0.39033663,0.9707609,0.37189263,0.34742215,0.9355451,0.22491725,0.39704582,0.9100731,0.39173824,0.34330228,0.91542375,0.23232704,0.40143338,0.7934618,0.39054066,0.34236935,0.92059267,0.23700033,0.40003753,0.7954517,0.3843761,0.34490308,0.9172632,0.23615126,0.40001184,0.7935255,0.2885616,0.61061394,0.99997425,0.2579647,0.6119168,0.9999453,0.32656294,0.7120789,0.97440773,0.22769648,0.71948814,0.9869583,0.3508873,0.84564275,0.9913635,0.18027326,0.8291929,0.9945859,0.3407154,0.866314,0.9802522,0.18115532,0.85226476,0.97797704,0.34458557,0.8504971,0.98622,0.13019224,0.8513868,0.98908013
75868_aug.jpg,0.6918201,0.1936926,0.99999726,0.6922035,0.1741069,0.99999523,0.6921788,0.1733959,0.99999356,0.6919996,0.17256293,0.9999939,0.68732274,0.17338076,0.99999607,0.6832388,0.17204219,0.99999547,0.67893314,0.17074418,0.9999944,0.67167,0.17092094,0.99999,0.6542445,0.1704475,0.9999939,0.685003,0.21131134,0.9999776,0.6789559,0.21016338,0.9999795,0.6760526,0.289559,0.99956864,0.56238896,0.26470923,0.99929094,0.81127566,0.312627,0.8760565,0.44983083,0.22616854,0.9825607,0.9112926,0.34349343,0.9699822,0.36086494,0.19051468,0.94461244,0.9437804,0.3527701,0.9321743,0.3216281,0.17829794,0.882005,0.9461932,0.34831583,0.94226706,0.32051328,0.17521554,0.88967776,0.93444383,0.3476022,0.9471442,0.33302522,0.18250233,0.87822175,0.55943626,0.57005864,0.9997435,0.50098926,0.5586591,0.9993468,0.6960289,0.69379205,0.99526465,0.32657775,0.67908657,0.9989367,0.60258955,0.88627195,0.9938981,0.16894591,0.7836402,0.998862,0.5724435,0.9087929,0.9859905,0.14971074,0.7877413,0.9618792,0.659189,0.9563614,0.99240524,0.1368548,0.846164,0.9956306
76271_aug.jpg,0.5035167,0.8577938,0.9999932,0.48958078,0.87642294,0.9999782,0.48149312,0.87600076,0.99998,0.47623542,0.8752604,0.9999757,0.51123405,0.87661767,0.9999778,0.5193126,0.876333,0.99997485,0.5255981,0.8764353,0.99997306,0.46652195,0.8645741,0.99996006,0.5347124,0.86689377,0.9999763,0.49182522,0.8326849,0.99993896,0.51981866,0.8332259,0.9999304,0.42873672,0.7354706,0.9991787,0.59703714,0.75589114,0.9991146,0.3195882,0.73397017,0.97030044,0.71486247,0.7960032,0.9605828,0.21683982,0.75680244,0.9727338,0.8330045,0.83907706,0.9414625,0.1787459,0.7547333,0.9492541,0.8584902,0.8495181,0.84948224,0.1774458,0.7640389,0.95551854,0.86062205,0.85116494,0.8678371,0.19344065,0.7630559,0.95737565,0.852968,0.84356177,0.90049887,0.5013739,0.4019009,0.99897003,0.5974398,0.41847807,0.9995484,0.36183134,0.2269231,0.9930467,0.7644075,0.37393755,0.99861753,0.2388823,0.05368346,0.9933559,0.79647833,0.16284734,0.99524,0.23913282,0.026190788,0.8701394,0.78942156,0.12937346,0.97585505,0.20050678,0.0085065365,0.9809435,0.8483871,0.09852216,0.985851
77450.jpg,0.78315645,0.48277622,0.99999964,0.7994317,0.4824931,0.9999993,0.80042994,0.48142278,0.9999988,0.80147064,0.48035312,0.99999905,0.8008764,0.4808936,0.99999964,0.8026306,0.47882947,0.99999964,0.8042504,0.4767785,0.99999964,0.8047254,0.46376994,0.9999988,0.8067378,0.45764777,0.99999964,0.774099,0.47123224,0.9999982,0.7759005,0.46851972,0.9999988,0.7187115,0.44764096,0.99991834,0.7561825,0.36739552,0.999951,0.69091064,0.53525126,0.93800557,0.77942467,0.27839455,0.99534047,0.6646793,0.609007,0.98622185,0.81177837,0.20909047,0.9971572,0.6545201,0.62977433,0.9649299,0.82035637,0.18324584,0.99405646,0.65507865,0.63476133,0.97105443,0.82081234,0.183025,0.9945187,0.6573264,0.6249505,0.9720063,0.81610847,0.18971132,0.99184364,0.50561833,0.32957235,0.9999057,0.5274687,0.28868636,0.99979633,0.34325105,0.3564698,0.98656356,0.40107882,0.17494714,0.9939721,0.19444054,0.29194325,0.98929477,0.2849318,0.059137493,0.9971584,0.17754921,0.26636177,0.973204,0.26631555,0.04241222,0.9484114,0.143704,0.32909304,0.9902362,0.23135898,0.0344916,0.994518
79780_aug.jpg,0.23145042,0.56132185,0.9999976,0.22700506,0.5488227,0.9999987,0.22908849,0.54631466,0.9999981,0.23129454,0.54385626,0.99999833,0.21910731,0.5575443,0.9999982,0.21600747,0.5606884,0.99999714,0.21309826,0.5636784,0.9999964,0.23606321,0.5439874,0.99999845,0.21220617,0.57089907,0.9999976,0.24576446,0.5650311,0.99999774,0.23628296,0.5755195,0.9999968,0.31069058,0.5774156,0.9998933,0.24698098,0.6342583,0.9998317,0.30161247,0.53049666,0.9530592,0.21120767,0.6582427,0.97455025,0.30211976,0.48762032,0.9497539,0.23556857,0.6431257,0.91319615,0.3117125,0.47219402,0.93295956,0.23915176,0.64353347,0.8294742,0.3088329,0.47464806,0.9351541,0.24326324,0.63665015,0.82813096,0.3060547,0.4826706,0.91959447,0.24282789,0.63684535,0.8195684,0.4445386,0.7245333,0.9999937,0.41556975,0.7560062,0.9999641,0.5526606,0.73932797,0.99330634,0.4842896,0.8560378,0.98311526,0.6559409,0.83198845,0.9943522,0.52247113,0.9487269,0.9791972,0.66425693,0.8533599,0.9700201,0.53302103,0.9605639,0.91039914,0.68870425,0.82957375,0.9906709,0.5168473,0.99487364,0.9704478
79897.jpg,0.581308,0.7157887,0.99998784,0.566628,0.735439,0.999943,0.56045645,0.7359501,0.9999409,0.5541803,0.73623574,0.9999316,0.5774749,0.73572814,0.99995875,0.57920176,0.7363019,0.9999577,0.58077794,0.73687863,0.999948,0.52900916,0.72655445,0.9999212,0.5607136,0.7306535,0.9998933,0.56644535,0.6973485,0.9998987,0.58088785,0.69703305,0.99984646,0.44583774,0.61255616,0.99973387,0.60200006,0.6223728,0.9998933,0.31012088,0.60579854,0.9978148,0.7310157,0.6212215,0.9918034,0.19528371,0.5939974,0.9874228,0.852745,0.62905157,0.9906053,0.1562199,0.5894292,0.9604939,0.8953071,0.6294452,0.9702378,0.1530669,0.59401935,0.9661518,0.8974843,0.6336556,0.9749517,0.16857564,0.5940633,0.97011423,0.8843654,0.6310503,0.9805926,0.4535848,0.34802142,0.99834824,0.54394126,0.3565139,0.99945825,0.301053,0.22595972,0.99902153,0.7273362,0.3351816,0.9984363,0.13921466,0.11834866,0.9984047,0.75003713,0.10952705,0.9964408,0.1270642,0.1087856,0.9778911,0.7282016,0.07838568,0.9913216,0.098998725,0.06290099,0.9940456,0.8454852,0.069346726,0.9902955
80040.jpg,0.59252,0.773607,0.99999845,0.59295577,0.7911707,0.9999976,0.588009,0.79408026,0.999998,0.58399177,0.79628384,0.99999714,0.60676837,0.78431535,0.9999964,0.61162275,0.7821252,0.99999595,0.61581296,0.78033173,0.99999547,0.5750795,0.794804,0.99999774,0.61961657,0.7733381,0.99999714,0.57726514,0.7634463,0.99999654,0.59288156,0.75396395,0.99999285,0.49856976,0.7225199,0.9999373,0.6049404,0.6789023,0.9995877,0.43961877,0.7694141,0.98894763,0.674689,0.6599511,0.93694067,0.39198446,0.82352936,0.98803467,0.7607306,0.65170443,0.9578907,0.37587622,0.8401417,0.98017544,0.78223985,0.6488296,0.9053226,0.37835625,0.84375167,0.98289984,0.7848383,0.65121657,0.9150133,0.38509136,0.8326583,0.98007727,0.77617407,0.65042967,0.93018055,0.40702105,0.4638569,0.9999442,0.4615908,0.44073614,0.9999492,0.2580425,0.36395532,0.9923384,0.5103682,0.2935198,0.99401784,0.110489696,0.26983002,0.9939912,0.44173154,0.11193761,0.9942477,0.10104117,0.25281072,0.89285004,0.41489202,0.0936324,0.9724081,0.07234928,0.22730699,0.9873531,0.4802139,0.051615715,0.9860837
80069.jpg,0.50588244,0.30494884,0.9999989,0.5051371,0.29051533,0.999998,0.5065508,0.29022345,0.9999958,0.50801694,0.29004815,0.99999607,0.49949706,0.29055715,0.9999993,0.4969273,0.29043543,0.99999917,0.4943394,0.29053205,0.99999917,0.5042753,0.29209122,0.9999958,0.48467204,0.293077,0.9999989,0.5079833,0.31643602,0.9999913,0.5000461,0.31569135,0.99999297,0.5392525,0.35502976,0.9996543,0.45095,0.3650031,0.9999192,0.6070561,0.32207993,0.9429688,0.3826661,0.3407269,0.996997,0.6729195,0.305702,0.99238765,0.30802608,0.3308277,0.99638927,0.69162595,0.3037327,0.98311675,0.28403327,0.33438754,0.9909328,0.69287986,0.30217963,0.98563254,0.28804433,0.3325562,0.99189985,0.6863426,0.3048843,0.98415595,0.2952749,0.33286083,0.99028206,0.52949965,0.58072764,0.9999523,0.48254138,0.5815876,0.9999136,0.6241676,0.6436022,0.997359,0.41530275,0.6900504,0.9981426,0.64879036,0.7826261,0.9964012,0.36083138,0.783551,0.9979261,0.64211535,0.803239,0.9916543,0.3506307,0.79756683,0.98069084,0.6933949,0.83092546,0.9958996,0.3658802,0.83134794,0.995329
8091_aug.jpg,0.33023214,0.436677,0.999052,0.31745622,0.42846882,0.9987637,0.3185803,0.4252591,0.99853206,0.31987256,0.42227638,0.9986313,0.3143298,0.4413491,0.99892324,0.31341588,0.44703728,0.9989172,0.3129632,0.4524805,0.99888545,0.3264869,0.42546886,0.9980252,0.315821,0.46628225,0.9989699,0.3474973,0.43646154,0.99869955,0.3436939,0.45101348,0.99916065,0.41210777,0.43834993,0.99914503,0.36718398,0.5315336,0.9961629,0.44685608,0.45642486,0.89988565,0.39457077,0.61544394,0.54897135,0.38695732,0.43894887,0.7074263,0.42218432,0.65145254,0.31026554,0.3683471,0.43165374,0.6068957,0.4273274,0.665857,0.2526899,0.36436856,0.42766953,0.59307396,0.42951208,0.6607666,0.25738373,0.36574274,0.42999113,0.55544,0.43007115,0.65626013,0.2785354,0.5622567,0.58286095,0.999671,0.4960592,0.6020997,0.99834573,0.71012646,0.6419843,0.99975365,0.37709385,0.65055716,0.9699795,0.84437644,0.6903943,0.99936,0.4198191,0.7978651,0.97888196,0.8708986,0.69197136,0.9773381,0.4444327,0.8180379,0.95964473,0.8580538,0.75487185,0.9947036,0.37361336,0.84396553,0.9695813
81122.jpg,0.344234,0.7397306,0.99998987,0.3352208,0.7533668,0.99997234,0.3317445,0.7513486,0.99996674,0.32870072,0.74943805,0.9999633,0.34644988,0.7594708,0.9999721,0.35250354,0.7621491,0.999962,0.35868162,0.7646401,0.9999492,0.33469087,0.7443614,0.9999223,0.37717715,0.7650568,0.9999225,0.34711808,0.7206985,0.9999478,0.3611538,0.72783065,0.99993265,0.32275277,0.6466856,0.9999517,0.46765995,0.7071123,0.99956924,0.19727805,0.6281134,0.9979602,0.56555253,0.7734419,0.99699056,0.09342241,0.6075473,0.9974528,0.63755304,0.8299041,0.9906701,0.06150034,0.5931027,0.9880034,0.6679126,0.8490357,0.9637654,0.057794333,0.59623903,0.99012756,0.6692903,0.85134006,0.9681712,0.069111496,0.59916747,0.98876244,0.66120034,0.8421825,0.9689565,0.43407008,0.41413215,0.99995494,0.5245204,0.44770285,0.99976975,0.34865683,0.26462775,0.9990387,0.6516648,0.36896765,0.99456894,0.38422638,0.07836491,0.99835986,0.7706688,0.3067463,0.9922265,0.40778315,0.061299056,0.9811018,0.774947,0.29231173,0.93772066,0.3375311,0.011616051,0.9960019,0.8243528,0.28051406,0.98390675
82790.jpg,0.6889339,0.48349845,0.99992335,0.7063719,0.4891684,0.9995956,0.7083415,0.4931903,0.9996698,0.71063644,0.4974107,0.9995486,0.703603,0.48202604,0.9997094,0.70359075,0.48097914,0.99975795,0.70373213,0.47997457,0.99972075,0.7129499,0.5180917,0.99938774,0.7052655,0.49745572,0.9996327,0.6791943,0.49887055,0.99934655,0.67612433,0.48997676,0.9989932,0.6581402,0.61216253,0.9990533,0.6064148,0.49824154,0.9993911,0.69576335,0.6959483,0.9962968,0.568708,0.4020638,0.9878043,0.7380359,0.77730745,0.99188036,0.5400072,0.31099448,0.9913873,0.7486252,0.8021051,0.9742547,0.52929825,0.28071657,0.97206897,0.75222725,0.80352366,0.97749126,0.53218365,0.27745506,0.9764746,0.74777293,0.7954782,0.97557724,0.53334564,0.28709784,0.9800949,0.43927202,0.70356435,0.99684685,0.40266493,0.6281868,0.9990446,0.3487695,0.8382957,0.9876336,0.26158795,0.56190705,0.9928268,0.25540745,0.97566795,0.9895191,0.108870864,0.6236029,0.98875064,0.23627675,0.9817406,0.9155644,0.09322402,0.65072817,0.9681718,0.23731545,1.0193809,0.9785003,0.055792272,0.574629,0.97497284
84735.jpg,0.3273261,0.48783407,0.99761176,0.313977,0.50175124,0.9984446,0.31553456,0.50666076,0.99871445,0.31731927,0.511362,0.9984647,0.31309378,0.48977956,0.997279,0.31381086,0.48655918,0.99749976,0.31457388,0.48316103,0.9965249,0.33273816,0.51630175,0.9984334,0.3262188,0.47778043,0.99767977,0.3467581,0.49164107,0.9981786,0.3444826,0.4787239,0.9958007,0.4317999,0.55113727,0.99865603,0.38471362,0.42431673,0.999423,0.47422212,0.6491551,0.9408466,0.26551732,0.37239277,0.98983264,0.54257023,0.74422747,0.9330263,0.14356944,0.3357379,0.9931872,0.5472326,0.77287173,0.89783233,0.12304819,0.3268963,0.9853876,0.5404078,0.773136,0.89866585,0.11751974,0.34342986,0.98381513,0.54100835,0.75820327,0.8495273,0.12413761,0.34880048,0.9750117,0.62792146,0.49837917,0.9994831,0.63427556,0.4452408,0.99987745,0.53545433,0.64742047,0.4581067,0.7319624,0.48460367,0.92143726,0.6004433,0.68828225,0.6221974,0.8534322,0.48716587,0.9297673,0.6123039,0.6926627,0.70498586,0.8707591,0.48963767,0.9580389,0.5793376,0.7148945,0.6648744,0.89815736,0.478836,0.9079068
87493.jpg,0.26898217,0.2305795,0.9999943,0.26760733,0.2071991,0.99997807,0.27323678,0.20301819,0.9999846,0.27737737,0.20032781,0.99997604,0.25186685,0.21856129,0.99997485,0.24540839,0.22336799,0.9999776,0.24047275,0.22710198,0.9999747,0.29216242,0.19937551,0.999974,0.2399438,0.2359466,0.99998426,0.2928232,0.24020681,0.99995875,0.2715981,0.2558385,0.99994683,0.40340042,0.27557114,0.99979335,0.26102388,0.3614496,0.9995072,0.4933796,0.20077223,0.9934041,0.15729758,0.40565646,0.9634997,0.5608365,0.11392701,0.98781306,0.037206054,0.4383825,0.97899204,0.5851495,0.09038144,0.9644474,0.010606885,0.45210394,0.940257,0.57907486,0.08621818,0.9698351,0.0031017363,0.45103064,0.9491043,0.5709152,0.0979771,0.9726096,0.016459644,0.44949457,0.96094537,0.55382776,0.5750236,0.99934596,0.46830946,0.6205214,0.99985576,0.7598009,0.62859887,0.9971546,0.36779797,0.7600235,0.9991804,0.9521995,0.6782454,0.99717486,0.4766134,0.937867,0.9979912,0.9685629,0.69257754,0.91787505,0.506831,0.9571638,0.98701817,0.9875173,0.70775706,0.9905935,0.45980823,1.0201926,0.99410677
90916_aug.jpg,0.73354614,0.22164965,0.99999976,0.75018907,0.20939168,0.99999964,0.7529876,0.21117032,0.99999964,0.7555766,0.2131511,0.9999994,0.73807037,0.19978842,0.9999995,0.7331629,0.19561854,0.99999964,0.72726935,0.19101417,0.9999995,0.75145894,0.21733728,0.9999988,0.70881397,0.18364483,0.99999964,0.72443974,0.24104026,0.9999993,0.7094188,0.22949594,0.99999845,0.71220386,0.32567453,0.9999869,0.59959257,0.23059747,0.9996425,0.8209572,0.3716228,0.9961448,0.5376642,0.16008696,0.9921744,0.8946918,0.43807918,0.99667835,0.48721516,0.092485696,0.9904614,0.9202585,0.4696753,0.98473626,0.46931523,0.07141584,0.96167815,0.9174644,0.46723634,0.9880541,0.47008008,0.07391024,0.9636054,0.90488946,0.45878398,0.9862895,0.47517043,0.08447713,0.9590341,0.49306515,0.54724693,0.99999535,0.4280379,0.49901912,0.999959,0.52009976,0.748017,0.9988273,0.27072567,0.5484612,0.9887981,0.3867084,0.9238454,0.9978807,0.1499216,0.5750484,0.9852578,0.35374594,0.9328464,0.971421,0.14255354,0.5860557,0.9357729,0.40553677,1.0035396,0.99529654,0.08299306,0.5825335,0.9840714
91313_aug.jpg,0.71392953,0.59922063,0.9999702,0.7153604,0.62319124,0.99986863,0.7115796,0.6265024,0.9998857,0.70703226,0.630582,0.9998603,0.7220056,0.6179837,0.9998958,0.72286624,0.6178421,0.999912,0.7235382,0.6178384,0.9998834,0.68064934,0.6415125,0.999841,0.70046544,0.62726665,0.99977905,0.69280183,0.59388137,0.99973625,0.7005533,0.5860095,0.999567,0.5419168,0.6199829,0.99950075,0.6611244,0.51374024,0.99967504,0.4385564,0.709538,0.9979352,0.75561225,0.4278398,0.97711504,0.34789494,0.78502303,0.991682,0.8480134,0.34159327,0.97935027,0.31440735,0.8104141,0.9761109,0.8794765,0.31549615,0.95642024,0.31623703,0.8160355,0.97778314,0.88397825,0.31512988,0.9634488,0.32737052,0.80387163,0.97948873,0.8733337,0.32005322,0.97305477,0.36211723,0.41979888,0.9911402,0.4258469,0.36384213,0.9980586,0.16068892,0.4412059,0.99746156,0.5449487,0.22602056,0.99515486,-0.020404786,0.47304225,0.9944395,0.41402155,0.04545617,0.9903994,-0.025926858,0.47810844,0.9684221,0.38233596,0.039112747,0.98789984,-0.08437669,0.45947537,0.9839588,0.4195234,-0.048887104,0.97644824
9271_aug.jpg,0.65115595,0.48746717,0.99999976,0.665514,0.48748916,0.9999995,0.6665133,0.48983872,0.99999905,0.66743755,0.4920203,0.99999905,0.6631162,0.47895086,0.99999976,0.6622584,0.47505865,0.99999976,0.66129994,0.47127602,0.99999976,0.6651279,0.49204493,0.99999833,0.65597886,0.46487728,0.9999999,0.6420374,0.4940203,0.999998,0.6385199,0.48281673,0.9999993,0.589301,0.5374656,0.99987435,0.5622902,0.43810883,0.9999795,0.5994972,0.60024893,0.72369725,0.5338578,0.3596944,0.9886917,0.6180534,0.6649785,0.9272246,0.5295884,0.3629903,0.9468161,0.6171155,0.6813981,0.89360017,0.5259772,0.34787852,0.8889519,0.6192872,0.68157685,0.903407,0.52864516,0.37713256,0.8887641,0.6179936,0.6739457,0.89374393,0.5308339,0.37004274,0.8708908,0.36042416,0.554334,0.9998411,0.3508678,0.523343,0.9998561,0.32336098,0.66531205,0.95323956,0.21797687,0.49117604,0.99666995,0.15092513,0.65188915,0.98897433,0.09276384,0.42464167,0.99820995,0.12012762,0.63786167,0.96968544,0.086227804,0.41692603,0.9774439,0.13628288,0.7197412,0.98601115,0.061129183,0.45584393,0.99424934
93191_aug.jpg,0.6832664,0.43961936,0.99999905,0.698578,0.43550617,0.99999774,0.69945556,0.43690354,0.99999607,0.7001475,0.43840712,0.99999607,0.6959355,0.43019867,0.9999989,0.6948759,0.4278565,0.99999905,0.69350386,0.42546022,0.99999905,0.6946385,0.43577337,0.9999943,0.68528414,0.41706988,0.99999857,0.6710462,0.44517967,0.9999913,0.66948414,0.4384317,0.99999285,0.64324546,0.48693928,0.9998486,0.60714966,0.40966302,0.99972886,0.6931381,0.54269904,0.8642858,0.59495944,0.36298966,0.9791241,0.7276308,0.5966108,0.955459,0.5914314,0.32083082,0.95651555,0.7350736,0.61078054,0.91263133,0.59648955,0.2841832,0.9070965,0.73671293,0.6109193,0.92402065,0.5985784,0.27830303,0.90991676,0.73262036,0.60682005,0.9129124,0.59438753,0.32005632,0.88152796,0.43410498,0.5571348,0.9999566,0.41727144,0.5095328,0.9998468,0.3986889,0.6659019,0.9979645,0.29814592,0.48443282,0.9949779,0.2779617,0.73834646,0.9970848,0.1756888,0.46505734,0.99625105,0.25161913,0.7383881,0.975972,0.16073081,0.4617023,0.911724,0.2447611,0.7856693,0.9955786,0.13338101,0.48787296,0.9913224
95571_aug.jpg,0.20919469,0.58580786,0.99999404,0.19629082,0.5990185,0.9999901,0.19529691,0.59849393,0.9999893,0.19441819,0.59807456,0.9999888,0.20096159,0.60474354,0.99998844,0.20382047,0.6089405,0.99998736,0.20724279,0.61365,0.99998355,0.20746323,0.60643756,0.99998546,0.22737485,0.6296749,0.9999844,0.2212007,0.57640123,0.99995637,0.23022476,0.58383095,0.9999573,0.2602995,0.51449686,0.99985063,0.34992862,0.6139155,0.9995079,0.18556064,0.42695862,0.97622615,0.41561553,0.7224541,0.99685705,0.12419352,0.3662838,0.9941983,0.46016768,0.82550025,0.99326634,0.106638044,0.33651686,0.98288375,0.4703478,0.85445595,0.9781927,0.102963686,0.338383,0.98584414,0.4661268,0.85793513,0.98108727,0.110066116,0.34730417,0.9872585,0.4659251,0.84978205,0.9775189,0.49875256,0.40487978,0.9995765,0.5439279,0.45958072,0.99905604,0.45466816,0.24672754,0.9949098,0.73496336,0.50053096,0.9988908,0.62722784,0.12856051,0.9929756,0.91286755,0.54172504,0.99882454,0.66293395,0.12847513,0.9867829,0.9327563,0.5510905,0.95625913,0.623362,0.042252332,0.98876345,0.9997719,0.51899326,0.99485993
96902.jpg,0.39462054,0.7487551,0.9999964,0.3988484,0.765223,0.999995,0.39812672,0.7648192,0.99999356,0.39776212,0.7645953,0.9999932,0.40725356,0.76705027,0.99999547,0.41238827,0.76754475,0.999995,0.41812277,0.76796174,0.99999356,0.41440997,0.7551514,0.99999154,0.44150975,0.7576033,0.999995,0.39740133,0.7280197,0.99997365,0.40751153,0.72813463,0.99997556,0.3900053,0.6257025,0.99971515,0.52388495,0.6477709,0.99979156,0.2588674,0.61520696,0.9251003,0.6532122,0.6655918,0.99754614,0.15751421,0.6220412,0.9774884,0.76479965,0.7117251,0.9946138,0.12225947,0.6151159,0.94129115,0.8024559,0.7178731,0.98093665,0.11790386,0.6209666,0.9506115,0.80560327,0.72488105,0.9829999,0.13019577,0.62128484,0.95854074,0.7928443,0.7201146,0.98030764,0.46877635,0.35234582,0.9995573,0.5275135,0.35986125,0.9991559,0.29684556,0.27581725,0.99538785,0.70263255,0.24134572,0.99920315,0.3206038,0.06483936,0.9949582,0.9021968,0.1369003,0.99913955,0.3480938,0.029200613,0.98847383,0.91748667,0.12668186,0.9810097,0.23548219,0.025238276,0.9914221,0.9662781,0.12368587,0.99688303
97828.jpg,0.33430707,0.30800608,0.9997273,0.33793974,0.28471583,0.99872214,0.34221888,0.28170717,0.998485,0.3474068,0.27830303,0.9982829,0.33038354,0.2896812,0.9992692,0.32966655,0.29009303,0.99915767,0.32887486,0.29033682,0.9991443,0.3851078,0.2687956,0.99790156,0.35493267,0.28238007,0.9991202,0.35456952,0.3204035,0.9963761,0.34590572,0.32521364,0.99669975,0.5130403,0.3017957,0.9966968,0.34920543,0.39712873,0.999681,0.62132955,0.21092343,0.99199307,0.21084842,0.46756154,0.98324823,0.722011,0.12992173,0.9706537,0.076465786,0.5371003,0.97587436,0.75497097,0.11153385,0.9184674,0.039614618,0.55185205,0.93664837,0.75516665,0.10388523,0.92661554,0.034674644,0.55010545,0.9469631,0.743722,0.11060268,0.9397418,0.04829675,0.5467011,0.9597002,0.64240915,0.5735768,0.95177436,0.53073984,0.62132835,0.99491453,0.8509902,0.5921176,0.9528243,0.3629318,0.759727,0.9852814,1.0216184,0.5537308,0.88651466,0.41783923,0.9562911,0.94257635,1.0700668,0.57859784,0.8044147,0.4447577,0.9714942,0.9487448,1.1138318,0.54469836,0.7716507,0.36680633,1.0253305,0.83650196
99388.jpg,0.5513224,0.16867661,0.9999871,0.54500705,0.15274793,0.9999707,0.5452019,0.15241298,0.99996686,0.545161,0.15198961,0.99996305,0.5379947,0.15271622,0.99997604,0.53337103,0.15232232,0.99997246,0.5281553,0.15193391,0.9999651,0.5276611,0.15851247,0.999956,0.50346863,0.1591812,0.9999635,0.5489675,0.18769777,0.99990034,0.53899735,0.1883493,0.9999169,0.56809205,0.28271046,0.99967766,0.4259684,0.27255943,0.99959105,0.69011253,0.28351605,0.94633514,0.29282814,0.27479988,0.9948783,0.7985008,0.27649656,0.98152107,0.17230994,0.2772386,0.9897147,0.83464056,0.27605927,0.95317626,0.1375046,0.28166056,0.968246,0.83703804,0.27147767,0.96118635,0.13653022,0.27957097,0.9724938,0.8241432,0.27343985,0.96504164,0.14558631,0.28008416,0.96960336,0.5474418,0.5855419,0.99942446,0.46357363,0.5892329,0.9992613,0.7105808,0.67205024,0.9959527,0.33802098,0.75819397,0.99540776,0.7411719,0.8915992,0.98750454,0.210911,0.910236,0.9955081,0.7228366,0.9194749,0.9623996,0.19880563,0.930551,0.90489006,0.79369026,0.9439744,0.97945,0.18290141,0.95562375,0.9854027
99636.jpg,0.6073817,0.6082747,1.0,0.61871326,0.6185377,0.9999999,0.6176486,0.61994976,0.99999976,0.6166907,0.6212449,0.99999976,0.62402374,0.61286336,1.0,0.626575,0.60987556,0.9999999,0.6290684,0.60644954,1.0,0.6161796,0.6167344,0.99999964,0.6306855,0.593832,1.0,0.59598863,0.60393625,0.99999964,0.60191095,0.5951373,0.99999976,0.53597164,0.58728236,0.99996626,0.5832798,0.51239574,0.99999034,0.49569255,0.62874794,0.81968445,0.61223483,0.44866577,0.9866291,0.4568247,0.699252,0.96171975,0.62452054,0.42166966,0.9656525,0.44825318,0.7096712,0.9382024,0.63686,0.40250787,0.9390028,0.45058686,0.71124303,0.9443834,0.63611865,0.40677604,0.94049174,0.45359093,0.7058021,0.93962705,0.6281598,0.41496506,0.9314721,0.37169445,0.43131965,0.9999316,0.37902805,0.4124146,0.9999405,0.26834872,0.3922847,0.9540074,0.2765879,0.3526489,0.9965132,0.1830917,0.31387222,0.9914255,0.24605851,0.21164255,0.9986154,0.17287864,0.28417635,0.982241,0.26994842,0.14083752,0.9868123,0.12800688,0.35016397,0.9892692,0.20364484,0.2003782,0.99571615
99881_aug.jpg,0.67684114,0.56319946,0.99985564,0.6902076,0.57556564,0.9992429,0.69039273,0.5800559,0.99940145,0.69063544,0.58518267,0.9991794,0.69098306,0.56778604,0.9994468,0.6915086,0.5667345,0.9995332,0.692063,0.5658808,0.99950135,0.68470883,0.6036904,0.9989786,0.68639445,0.58226496,0.9993074,0.66182554,0.5735727,0.9985576,0.6624158,0.5628704,0.9980286,0.59656036,0.6665062,0.9982437,0.5984354,0.54203826,0.9989856,0.5949337,0.76360583,0.99573153,0.6001699,0.4377488,0.9897614,0.6017995,0.85370386,0.98806274,0.61252576,0.33803803,0.99375665,0.60263413,0.8823643,0.96107525,0.61371505,0.30757558,0.97652924,0.60598046,0.8854053,0.9664768,0.61850965,0.3056058,0.98039883,0.604671,0.87603277,0.9672053,0.6160817,0.31546804,0.9836315,0.36345828,0.6631925,0.99579996,0.35834318,0.5780012,0.99897504,0.22421336,0.74842286,0.99258786,0.25870955,0.4609999,0.9954033,0.089830905,0.8330213,0.98973656,0.09382576,0.45692307,0.99115413,0.07141486,0.83471113,0.8604591,0.06958893,0.4735223,0.9652357,0.05120766,0.8626212,0.97233826,0.0615896,0.38693145,0.97800934
