10940.jpg,0.41743255,0.780511,0.9996512,0.40641797,0.79206574,0.9996094,0.40236655,0.7906662,0.999453,0.39833182,0.789353,0.9996731,0.41929457,0.7960589,0.9994147,0.4237344,0.79700696,0.9989843,0.4281131,0.79775935,0.99941695,0.39389694,0.78029096,0.9992644,0.43495533,0.7917349,0.99948716,0.41314006,0.7615969,0.9993031,0.4298729,0.7676269,0.99884284,0.38913506,0.70732117,0.99806565,0.48173338,0.72803813,0.9904653,0.34971112,0.80610645,0.9493578,0.45929414,0.82521844,0.93588096,0.36353067,0.888666,0.8283569,0.40332395,0.9007859,0.85657215,0.36232233,0.91328514,0.73724926,0.38890195,0.9177394,0.7489509,0.3661384,0.9134184,0.71446997,0.38716415,0.91798097,0.72489977,0.36819777,0.90557003,0.71310747,0.39033306,0.9109131,0.74208754,0.48597422,0.48370376,0.9994485,0.53578717,0.49780542,0.9970536,0.5568437,0.29720792,0.9749613,0.6738281,0.43125668,0.94899285,0.6227425,0.11818695,0.99244857,0.5558977,0.41469193,0.4657362,0.62949026,0.099276066,0.9238731,0.53281116,0.4207091,0.53028303,0.65380603,0.055576473,0.981727,0.55218947,0.3419372,0.53209805
10987_aug.jpg,0.70572996,0.5574764,0.9999099,0.7121643,0.56779593,0.9998636,0.7094852,0.5715633,0.999808,0.7070294,0.57497424,0.99981564,0.7189926,0.5556053,0.9998816,0.7209263,0.55147386,0.99982125,0.7230741,0.54708344,0.9998248,0.6976583,0.57542074,0.99983704,0.7204469,0.53514385,0.9996848,0.68909115,0.55871505,0.9996716,0.69809157,0.54437995,0.99973744,0.6254486,0.57360506,0.99666303,0.68375415,0.47694153,0.99875367,0.67141235,0.6629948,0.9940528,0.7762972,0.48979488,0.9805015,0.7454727,0.7434399,0.9840515,0.87290746,0.5191888,0.9776229,0.7622924,0.77201796,0.95553803,0.90142,0.526616,0.9498329,0.7687532,0.77006793,0.9546584,0.90146637,0.53207844,0.9460673,0.763275,0.75848246,0.9575269,0.88957846,0.53039783,0.9467542,0.4905695,0.47200513,0.99967325,0.50913113,0.40602204,0.99984753,0.35949457,0.55965036,0.95359683,0.3822847,0.36125055,0.9652774,0.432384,0.45235214,0.720519,0.26809978,0.31468016,0.9805166,0.4528882,0.43545705,0.78077507,0.24913928,0.31172854,0.95361716,0.37821144,0.40958104,0.7000924,0.24324486,0.28092244,0.9547691
11861.jpg,0.63426757,0.8391954,0.9999218,0.62170285,0.8498067,0.9999645,0.61590964,0.84616494,0.99994373,0.6098948,0.8422784,0.9999672,0.63852185,0.8573017,0.99996984,0.6457062,0.85928977,0.99996245,0.6539807,0.8611416,0.999985,0.60595644,0.82781214,0.9999658,0.673379,0.85463816,0.9999795,0.6314731,0.8152665,0.9995932,0.6530292,0.82303965,0.99962115,0.5912979,0.7470457,0.9963909,0.7481767,0.7862126,0.9954122,0.54402167,0.8440639,0.5617045,0.7811507,0.84285027,0.74217665,0.50137746,0.9431629,0.3461122,0.78463954,0.92827415,0.41040036,0.49531484,0.9562692,0.24823958,0.7868713,0.9479868,0.25302023,0.49745083,0.957778,0.23943576,0.77987623,0.94462484,0.24650945,0.50183177,0.9523598,0.24577276,0.7771609,0.938076,0.26641938,0.682491,0.53849226,0.99984944,0.7744564,0.56548303,0.99971384,0.74829805,0.32171747,0.9682008,0.82227325,0.34197217,0.87590283,0.82635695,0.11754584,0.9050456,0.867993,0.12184355,0.78248525,0.831954,0.082632065,0.44186163,0.8665011,0.08806148,0.34499723,0.84538245,0.068211585,0.8845243,0.89708173,0.076808035,0.7629614
12035_aug.jpg,0.67063427,0.32420406,0.99992645,0.65952194,0.32138166,0.9999213,0.6581458,0.32280904,0.99986017,0.6566397,0.3244027,0.9999448,0.6587875,0.32089883,0.99994457,0.65704554,0.32172716,0.9999255,0.6552201,0.32262415,0.9999589,0.64238924,0.33882624,0.9999316,0.6413444,0.33534247,0.99995196,0.66879845,0.3389368,0.9999118,0.6675812,0.33711046,0.9998155,0.64439505,0.39603835,0.99928206,0.6420771,0.3769394,0.9998919,0.7135554,0.35056424,0.33939853,0.7189795,0.32402778,0.99835867,0.77554727,0.28407115,0.5967242,0.7871486,0.24276978,0.99797827,0.7737768,0.26932287,0.5451912,0.78712535,0.22299024,0.99545884,0.7723347,0.26637492,0.5456092,0.78366566,0.21687376,0.99445975,0.7734481,0.26884282,0.57638264,0.78364956,0.22379833,0.990803,0.49835718,0.55221194,0.9998267,0.5005476,0.5421491,0.99969125,0.35049516,0.6381741,0.17588638,0.34900826,0.6379984,0.87530154,0.20532656,0.72856903,0.1920773,0.2022284,0.73052657,0.6945898,0.18684596,0.7276373,0.33500284,0.18596989,0.7270961,0.82370794,0.15487972,0.7919289,0.31652164,0.14772254,0.79331565,0.7702599
12368.jpg,0.29216614,0.2518207,0.999689,0.30743444,0.23499548,0.99977654,0.30976674,0.23538989,0.999782,0.31198013,0.23559403,0.9997751,0.30747417,0.23421946,0.99948454,0.30959535,0.23421958,0.9993381,0.3115433,0.23398003,0.9996309,0.32913262,0.24761078,0.99975103,0.32635102,0.2461406,0.9997266,0.29571912,0.26670682,0.9986621,0.29515135,0.2679496,0.9993499,0.35808873,0.321302,0.99919254,0.33344758,0.35519505,0.9976265,0.236729,0.2771048,0.99348927,0.23508799,0.33993843,0.40766424,0.23768452,0.19202447,0.9369322,0.22245663,0.25312635,0.4741659,0.2425985,0.17051873,0.88911754,0.23447046,0.22232464,0.39840317,0.24942225,0.16970861,0.88020915,0.23648143,0.22664076,0.39939907,0.2482219,0.17668355,0.8702908,0.23550564,0.2302134,0.41056868,0.49971402,0.5095011,0.9992175,0.49735454,0.5245637,0.9992761,0.67297363,0.5762774,0.9516885,0.67870706,0.5673273,0.412163,0.8506521,0.6058738,0.9660275,0.8368187,0.59911656,0.68849015,0.86906934,0.5923715,0.95218706,0.85533154,0.5829128,0.75675184,0.897256,0.6662773,0.96706074,0.8844166,0.6491898,0.8175056
18902_aug.jpg,0.55498904,0.1055024,0.9999577,0.5671052,0.08827633,0.99993217,0.5714491,0.08876115,0.9999243,0.57590854,0.08933154,0.999936,0.54906803,0.08664748,0.99989116,0.54153997,0.08628824,0.9998529,0.53552467,0.086033136,0.9998617,0.58338493,0.09787968,0.9998665,0.5251639,0.09440714,0.99985456,0.5638856,0.12601271,0.9999559,0.54182434,0.12467176,0.99989164,0.6151173,0.21971813,0.9995316,0.47399092,0.2028962,0.99803716,0.59553874,0.35368016,0.93171465,0.46508205,0.34151593,0.76767135,0.55544466,0.24076837,0.9568515,0.5193868,0.23962262,0.8624631,0.5533943,0.21136117,0.9251303,0.5294686,0.20950018,0.8101267,0.5561865,0.20190519,0.92126787,0.52602667,0.19915915,0.78473216,0.556057,0.21072584,0.88395685,0.52313375,0.20808458,0.7241383,0.5447436,0.4927226,0.9996481,0.46731308,0.4720658,0.99912196,0.5014524,0.68429255,0.97906107,0.34234178,0.55942065,0.9920758,0.45927706,0.87260914,0.9865606,0.4697941,0.56892335,0.5840127,0.4503377,0.89145803,0.8935126,0.49537346,0.5528317,0.5558485,0.45079848,0.9314405,0.9831881,0.49376586,0.637195,0.66974056
19280.jpg,0.29034054,0.008498818,0.9994012,0.29465657,-0.008202791,0.99950445,0.3020209,-0.009508461,0.9992835,0.3094548,-0.010732532,0.9994149,0.2720268,-0.0027852356,0.9996853,0.26402834,-0.00060769916,0.9995647,0.25605473,0.0016085505,0.9995554,0.31897992,0.004595071,0.9995521,0.24700317,0.022113472,0.9996681,0.30912167,0.032124847,0.9998505,0.28640795,0.047605634,0.99993575,0.40063745,0.12909934,0.99900985,0.23613743,0.17499942,0.99970764,0.48300347,0.19707027,0.97909236,0.1850073,0.2800073,0.986715,0.34105363,0.16126198,0.9794414,0.25042146,0.14388981,0.98144275,0.32168692,0.12073174,0.9531782,0.26158106,0.10988101,0.956581,0.31368494,0.12345338,0.9472117,0.26006472,0.09993559,0.948122,0.31773394,0.12838256,0.9270706,0.26011914,0.11549854,0.9333824,0.45219776,0.464862,0.9993494,0.36869285,0.49496615,0.9997814,0.6484488,0.6086292,0.9500287,0.51115364,0.71231204,0.9836236,0.45912886,0.61002076,0.28303522,0.48771703,0.82953906,0.78530025,0.42014915,0.59152865,0.24623474,0.46124324,0.83687985,0.6545824,0.40748975,0.6807921,0.36755842,0.5508656,0.8816042,0.7881299
20309.jpg,0.4630936,0.5232001,0.9999125,0.4513997,0.5285817,0.999843,0.44916028,0.52644074,0.99979156,0.44716567,0.5240712,0.99985754,0.45881143,0.53469175,0.9997832,0.4616294,0.5366995,0.9996606,0.46450302,0.5385907,0.99976414,0.44862306,0.5145129,0.99965394,0.47222227,0.53546965,0.99970955,0.4666414,0.5096077,0.9996526,0.4755228,0.51712775,0.9995034,0.46494707,0.45647746,0.9985838,0.5229192,0.49919885,0.9913356,0.3991063,0.49288315,0.98543036,0.50818497,0.57012385,0.9377973,0.3248626,0.53780705,0.96484303,0.47990113,0.6481918,0.9285237,0.3103135,0.5446576,0.9270787,0.479752,0.6657611,0.8578507,0.3091902,0.55112535,0.92319095,0.47556224,0.6677655,0.8534545,0.31494382,0.54929847,0.9244925,0.47488013,0.66089803,0.880192,0.58904004,0.32625735,0.99926645,0.6202041,0.35618913,0.99743855,0.6777839,0.23706166,0.9712857,0.71338964,0.36271083,0.9623404,0.7586031,0.15546016,0.9919282,0.6519289,0.29936248,0.79855454,0.7631828,0.1476865,0.9215654,0.63789964,0.30095592,0.80479,0.7949101,0.13309139,0.98059374,0.6669524,0.2612976,0.819252
2229.jpg,0.7170462,0.40136078,0.99999464,0.7203426,0.39577305,0.9999908,0.71863854,0.39232218,0.9999924,0.7168369,0.388483,0.9999894,0.7225571,0.40534985,0.9999956,0.7225069,0.40899184,0.99999666,0.7225815,0.41289485,0.99999595,0.69953305,0.38745606,0.99999046,0.7103696,0.42575502,0.999997,0.7038555,0.40029663,0.9999764,0.70663846,0.4117731,0.9999857,0.6332997,0.36469012,0.9999535,0.6508814,0.5007634,0.99998486,0.6916938,0.2772563,0.99476373,0.561311,0.57315147,0.99212825,0.7631476,0.20748433,0.99665534,0.48219937,0.67472446,0.95796466,0.7869465,0.19143337,0.9900656,0.4573166,0.70313895,0.92843807,0.7974602,0.20144027,0.9892764,0.45832875,0.7057715,0.9222191,0.79063,0.20740595,0.9861522,0.46415415,0.69282675,0.89972717,0.4281253,0.5118142,0.9999478,0.46911383,0.5763168,0.9999683,0.26823324,0.56229734,0.9966516,0.4165668,0.7413221,0.99495727,0.10830766,0.6177625,0.9953052,0.35508674,0.9102831,0.9956736,0.08147153,0.63836133,0.99455947,0.3375876,0.92658275,0.9930693,0.095559925,0.6165101,0.971034,0.36383045,0.9558525,0.975831
24321_aug.jpg,0.751588,0.39599878,0.9948021,0.7470618,0.38057473,0.99126995,0.74562967,0.37992033,0.98677546,0.74418867,0.37930682,0.9945133,0.7465168,0.38075513,0.9953244,0.74481237,0.3802464,0.9944999,0.743083,0.37971252,0.99590224,0.7217661,0.37888715,0.9931272,0.72268045,0.38027725,0.99437827,0.7424157,0.4057263,0.99541485,0.74205565,0.4048949,0.9935987,0.6713203,0.41373628,0.98634064,0.6860603,0.42362097,0.99842846,0.7631441,0.4164073,0.2012865,0.78197354,0.4320634,0.9973863,0.85249424,0.40155905,0.44217733,0.87805045,0.4083552,0.9927925,0.8565753,0.37855536,0.53190243,0.88446367,0.38823038,0.9888383,0.8573147,0.3743741,0.5699104,0.8817006,0.37920478,0.98730683,0.8562715,0.3817614,0.56788844,0.8782104,0.38430095,0.97709846,0.467688,0.46863648,0.9989772,0.47538733,0.48370144,0.9980058,0.3195382,0.5029595,0.15014085,0.31868437,0.5079057,0.93893147,0.17989415,0.5346097,0.1963334,0.16829407,0.5384548,0.938819,0.1571517,0.52028596,0.37150738,0.14581096,0.5235554,0.94584227,0.1369755,0.58470273,0.3463571,0.12540719,0.59299576,0.9150245
25898.jpg,0.4897488,0.31022623,0.9999397,0.505464,0.30688447,0.9998834,0.5096268,0.31034642,0.99985516,0.51346695,0.31403136,0.999877,0.49390805,0.300644,0.99975246,0.4905264,0.29970646,0.9996406,0.48713583,0.2988285,0.9996728,0.5191043,0.33300167,0.99978596,0.48409513,0.30874202,0.9993293,0.49072343,0.331545,0.99992216,0.4763976,0.32213828,0.99988055,0.53936875,0.43831375,0.99986625,0.4118303,0.37099248,0.99992204,0.6129729,0.5228566,0.9972236,0.3703144,0.26895803,0.998276,0.7090845,0.57462955,0.99134326,0.37370807,0.15254784,0.99408096,0.7398803,0.58586806,0.974226,0.3817642,0.121875346,0.97783285,0.74410987,0.5812643,0.9772166,0.39216614,0.11770785,0.97652143,0.73332304,0.5790808,0.97501045,0.39156815,0.13018182,0.97800046,0.5279245,0.5852362,0.9994467,0.4530656,0.62129605,0.99985397,0.66591823,0.6077192,0.9519277,0.5253977,0.7735775,0.9865696,0.5297641,0.6832232,0.859558,0.6383787,0.895953,0.9924136,0.5034526,0.6827686,0.89147425,0.65733445,0.90694225,0.97604126,0.52521294,0.7596977,0.85466135,0.65118045,0.9388755,0.98469156
27364_aug.jpg,0.7292753,0.32401022,0.99952614,0.74629986,0.3097357,0.99973875,0.74925166,0.31003684,0.99968827,0.75240916,0.31041434,0.99971503,0.74407643,0.3103861,0.9995969,0.74516314,0.31096533,0.99942195,0.7463149,0.31144214,0.99948716,0.77172595,0.32508788,0.9995726,0.76056373,0.32364967,0.9993679,0.73021054,0.33936444,0.99918026,0.72726524,0.3388974,0.99869066,0.79191655,0.3965798,0.9994,0.72607315,0.38558906,0.9989644,0.7854823,0.26061836,0.9526567,0.6871088,0.27084452,0.19903655,0.79356414,0.14393413,0.91872984,0.71070975,0.21121937,0.24689764,0.81031954,0.12571752,0.88792795,0.7258452,0.19377539,0.29620528,0.81626165,0.12538895,0.88168067,0.72229207,0.19377503,0.30298173,0.81006724,0.13296327,0.8577604,0.7231302,0.19528073,0.30832043,0.6295011,0.5790109,0.99967885,0.5898848,0.58116853,0.9998869,0.64440554,0.35031837,0.963992,0.40623552,0.5105939,0.97623163,0.5639003,0.18876436,0.97778785,0.21832553,0.49758333,0.98272216,0.4798059,0.17614213,0.9532234,0.19011873,0.515118,0.9747449,0.5587231,0.11939216,0.97000915,0.17923644,0.44693908,0.9850869
2922.jpg,0.7620522,0.48818466,0.9980002,0.7685039,0.49590337,0.997792,0.7696307,0.4956263,0.99812347,0.77075243,0.4952396,0.9977944,0.7661548,0.4961768,0.99798054,0.7658503,0.49601775,0.99837273,0.7655968,0.49563223,0.99770564,0.77357966,0.48749393,0.99863344,0.76795065,0.48679215,0.99877125,0.75964206,0.47818005,0.9973369,0.75683886,0.47814682,0.99669516,0.77440804,0.44678265,0.9956131,0.75897,0.44540507,0.99576205,0.7981759,0.53678644,0.72263336,0.7899667,0.5299183,0.95989317,0.8243435,0.6161863,0.7797021,0.81729954,0.60737574,0.96186596,0.8371897,0.638991,0.7438038,0.824014,0.6288791,0.940818,0.83494085,0.6400082,0.7287918,0.8278868,0.63190615,0.93386036,0.8295094,0.629753,0.7473595,0.8241732,0.6221087,0.92356265,0.6969112,0.26612124,0.99977726,0.68490034,0.28373852,0.9990206,0.6566235,0.14247341,0.9932673,0.62676597,0.2494729,0.9282454,0.620754,0.029638201,0.9727955,0.6404235,0.24607123,0.55370784,0.6108557,0.015150756,0.9802962,0.64714396,0.24709854,0.8280676,0.607048,0.011565477,0.87334543,0.63898253,0.24326631,0.41408023
31137_aug.jpg,0.484572,0.73180944,0.9979388,0.47655132,0.7472273,0.99881697,0.47002596,0.7474041,0.9984864,0.4645011,0.7473069,0.99899536,0.49650764,0.74513006,0.99772125,0.50362855,0.7438656,0.99681747,0.5104128,0.7423476,0.9981401,0.45367056,0.7407931,0.99838877,0.51786864,0.7331562,0.99833965,0.4702299,0.71521586,0.99640024,0.49304098,0.7112659,0.9915241,0.40187153,0.678511,0.9860431,0.5507744,0.6534214,0.9655318,0.43136504,0.79619396,0.9732959,0.56819683,0.7768016,0.94752455,0.49996802,0.9105152,0.9041663,0.5423257,0.907532,0.8779551,0.5163426,0.94274205,0.8193287,0.53833055,0.94419503,0.7946378,0.5218395,0.9465507,0.7982455,0.5392262,0.94752157,0.77092665,0.5194886,0.93466145,0.78590095,0.5371195,0.9347115,0.77405185,0.42074692,0.4129201,0.9970697,0.5162842,0.4246093,0.9895176,0.42235914,0.25489116,0.90619725,0.7264062,0.3183529,0.95084333,0.42908883,0.082716435,0.9600186,0.50359154,0.35304236,0.5517888,0.43852472,0.055301964,0.7869536,0.48512843,0.36719722,0.5597036,0.40837973,0.0437935,0.9177681,0.46021983,0.29799247,0.48997596
32301_aug.jpg,0.8010458,0.7539245,0.99947494,0.8064306,0.7728971,0.9994332,0.80141807,0.77934843,0.9993918,0.79675364,0.7848251,0.9995034,0.8191365,0.7541981,0.99934775,0.82294416,0.7476801,0.99937636,0.82649934,0.7409256,0.99960166,0.7783772,0.78923845,0.9989422,0.8201035,0.726467,0.9995839,0.77183294,0.7546876,0.9994727,0.78808737,0.728923,0.9991473,0.6240909,0.7882898,0.99949837,0.7658205,0.5948857,0.9980964,0.46263954,0.7876897,0.98494625,0.7062151,0.44962853,0.9806012,0.5972012,0.66184676,0.93732625,0.63990366,0.6137792,0.9307654,0.6401322,0.6650204,0.8154627,0.6504222,0.65821093,0.8128176,0.6476691,0.6673954,0.7922483,0.6541235,0.66005623,0.7758074,0.6339562,0.6636225,0.7268563,0.6476982,0.6494142,0.71210265,0.4299192,0.55053383,0.999137,0.52578115,0.4600646,0.99777526,0.31379694,0.43122497,0.9343169,0.6215471,0.22982326,0.96050173,0.1732691,0.27123183,0.9511963,0.43938717,0.4373536,0.57516503,0.15575612,0.23875347,0.84927183,0.42974666,0.47099712,0.5510641,0.108314425,0.26479927,0.9320728,0.36612546,0.4266571,0.54709893
32655_aug.jpg,0.6716194,0.32422227,0.99981564,0.66087055,0.32018054,0.99979013,0.6595938,0.32141104,0.999624,0.6582595,0.3228402,0.9998462,0.66010976,0.3197888,0.9998565,0.6583867,0.32047895,0.9998049,0.65660983,0.32128108,0.99988914,0.643828,0.33774635,0.9997974,0.64244694,0.33419985,0.9998777,0.66975164,0.3387876,0.99981457,0.668458,0.33692282,0.99966204,0.64468396,0.39510697,0.99861634,0.64266753,0.3760855,0.9998605,0.7147576,0.34849387,0.34833845,0.7184813,0.32423574,0.9987405,0.7769053,0.2815132,0.6115622,0.78957665,0.24089769,0.9980763,0.7736162,0.2670065,0.56893253,0.7888912,0.2218346,0.99541676,0.7735202,0.26263553,0.570656,0.78603727,0.216699,0.99440634,0.7756442,0.2644142,0.60151404,0.7860434,0.22318834,0.99091876,0.4944877,0.5544164,0.9997129,0.4973608,0.54487824,0.99953115,0.3466688,0.64147574,0.1594141,0.3461914,0.64114237,0.89647704,0.2022439,0.7295546,0.16548812,0.20020336,0.7312351,0.74281013,0.18355566,0.7298497,0.33072186,0.18406567,0.72784287,0.8505525,0.1584822,0.7945776,0.26952463,0.14992505,0.7947459,0.77907395
37015_aug.jpg,0.26393157,0.44420546,0.99999595,0.2587408,0.44676816,0.9999933,0.25909975,0.449939,0.9999949,0.25949326,0.4535135,0.99999297,0.2614994,0.43842474,0.9999968,0.26350674,0.4354744,0.9999976,0.2658156,0.43202406,0.9999969,0.27493048,0.46494526,0.99999475,0.28376496,0.42766246,0.99999774,0.27687413,0.4521836,0.9999864,0.2798922,0.44241053,0.9999912,0.31310815,0.5276186,0.9999708,0.37632114,0.40603822,0.9999796,0.21028411,0.55908096,0.9927844,0.49509546,0.39863837,0.99091667,0.11190733,0.5693447,0.9954331,0.6098453,0.36466455,0.93947583,0.0796088,0.56183267,0.9873956,0.6438486,0.3576699,0.8972807,0.07750222,0.54923856,0.9857429,0.6470481,0.3575521,0.89031297,0.090082824,0.54975384,0.98411614,0.6349027,0.36399212,0.86178535,0.5700461,0.5254532,0.9999176,0.5749998,0.44563994,0.9999478,0.72677135,0.582657,0.99622357,0.72010565,0.34922978,0.9915207,0.886343,0.6356885,0.9920774,0.8633886,0.24508621,0.9845285,0.9129224,0.6417706,0.99296594,0.88553065,0.23957063,0.98551625,0.8939719,0.6591338,0.9589293,0.88554144,0.20271197,0.94553876
37548_aug.jpg,0.6589694,0.39716512,0.9999527,0.66737527,0.40719336,0.99992704,0.6665577,0.4118826,0.9999126,0.6654726,0.41675258,0.9999137,0.6667469,0.39651954,0.9998679,0.66574335,0.3937164,0.9998247,0.6647322,0.39096805,0.9998274,0.6513926,0.42936617,0.9998778,0.65218127,0.39064535,0.9997124,0.6428871,0.407236,0.9999546,0.6430767,0.39229834,0.99993193,0.57164615,0.5040425,0.99987924,0.56431997,0.3607576,0.99996567,0.53970945,0.61045766,0.9974662,0.63146853,0.26756322,0.9987231,0.54233253,0.7185746,0.9948331,0.73010117,0.21137682,0.99703705,0.546764,0.7488512,0.98444957,0.75529134,0.20084175,0.9895376,0.55387825,0.74956834,0.9863413,0.76279926,0.20949581,0.98897845,0.54997164,0.7401447,0.9849488,0.7568056,0.21394518,0.9895029,0.43407807,0.56636995,0.99921,0.37202513,0.5178275,0.9999019,0.49400398,0.6915019,0.9479855,0.2879545,0.6595323,0.99400556,0.3546507,0.6209245,0.8265183,0.23078965,0.8406342,0.9970094,0.3430584,0.6018852,0.85669905,0.22901659,0.86939514,0.9884546,0.29676753,0.6561963,0.8319581,0.20403044,0.886312,0.99379396
38269_aug.jpg,0.44967175,0.21842194,0.9990821,0.43588978,0.20201984,0.99933654,0.4331444,0.20220217,0.9994555,0.43034226,0.20238376,0.9995018,0.43369055,0.20230749,0.99909246,0.42944187,0.20284832,0.9991721,0.42504597,0.2033186,0.99925965,0.40020296,0.21679395,0.9994777,0.3957427,0.21907493,0.9990201,0.43854386,0.23971409,0.9989724,0.43565923,0.23857701,0.99873656,0.365395,0.30250677,0.99149936,0.36893797,0.3044763,0.99890065,0.45287114,0.17428592,0.24900961,0.46959013,0.17192233,0.98962325,0.50676435,0.058930457,0.4070102,0.53970164,0.018646777,0.98600566,0.49627584,0.03764206,0.528229,0.53633446,-0.027861238,0.9718927,0.4920671,0.029057384,0.54378694,0.52266914,-0.028939426,0.96137476,0.49665767,0.035527706,0.5246548,0.52333057,-0.012764752,0.9457496,0.17452347,0.61164594,0.99616313,0.1627341,0.62270594,0.99840933,0.38381368,0.77388847,0.34066597,0.38786697,0.79701775,0.99782026,0.5843496,0.95553756,0.56300604,0.59636015,0.9709852,0.9947179,0.6028671,0.9888034,0.64579207,0.6100232,1.0014172,0.9943772,0.7082173,0.92096126,0.7401797,0.7135174,0.93547887,0.9922306
38828_aug.jpg,0.53256804,0.80029035,0.99995637,0.525608,0.8137759,0.99995935,0.5205274,0.8145106,0.9999484,0.51589173,0.81528175,0.9999671,0.539015,0.8119979,0.99993503,0.5434934,0.8112197,0.9998808,0.54766303,0.8102547,0.9999207,0.508036,0.80950654,0.99995196,0.5503947,0.80243456,0.999943,0.52078927,0.78424704,0.99989367,0.5391112,0.7829007,0.9997732,0.47128215,0.73057115,0.99900585,0.5699314,0.71740675,0.9904393,0.47651455,0.84061384,0.9863216,0.59046966,0.82197356,0.9233931,0.51974523,0.9028691,0.8961895,0.5526669,0.90732706,0.6948393,0.5303363,0.9194841,0.7976201,0.54239565,0.92656827,0.5289486,0.53297526,0.9202233,0.778601,0.54157484,0.92491245,0.49430814,0.53128743,0.91202736,0.7738816,0.54365766,0.9175621,0.5214801,0.4872395,0.4817443,0.99955446,0.53165686,0.47813404,0.99724895,0.47746086,0.29186398,0.98364615,0.6401265,0.36622608,0.9612874,0.47312397,0.106200635,0.9939115,0.51172984,0.38623038,0.5878151,0.4730975,0.08705756,0.9545819,0.49364358,0.40863198,0.6583347,0.4748293,0.04082668,0.9866529,0.48039913,0.32091963,0.6179926
4158.jpg,0.7155182,0.66800714,0.9971214,0.7247124,0.6566896,0.99372333,0.72436273,0.655305,0.99103445,0.72397816,0.6537982,0.99651635,0.72393477,0.6560143,0.996854,0.7229365,0.65429586,0.9964132,0.7219647,0.65244937,0.99725986,0.71096677,0.63460606,0.995826,0.7099657,0.6352364,0.996861,0.7016519,0.66553724,0.99735415,0.7009859,0.66422707,0.9962373,0.6565391,0.6137063,0.9917613,0.65595216,0.6284263,0.9989256,0.69146657,0.7004894,0.21798952,0.6901604,0.71348387,0.9981565,0.7449207,0.76501787,0.39567098,0.75311744,0.7818475,0.9913669,0.7615084,0.7603217,0.49755558,0.7712842,0.7791177,0.98641807,0.7687713,0.75805277,0.54689234,0.7786341,0.773733,0.98494154,0.7633395,0.76097745,0.5440373,0.7731912,0.77400994,0.97271496,0.51318336,0.46343583,0.9993734,0.5029328,0.4760534,0.99860376,0.41336536,0.34370232,0.23675579,0.40618783,0.35268348,0.97630036,0.31903228,0.23407836,0.35051912,0.3101937,0.23539698,0.9785162,0.31858352,0.21044308,0.49772263,0.308609,0.2123506,0.96823424,0.25918996,0.2219579,0.5521536,0.25050494,0.2183766,0.96792847
41782_aug.jpg,0.23238453,0.545697,0.9971155,0.22375146,0.5385814,0.9974771,0.22127473,0.5395007,0.9977482,0.21866086,0.5406302,0.9972458,0.23028052,0.5360663,0.9974318,0.23235917,0.535267,0.9977581,0.23453963,0.5346533,0.9966893,0.21624273,0.54879916,0.99833894,0.23849484,0.5412361,0.99800307,0.23319629,0.55682373,0.9981756,0.24117428,0.55380404,0.9976063,0.20657472,0.59326386,0.99819,0.27296603,0.57081926,0.9954731,0.1788895,0.5109056,0.82347316,0.22930247,0.49959087,0.88814074,0.15195112,0.43231863,0.92135787,0.18138434,0.4305552,0.9655969,0.1391189,0.41215438,0.90209824,0.1710671,0.41247725,0.9585964,0.14390539,0.4101951,0.89555424,0.16574301,0.41134468,0.95682925,0.14903626,0.4163322,0.89704514,0.16947563,0.4203118,0.94719577,0.3184231,0.7602424,0.9998938,0.35094422,0.7281467,0.9994881,0.37344363,0.86376196,0.99657047,0.39163783,0.7599296,0.8519054,0.43522465,0.9737061,0.98299444,0.39560133,0.7881534,0.682875,0.4452945,0.9858121,0.98383313,0.3926451,0.7948694,0.88588667,0.44088608,0.99803114,0.89159507,0.3936644,0.7911356,0.49842852
43580_aug.jpg,0.37272653,0.96733755,0.9985152,0.356663,0.9648907,0.99831724,0.35196996,0.96076715,0.9978604,0.34541422,0.95711124,0.9980215,0.37081283,0.97928405,0.9985544,0.39204884,0.9865787,0.9980829,0.39912626,0.9888513,0.9982034,0.33778927,0.94660115,0.99848276,0.41623062,0.97795284,0.9982033,0.3714115,0.9393055,0.99925166,0.38696936,0.9545998,0.9996842,0.35491884,0.8295809,0.9987888,0.50086665,0.9081067,0.9996284,0.3313492,0.7454373,0.9654349,0.6048144,0.86736786,0.9875217,0.34993365,0.87324834,0.97641045,0.46680236,0.9552983,0.9859918,0.3441475,0.9175327,0.9463782,0.45352295,0.9898474,0.9619627,0.34313658,0.9237462,0.93660617,0.44343024,0.98549044,0.95440626,0.35541838,0.91762465,0.91779494,0.44388238,0.96639943,0.93727434,0.50963795,0.53668064,0.9995426,0.6084981,0.5662195,0.9998635,0.44512057,0.3147173,0.9553934,0.7013607,0.29822987,0.97077876,0.590434,0.45194468,0.4213335,0.77336466,0.11313075,0.93517065,0.61011803,0.48923168,0.45482635,0.7794143,0.08864412,0.78533703,0.6539708,0.41339934,0.47128356,0.81007665,0.07761955,0.90969825
43636_aug.jpg,0.27185357,0.28952593,0.9997919,0.25742406,0.29143634,0.999889,0.25697532,0.29355183,0.99987197,0.256418,0.2956722,0.99990284,0.2547013,0.2919776,0.9998574,0.25258037,0.29446873,0.99982977,0.25021574,0.296919,0.99986935,0.2510185,0.31916425,0.99988985,0.24520516,0.3187168,0.9998272,0.28062147,0.3053558,0.9997595,0.276573,0.30578187,0.9997625,0.28980115,0.3881501,0.99646926,0.26784545,0.3783535,0.9996964,0.2473588,0.28491047,0.3086768,0.22053711,0.26128858,0.993389,0.19580425,0.17626595,0.46839607,0.1675304,0.13364685,0.98533463,0.18100452,0.17134315,0.5218887,0.14236505,0.12216127,0.9686155,0.1753136,0.16621748,0.53166574,0.14119539,0.12601823,0.95845586,0.17821936,0.16536698,0.5080379,0.15050712,0.13152772,0.94713706,0.39328358,0.63929886,0.9981509,0.38961256,0.64066935,0.9993013,0.6208154,0.5469804,0.24144015,0.6300771,0.54620063,0.9902857,0.8258199,0.45450538,0.29010314,0.84440917,0.45232624,0.981666,0.87626135,0.44777107,0.3798083,0.89315903,0.45184588,0.98437446,0.8514011,0.37636,0.4227807,0.8781198,0.37047863,0.9727994
45451.jpg,0.3404773,0.5549283,0.9992217,0.33094043,0.55408543,0.99907887,0.32997495,0.5516894,0.9988368,0.32907304,0.54933697,0.99885154,0.3344211,0.5620106,0.9990707,0.33587563,0.5650661,0.9990005,0.33724844,0.56791687,0.9991239,0.33252856,0.54438865,0.99893385,0.3429519,0.56888866,0.9990042,0.3463936,0.54564077,0.99945515,0.3508262,0.5573429,0.9996779,0.38081634,0.5025023,0.9951526,0.40042454,0.5655687,0.999186,0.41458878,0.47955993,0.82894284,0.45202923,0.562916,0.9834758,0.4065655,0.52367914,0.75951725,0.40610263,0.5372561,0.9707381,0.40125206,0.5294579,0.6531987,0.39125085,0.534299,0.93424946,0.3975259,0.5319273,0.63219345,0.38715193,0.5348773,0.9256946,0.39852294,0.53203297,0.58606553,0.391196,0.5354411,0.8873763,0.512461,0.47117668,0.99848205,0.5262258,0.5031266,0.99842393,0.56099725,0.39695665,0.9808023,0.6272133,0.4488629,0.98719144,0.6493343,0.41856605,0.92709464,0.7213688,0.40809563,0.9853324,0.65501326,0.4288897,0.8746676,0.7360746,0.40424377,0.89267015,0.69028884,0.40586346,0.93032897,0.74939054,0.39319938,0.972098
45627.jpg,0.6815618,0.4806618,0.99855036,0.68964565,0.4920319,0.9985753,0.6879932,0.49686626,0.9979563,0.686685,0.50149435,0.9983694,0.6947561,0.4768871,0.9984465,0.69641435,0.47189146,0.99736744,0.6979631,0.4670831,0.9978066,0.68244326,0.5071869,0.9984725,0.697191,0.45880723,0.99762124,0.6659215,0.48590368,0.9963989,0.6726985,0.46773592,0.9975132,0.62023133,0.5183203,0.99188423,0.66041875,0.41112822,0.9976915,0.7196934,0.5579854,0.97267973,0.7588946,0.44848374,0.97138864,0.806844,0.55302227,0.88120395,0.830348,0.50589055,0.8976223,0.8324797,0.55303574,0.77901626,0.84571487,0.52355874,0.81075555,0.83333635,0.548955,0.7511201,0.8445589,0.52594817,0.79127324,0.8283655,0.5469208,0.76186025,0.8396362,0.5225539,0.80441123,0.45074514,0.44815746,0.9968622,0.4654854,0.3682874,0.9989371,0.34139532,0.5696311,0.84067935,0.33272117,0.33907732,0.92538726,0.40484044,0.42110878,0.3886291,0.20284727,0.31487057,0.9202558,0.41927063,0.4094583,0.4849432,0.18773514,0.31663102,0.82603407,0.35801739,0.39180505,0.32330596,0.16874015,0.30053154,0.80235994
47352.jpg,0.5850128,0.7276206,0.99983096,0.59279346,0.71907794,0.9998342,0.59235287,0.71753985,0.999684,0.5918261,0.7158081,0.99988115,0.5930624,0.7184577,0.9998807,0.5929407,0.7166743,0.9998272,0.5927958,0.71473026,0.99990845,0.58539236,0.69796294,0.99984765,0.58776367,0.6977072,0.9999038,0.57397395,0.7218554,0.99983156,0.57508093,0.7213676,0.99968517,0.5309873,0.67670107,0.9991171,0.547879,0.6781767,0.9998554,0.54591733,0.7561356,0.34992695,0.56416875,0.76820076,0.99857926,0.58029366,0.8441765,0.60055786,0.6105901,0.86714005,0.99794346,0.59488916,0.8494873,0.5425555,0.62865126,0.8770346,0.9951514,0.6004097,0.85143554,0.54345644,0.6347023,0.8760009,0.99398804,0.59740776,0.8516406,0.5776529,0.6281896,0.87207294,0.9901382,0.44878975,0.47728258,0.99973935,0.4559608,0.48142606,0.9995289,0.43224746,0.30374938,0.1390508,0.43082526,0.30392128,0.91102844,0.41068673,0.13059786,0.18040958,0.41064507,0.12865886,0.8006915,0.41956067,0.113594025,0.3164531,0.41949224,0.11184168,0.8723837,0.37725928,0.0712018,0.3164479,0.37875906,0.05928564,0.8245733
47704.jpg,0.45524603,0.6580539,0.9994337,0.4497345,0.6654286,0.9993451,0.44711128,0.665337,0.9991304,0.44457904,0.66517663,0.9991646,0.4581097,0.66673625,0.9993418,0.46130985,0.66744053,0.9992848,0.4644419,0.6681955,0.9993907,0.4427058,0.6613005,0.999042,0.46900237,0.66548806,0.99934167,0.4512882,0.64770436,0.99958533,0.46232152,0.6504958,0.999754,0.43888846,0.5991161,0.9968029,0.49855405,0.6179624,0.9994307,0.43119138,0.5585169,0.7720203,0.52574486,0.57554114,0.9779954,0.4641064,0.5885699,0.7302479,0.48102936,0.593176,0.96506864,0.46819252,0.59758466,0.6221769,0.4754912,0.59266686,0.92872345,0.4685575,0.6019291,0.60088664,0.47046396,0.6031208,0.9193247,0.46799985,0.5993807,0.5547596,0.47339067,0.5982615,0.8788948,0.48507163,0.4731066,0.9974366,0.5151525,0.48131958,0.9974247,0.46176708,0.38644272,0.9425934,0.5279807,0.36628127,0.9760681,0.520637,0.32566452,0.85795045,0.54966575,0.2624232,0.9783192,0.5340678,0.32613105,0.81380415,0.5560184,0.24476765,0.88568574,0.5156811,0.27865246,0.88354224,0.55269635,0.22873786,0.9630687
48156.jpg,0.43050092,0.20680034,0.999851,0.431794,0.19621976,0.99977905,0.4348863,0.195661,0.9996854,0.43782052,0.19531126,0.9996939,0.42185485,0.1984617,0.9997472,0.41779774,0.19944559,0.99963,0.41362873,0.2006493,0.9996138,0.44272944,0.20241405,0.99970716,0.40823102,0.2102222,0.99941623,0.44014215,0.21830891,0.9996445,0.42706147,0.2219925,0.99961483,0.4738267,0.25235483,0.99943227,0.40553945,0.27240366,0.99965525,0.47319078,0.17612506,0.98277676,0.3617893,0.18982197,0.9949115,0.47317058,0.09235361,0.9838816,0.32360476,0.11365569,0.98921555,0.4781218,0.06904149,0.96232915,0.30928808,0.09713468,0.972336,0.4747554,0.06716266,0.9591568,0.31115803,0.09217498,0.96871436,0.472345,0.07591927,0.96346426,0.31704146,0.09766483,0.97008836,0.5150049,0.4152518,0.9995758,0.47009188,0.43798298,0.99979836,0.60362506,0.4416048,0.8588637,0.52332574,0.5565033,0.97861016,0.54744834,0.44695726,0.28559098,0.5535044,0.6520133,0.97826743,0.518553,0.44108877,0.44906113,0.5556358,0.6547565,0.9471332,0.5512655,0.485451,0.38282946,0.5749726,0.6984998,0.9561234
4933.jpg,0.49089983,0.12121177,0.9999418,0.5016268,0.10045341,0.9999242,0.5084192,0.099755645,0.99991035,0.5136209,0.09922707,0.9999187,0.4805698,0.10100716,0.99988985,0.47390315,0.10113594,0.99985516,0.46722412,0.10148072,0.99988055,0.52232224,0.104221344,0.99986446,0.462698,0.10789251,0.99988496,0.5049007,0.1378837,0.9999404,0.48033094,0.13763165,0.99984765,0.58425707,0.22157049,0.99975806,0.40839496,0.21959272,0.9982863,0.612263,0.35625848,0.9707897,0.38328874,0.35868287,0.9142573,0.5117371,0.26663786,0.97084653,0.4765598,0.26210836,0.8930456,0.49910942,0.23376524,0.9323313,0.49179474,0.23015009,0.80644697,0.49985862,0.22297588,0.9255164,0.487782,0.22006199,0.77178866,0.5019197,0.23189431,0.8920373,0.4820919,0.23143797,0.7117006,0.51204383,0.50210255,0.9997124,0.41729167,0.47983724,0.9989109,0.48994547,0.714671,0.9690221,0.24629822,0.6043848,0.99161845,0.44824535,0.9077859,0.97525454,0.41954127,0.6009067,0.41380978,0.43532604,0.9298763,0.8655477,0.45381486,0.5668786,0.4366036,0.4652525,0.9656912,0.9681171,0.4684888,0.6658584,0.41990972
50264_aug.jpg,0.65877885,0.47304487,0.99941504,0.6691267,0.47596395,0.9993305,0.66995925,0.47871163,0.9991886,0.6706485,0.4808489,0.999188,0.66708046,0.46682036,0.9992907,0.6663675,0.46327496,0.99917334,0.6655943,0.46011996,0.9992186,0.66804194,0.4842614,0.9993625,0.6615214,0.45826784,0.99916995,0.6510085,0.48125625,0.99965143,0.6488602,0.4691006,0.9997682,0.61612195,0.51706666,0.9977902,0.6078738,0.44653955,0.99936813,0.5769745,0.5329794,0.90205926,0.55744606,0.4427834,0.9791763,0.59455895,0.48909044,0.8660629,0.5947409,0.47548288,0.9598941,0.6004513,0.48428357,0.78136194,0.5971669,0.47945747,0.91294444,0.605215,0.4821354,0.76451975,0.6095625,0.4784336,0.9016963,0.6008584,0.4813846,0.713354,0.6031469,0.47855136,0.8571786,0.47977355,0.52176917,0.99862206,0.47309753,0.4893852,0.99860436,0.41281858,0.59657,0.98784,0.35928977,0.52460694,0.99098057,0.33145222,0.54441833,0.94668204,0.25067937,0.54921335,0.9894573,0.32798657,0.5330365,0.89945686,0.23918377,0.55063677,0.92238295,0.29334295,0.5499869,0.9458044,0.22914037,0.5584027,0.9779588
50497_aug.jpg,0.3587166,0.2041269,0.9995771,0.3795609,0.19201213,0.99971896,0.38249335,0.19314513,0.99973744,0.38556015,0.19425198,0.99975127,0.37820548,0.19063154,0.9993168,0.38043183,0.1913251,0.99913377,0.3829857,0.19200051,0.9995104,0.40548545,0.21219379,0.9996716,0.4006568,0.21107021,0.999587,0.362724,0.22145566,0.9982663,0.3601498,0.2214621,0.9989231,0.41613153,0.2920366,0.9989567,0.37964588,0.31517968,0.9964545,0.33001828,0.2054613,0.99104065,0.29977018,0.27747282,0.40999734,0.3427356,0.13446704,0.92771554,0.31022877,0.19019178,0.42417085,0.3588077,0.11228326,0.8833039,0.3247342,0.16985032,0.3536206,0.3637544,0.113250405,0.8729776,0.32774648,0.17101723,0.3504251,0.35831755,0.12089881,0.8619954,0.32514566,0.17485657,0.36533523,0.49859896,0.51298755,0.99896765,0.48691365,0.528026,0.99875927,0.64475334,0.6275388,0.9380339,0.6505178,0.62036884,0.45066065,0.80474305,0.71398747,0.97223467,0.7853918,0.6957998,0.6636702,0.82528144,0.70481294,0.94646585,0.80910516,0.68527716,0.7185559,0.8258791,0.7848166,0.97233856,0.8139475,0.7519456,0.82892954
51562.jpg,0.5066654,0.4935994,0.94572103,0.5135389,0.49631795,0.91704696,0.51349056,0.49632144,0.90417635,0.51337093,0.4963434,0.9117729,0.51396924,0.4969242,0.91270316,0.5142971,0.49717358,0.91136825,0.5146207,0.4974017,0.9320866,0.5133497,0.5036412,0.91092956,0.5120949,0.49789488,0.89590734,0.49877155,0.4906169,0.95370585,0.49903917,0.4914433,0.94449204,0.45741662,0.5002253,0.99659926,0.4808928,0.46979338,0.99765706,0.4119411,0.45310542,0.13802601,0.42991328,0.43264505,0.24960598,0.40332085,0.4098774,0.12771493,0.41679758,0.39875236,0.3637766,0.39660475,0.3952671,0.1466328,0.41103694,0.38671723,0.41531184,0.40162688,0.40207037,0.14626203,0.41605258,0.3880895,0.41111612,0.40457085,0.4078281,0.12635152,0.41866243,0.39421776,0.3672001,0.3328288,0.45303625,0.9966813,0.34798333,0.42035487,0.99671006,0.22811304,0.4131247,0.94650596,0.23820129,0.38668165,0.9122199,0.13345125,0.36963877,0.92884016,0.13751493,0.36760074,0.9281856,0.12555732,0.36293173,0.7413729,0.12947865,0.3620904,0.74886817,0.09247318,0.35536182,0.8965376,0.09991366,0.34498367,0.89993006
52842.jpg,0.5212596,0.89745873,0.9996364,0.5134499,0.9147161,0.999653,0.5062397,0.9155013,0.9996431,0.4993551,0.9161515,0.99974006,0.5346156,0.9092687,0.9995629,0.54192245,0.90716636,0.9995728,0.54874486,0.9052477,0.9997327,0.48709586,0.905514,0.9995122,0.55735916,0.8911701,0.9997117,0.5017625,0.8796463,0.99978024,0.52981013,0.87476563,0.9995559,0.37645084,0.792028,0.99980587,0.6165768,0.7602916,0.9984251,0.26198694,0.67688584,0.98972076,0.67715484,0.6143732,0.98609656,0.43525937,0.6786357,0.9595855,0.5182374,0.675043,0.94456595,0.46241915,0.6969285,0.87960786,0.48761937,0.70382035,0.84984124,0.46749243,0.71258193,0.86121446,0.4879121,0.7164988,0.8165855,0.46152493,0.7038742,0.80175096,0.49350867,0.7063976,0.7515319,0.41475832,0.48809057,0.9994904,0.54916286,0.48362628,0.99798155,0.42466766,0.31864762,0.9717884,0.7817061,0.39950615,0.97666365,0.43615934,0.10427144,0.97744286,0.49615744,0.38439316,0.7200224,0.44702718,0.06661737,0.9042159,0.46455455,0.4022626,0.66375345,0.39910892,0.056183934,0.97059095,0.43421286,0.31932265,0.71466964
53438_aug.jpg,0.7931995,0.3415987,0.998536,0.7999091,0.36208972,0.9991449,0.7992568,0.36342117,0.9994605,0.79758286,0.36970073,0.9990721,0.80174315,0.35290176,0.9976592,0.8011581,0.35439432,0.99806696,0.8005216,0.35589164,0.9985259,0.7798777,0.38263696,0.9992908,0.7844861,0.37039262,0.99960023,0.7662902,0.33946353,0.9964483,0.7753306,0.34138003,0.9973629,0.6943201,0.39205846,0.99947244,0.677495,0.3680316,0.9949419,0.75300705,0.31371015,0.9843477,0.71928835,0.2808255,0.116001956,0.8266847,0.29646948,0.9304764,0.7834933,0.28444004,0.22642833,0.8442926,0.30728596,0.90154135,0.8075422,0.2914858,0.22811174,0.846725,0.30538,0.9006605,0.8070693,0.29230252,0.23938386,0.83416486,0.30371958,0.86708236,0.8022944,0.29198253,0.261284,0.4785914,0.49612674,0.999185,0.47259542,0.49492514,0.9994017,0.3748616,0.6592183,0.9312606,0.38852286,0.6671923,0.27774167,0.3081466,0.82827616,0.96220016,0.3217511,0.8212796,0.6158507,0.3296525,0.84814733,0.9604885,0.3431642,0.8417722,0.70527565,0.260843,0.8485193,0.9562572,0.271979,0.8463054,0.7694652
55008_aug.jpg,0.5931756,0.6352898,0.99913436,0.59452474,0.6454706,0.9986665,0.5923949,0.64717084,0.9983329,0.5904132,0.6486244,0.9983134,0.6013861,0.6401253,0.9988152,0.6038638,0.6383188,0.99869174,0.6062837,0.6365963,0.9988446,0.5851869,0.6467389,0.99823534,0.6051474,0.6319337,0.9985123,0.582494,0.63212293,0.9992667,0.59253305,0.6254307,0.99959177,0.5341226,0.61078656,0.99649835,0.5905726,0.5761459,0.9994456,0.4998238,0.5851555,0.88596547,0.5739331,0.5252273,0.97957647,0.5522144,0.58087105,0.82285583,0.5581839,0.5800839,0.963157,0.5635605,0.58658075,0.7106936,0.55337965,0.58912736,0.91893655,0.5674012,0.58958,0.68895227,0.5575946,0.59483725,0.90765625,0.5623496,0.5875086,0.6435854,0.5587755,0.591758,0.86493427,0.4696312,0.4921315,0.99782026,0.49853963,0.47120866,0.9983785,0.390671,0.45471922,0.9572932,0.4175846,0.39005962,0.9842994,0.38645342,0.3731326,0.8525514,0.35342425,0.30413598,0.9839917,0.3978523,0.3649101,0.82463115,0.34461713,0.2904358,0.90967244,0.3623053,0.34387872,0.88098234,0.33527523,0.27941468,0.96927613
56228_aug.jpg,0.4121555,0.31925476,0.9997538,0.41163456,0.30782473,0.9997069,0.41473934,0.30637503,0.9996049,0.41784468,0.3050431,0.999694,0.40297896,0.3127442,0.9996257,0.4000144,0.31465763,0.99947315,0.397179,0.31648326,0.9996228,0.42535383,0.30957782,0.9993405,0.3953015,0.32500046,0.99967015,0.42380053,0.3273356,0.9996088,0.41274065,0.33292067,0.99940145,0.4716643,0.34374693,0.9987238,0.40595403,0.377621,0.9973361,0.44041127,0.25467125,0.9699839,0.34758663,0.29618797,0.9888943,0.4110865,0.17317876,0.9331927,0.29042894,0.2141015,0.9812748,0.40477347,0.14394733,0.8828574,0.27310276,0.19696465,0.9541141,0.40029168,0.14160052,0.87201595,0.27739042,0.18967643,0.9490359,0.39896655,0.15125698,0.88591343,0.28429788,0.19313979,0.9560996,0.5432516,0.52012265,0.99971384,0.5026562,0.540725,0.99896896,0.59644365,0.6670478,0.96892154,0.4814987,0.6430157,0.93842643,0.654151,0.79815924,0.988166,0.5324718,0.5830917,0.4942785,0.6582892,0.8157263,0.906376,0.5420847,0.56973255,0.5862407,0.6701941,0.8224705,0.9747946,0.57836455,0.6198098,0.53905773
58624_aug.jpg,0.4474367,0.6783867,0.9997422,0.43354625,0.68148184,0.9997701,0.42950052,0.67827415,0.9996376,0.4259135,0.67516595,0.9997478,0.4462919,0.69267464,0.999785,0.4503576,0.69684494,0.99961,0.45393658,0.7005153,0.99971133,0.42297715,0.6655133,0.99960047,0.4613495,0.701152,0.9996381,0.448229,0.66161466,0.99916184,0.46315786,0.67562413,0.99952865,0.4329142,0.60189575,0.992898,0.52086765,0.6758568,0.9989778,0.36268216,0.6838603,0.98542726,0.4489488,0.7596451,0.97207963,0.33024102,0.7797456,0.9407005,0.36376816,0.80950594,0.9425258,0.3189602,0.8060583,0.88143367,0.3414349,0.8241432,0.88979816,0.317991,0.81375146,0.86284673,0.3370874,0.82715535,0.8736724,0.32576367,0.80244225,0.8596312,0.34621838,0.81750655,0.87339073,0.5631046,0.4728574,0.9979534,0.63000566,0.514152,0.99966264,0.48283696,0.32710922,0.78869975,0.6947777,0.4146132,0.9660592,0.5758454,0.41018644,0.3371607,0.772382,0.2963601,0.9527241,0.5782361,0.43626064,0.34054244,0.7769041,0.28238025,0.83138293,0.62595624,0.40095723,0.27375984,0.80077434,0.26611716,0.8826834
58846.jpg,0.77957964,0.492476,0.99858546,0.793461,0.4816371,0.99929607,0.7936282,0.4794309,0.9991731,0.79375005,0.47708112,0.9993807,0.79467684,0.4792164,0.99904794,0.79576194,0.4754698,0.9987925,0.7969961,0.47150868,0.999108,0.7898787,0.45291215,0.99935466,0.79319036,0.44899166,0.99882644,0.7658056,0.4868288,0.99841917,0.7681334,0.4840656,0.9984876,0.71452016,0.42636815,0.9922645,0.7320011,0.419225,0.9987348,0.8296814,0.46276855,0.2500049,0.8500774,0.4670638,0.97464705,0.9225467,0.50687397,0.2942937,0.9640343,0.52481025,0.94642866,0.9385208,0.50335866,0.30126736,0.9829159,0.5210274,0.92097634,0.94030416,0.50302446,0.3109238,0.98307973,0.51385975,0.90948457,0.93698466,0.5053304,0.31014067,0.97256666,0.51418114,0.89425033,0.46787858,0.32016653,0.9969331,0.47592324,0.32055366,0.9983651,0.37275591,0.5558415,0.16026059,0.37487924,0.55563086,0.96329224,0.2912247,0.76280665,0.13026564,0.28397256,0.76875997,0.9233685,0.2685186,0.78777903,0.16542509,0.25183567,0.8008927,0.9367029,0.32585436,0.837471,0.16652471,0.31776607,0.8447475,0.89424866
59625.jpg,0.84196067,0.3006161,0.9999733,0.8652545,0.30055523,0.9999715,0.8685567,0.30605522,0.99997044,0.87096095,0.31100023,0.99997437,0.8544103,0.28425944,0.99995303,0.8513118,0.279238,0.99993443,0.8476919,0.27433538,0.9999347,0.8659859,0.3216908,0.999954,0.8363657,0.2747957,0.9999379,0.83169806,0.32141393,0.99997616,0.8193738,0.30113754,0.9999298,0.78834313,0.42005876,0.9996226,0.72005355,0.30050206,0.99705637,0.6704854,0.49086103,0.9463168,0.6024991,0.37460953,0.7113496,0.734313,0.38827032,0.9558994,0.71351314,0.35090148,0.8035363,0.7566482,0.36576682,0.926867,0.7423423,0.3406628,0.7559819,0.7643993,0.3637883,0.9236713,0.74847716,0.3352239,0.7305277,0.75916195,0.36918995,0.89125276,0.7413412,0.33903885,0.6696927,0.5314598,0.5262151,0.99957556,0.50242394,0.45820117,0.9980592,0.35041028,0.61805767,0.97518843,0.350547,0.41412845,0.9871106,0.172012,0.69953835,0.986985,0.42919606,0.52288294,0.46889067,0.15355629,0.7044694,0.911578,0.46116924,0.53293055,0.5580041,0.1308156,0.722409,0.98407805,0.39366806,0.5847025,0.5447421
59928_aug.jpg,0.24512318,0.2180691,0.9992162,0.25451714,0.2061131,0.99939656,0.2614647,0.20700297,0.9991271,0.268991,0.20800963,0.9994266,0.23425072,0.2060728,0.9993623,0.22712713,0.20684513,0.9991092,0.22036695,0.20755714,0.9994696,0.27910978,0.22427788,0.99944943,0.20707026,0.22092938,0.99938786,0.25808713,0.23842523,0.99827516,0.23099664,0.237584,0.9980799,0.32785848,0.28743666,0.99644095,0.15911853,0.30992526,0.9904405,0.34085235,0.15523377,0.9071584,0.13802129,0.2053819,0.9209389,0.33256677,0.06350869,0.680555,0.1089942,0.08244899,0.75545377,0.32153785,0.049702674,0.4862021,0.093280315,0.06310812,0.5927281,0.31013638,0.05082521,0.46493503,0.07875076,0.071682304,0.5872153,0.3106101,0.057604045,0.50028086,0.097575024,0.05919975,0.6238576,0.3187613,0.52933246,0.99804413,0.20257218,0.53913534,0.9972989,0.3252894,0.75674504,0.9615094,0.24466597,0.7645553,0.92212254,0.33015594,0.96298873,0.8878559,0.2734519,0.967785,0.7881303,0.32873142,0.9747381,0.3387418,0.2826983,0.9780464,0.3283309,0.33301294,1.0297081,0.811394,0.29367143,1.0400896,0.7107114
60429.jpg,0.7910017,0.48563027,0.9991602,0.80447376,0.47512132,0.99958605,0.80402744,0.4732316,0.9994925,0.8034952,0.47117803,0.9996408,0.8057481,0.47292104,0.99943,0.80621403,0.46965837,0.99926597,0.8068217,0.46607926,0.9994941,0.79606235,0.44923538,0.99958974,0.7999966,0.4453855,0.9992968,0.7753666,0.47960168,0.99908805,0.7781116,0.47671705,0.99909794,0.71606565,0.4235262,0.9934168,0.73901546,0.41651154,0.9992568,0.8216533,0.4553371,0.2548509,0.8550442,0.4583046,0.98128474,0.9317981,0.49967638,0.3326539,0.96995986,0.510407,0.95834637,0.9433111,0.4922314,0.33395705,0.9874737,0.49875075,0.9351202,0.9447373,0.4931416,0.3427552,0.98499477,0.49647444,0.9247165,0.94226915,0.49708658,0.3394795,0.9740816,0.49930644,0.9117424,0.46493065,0.3140468,0.9967692,0.4756048,0.31981272,0.9984635,0.3788718,0.54948103,0.16182351,0.37666792,0.5567854,0.97374433,0.29315394,0.75306046,0.14309168,0.28790858,0.76222837,0.94127065,0.27062178,0.78079236,0.18855019,0.25417385,0.796378,0.9509246,0.3300693,0.8431126,0.18310615,0.32285434,0.85065746,0.9144763
60433.jpg,0.6010803,0.37259737,0.998706,0.61116254,0.36861646,0.9983852,0.61376,0.37038302,0.9981744,0.616104,0.371938,0.9982967,0.60304284,0.36259222,0.99822456,0.6002207,0.36046958,0.9979087,0.59739554,0.3584597,0.99802774,0.6170998,0.37692052,0.9984169,0.593201,0.36047742,0.9973037,0.6011642,0.38469988,0.99898165,0.59087765,0.37657413,0.99924576,0.6010456,0.4391102,0.9963954,0.54452324,0.39028615,0.9986312,0.58377296,0.47993222,0.9340652,0.50783753,0.41835177,0.9780448,0.5718359,0.42567757,0.89965636,0.562932,0.4163381,0.95306593,0.57491946,0.41206968,0.80678034,0.5765372,0.408369,0.8915457,0.5776023,0.40805748,0.79270655,0.5781564,0.40541592,0.87747943,0.57524455,0.41313195,0.7439919,0.5736484,0.4091766,0.82794404,0.50076044,0.5320943,0.9983944,0.47040746,0.50909257,0.99817014,0.49114624,0.61867946,0.97919387,0.4116873,0.6085464,0.98031324,0.40109828,0.64518946,0.913072,0.350959,0.68915886,0.9749707,0.39049676,0.63918865,0.87639046,0.3368541,0.7021458,0.8512468,0.37601146,0.67308116,0.91742206,0.33380547,0.71620756,0.95266056
6121.jpg,0.6941822,0.355571,0.9965578,0.70923036,0.35226008,0.9979242,0.71312284,0.35623795,0.9974082,0.71698606,0.36063626,0.9982907,0.6962621,0.34123975,0.99581087,0.69146425,0.33744788,0.9938705,0.6863582,0.3334878,0.9961945,0.7162488,0.37609363,0.99717295,0.67222875,0.3340457,0.9961112,0.68846023,0.3770609,0.99373287,0.6726833,0.36168924,0.98379195,0.70277375,0.4605856,0.9756127,0.590181,0.36116642,0.93485177,0.78046304,0.35925022,0.968815,0.676905,0.27352569,0.91093975,0.83184123,0.22574583,0.88186496,0.8035687,0.20500374,0.8251022,0.8516912,0.18991247,0.79355603,0.83383656,0.18270406,0.72912943,0.8474565,0.18986961,0.7753655,0.83364546,0.18301126,0.7054402,0.83750755,0.20244232,0.7714236,0.8295975,0.18707633,0.7149949,0.47422636,0.6217644,0.9963127,0.42287672,0.53817934,0.9876851,0.34982276,0.7091644,0.8785523,0.21645546,0.42755044,0.92734283,0.21157768,0.80624384,0.9435981,0.38554454,0.5835564,0.5703331,0.18309629,0.81774426,0.8110132,0.4088556,0.5901836,0.59378624,0.18778679,0.86142385,0.89188826,0.37905324,0.6483455,0.48909894
62229_aug.jpg,0.32585767,0.2743281,0.9995678,0.30793783,0.26719123,0.9996057,0.30629957,0.26817816,0.99964035,0.30449548,0.26937896,0.9996395,0.30565542,0.26808348,0.9994524,0.30267626,0.26936436,0.9995018,0.2993883,0.270617,0.99951506,0.2890165,0.2858213,0.99961,0.2833632,0.2831086,0.9994097,0.32583967,0.2905824,0.9992712,0.32276103,0.2903088,0.99913377,0.30075705,0.35754502,0.9965959,0.27964872,0.32634228,0.9996189,0.27168578,0.24719507,0.24043293,0.24783213,0.2068581,0.9928181,0.23871757,0.14118934,0.3927115,0.19895692,0.060782433,0.99332374,0.22161932,0.13005811,0.47026196,0.17690092,0.02895081,0.9848738,0.21765387,0.12581366,0.4883358,0.17339793,0.049633384,0.9798063,0.22138938,0.12390691,0.49209717,0.18303159,0.058939934,0.97088474,0.3705775,0.65591335,0.9952224,0.36582908,0.6435526,0.9981237,0.60890585,0.5802336,0.24955124,0.61541206,0.5727248,0.9893727,0.8402937,0.513158,0.39904043,0.85258394,0.5117201,0.9797862,0.88880014,0.51419723,0.50329965,0.89687,0.5163716,0.9810994,0.8730242,0.41760513,0.5963975,0.89041436,0.41643545,0.9773014
65981_aug.jpg,0.298273,0.456001,0.9999957,0.28609318,0.43985274,0.99999106,0.28829476,0.4332131,0.99998605,0.2904708,0.42694488,0.9999893,0.28050712,0.45827574,0.9999949,0.27886793,0.4642061,0.9999919,0.2773209,0.4703368,0.9999937,0.2996325,0.4183019,0.99998295,0.2812664,0.4799882,0.9999931,0.31903204,0.4472437,0.99998057,0.3129474,0.470562,0.9999932,0.39101726,0.3833183,0.99934894,0.32896304,0.5613276,0.9998635,0.34865433,0.23597491,0.9996203,0.20826581,0.66309994,0.99876285,0.25530094,0.108644456,0.9979825,0.06928152,0.6879605,0.99718,0.23147526,0.06766069,0.99171984,0.027809203,0.6997678,0.9903837,0.22271222,0.07249838,0.99155164,0.028047502,0.6822638,0.9892347,0.2293407,0.08605057,0.99140656,0.042636573,0.6767246,0.9873447,0.600011,0.4933369,0.99906975,0.57913244,0.60232425,0.9998535,0.7406674,0.32864136,0.967755,0.7064383,0.6334406,0.9847077,0.65900236,0.5351452,0.6885756,0.8657379,0.640463,0.9560834,0.6395042,0.55743444,0.68317884,0.8853456,0.6355618,0.89531356,0.73124814,0.6093178,0.67362493,0.9077259,0.670127,0.9414207
66544_aug.jpg,0.50290793,0.7296077,0.9940941,0.4798191,0.73667514,0.99435896,0.47756684,0.73417854,0.9956138,0.47540823,0.7315629,0.9955527,0.48028648,0.73847747,0.9907629,0.478548,0.7372947,0.99105257,0.47676048,0.7360695,0.99347526,0.4641083,0.7061004,0.98919415,0.46635425,0.7180048,0.99506915,0.50927716,0.7066412,0.97894067,0.5111188,0.7073907,0.97952914,0.48957974,0.6307172,0.9965372,0.4714555,0.64845985,0.9947918,0.6377754,0.67673147,0.9879481,0.5969161,0.6767695,0.39060083,0.75199777,0.7349524,0.9852277,0.6932074,0.72701263,0.65609103,0.7630653,0.755948,0.9797447,0.7109158,0.7498064,0.6680045,0.75447357,0.76296246,0.9784193,0.7135725,0.7538111,0.68261886,0.7496241,0.7553681,0.9645098,0.71082735,0.74710894,0.69491935,0.3734868,0.34777153,0.9985669,0.37174156,0.3677983,0.9985618,0.6215768,0.32137215,0.97638935,0.6008105,0.33415678,0.39478308,0.4848363,0.16950434,0.94857746,0.47255048,0.19110996,0.38811374,0.44865435,0.16572388,0.94022083,0.43859786,0.18232611,0.47193348,0.5354484,0.08091599,0.9102768,0.5197841,0.11034924,0.40508848
67999_aug.jpg,0.34017742,0.84323114,0.9998286,0.32038945,0.85773754,0.9997975,0.31461126,0.8554455,0.99974126,0.31005406,0.85363376,0.9997646,0.34108025,0.8667135,0.9997061,0.34775424,0.86968946,0.9996057,0.35432503,0.87225676,0.99967515,0.30423224,0.84347486,0.9996768,0.36246127,0.8669895,0.9997303,0.33768666,0.820498,0.9998617,0.3597446,0.8291933,0.99964094,0.30146682,0.7097541,0.9986444,0.46206442,0.7835685,0.9937942,0.33134097,0.57140833,0.9403067,0.53953314,0.6715879,0.8962746,0.3838001,0.707356,0.932732,0.40277785,0.7238295,0.85029125,0.3756554,0.7415887,0.85715014,0.3781452,0.7477916,0.7365997,0.37201056,0.7479728,0.84282976,0.3773629,0.75699407,0.69062257,0.3756447,0.7391974,0.7939556,0.38519233,0.74942243,0.6261005,0.4849724,0.4875869,0.9993673,0.5681269,0.5455213,0.99755365,0.6010117,0.30491403,0.91338575,0.77085865,0.5092366,0.97710365,0.7147888,0.15610549,0.9247281,0.60493016,0.46179402,0.19257495,0.74548405,0.13849705,0.7775962,0.5619788,0.46669233,0.26737675,0.71541315,0.10632944,0.917637,0.60044706,0.40597805,0.21104325
69371_aug.jpg,0.5307868,0.49121794,0.9999119,0.5440748,0.48865643,0.99985576,0.54603344,0.49128112,0.9998202,0.54771084,0.49396417,0.9998648,0.53798443,0.4808561,0.99977154,0.53579706,0.47808778,0.9996774,0.533526,0.47537762,0.9997553,0.5437573,0.50193393,0.9996823,0.52584803,0.47551003,0.999673,0.52481085,0.5021915,0.9996375,0.51744545,0.4934482,0.99942917,0.51528823,0.55032796,0.998809,0.4712279,0.49319968,0.99259984,0.58331585,0.5326512,0.98987424,0.5059276,0.42931202,0.960372,0.663004,0.5104133,0.9767297,0.55116075,0.3629263,0.96416706,0.6831137,0.5072383,0.94422096,0.55607647,0.34670755,0.9188831,0.6839886,0.50121695,0.9422186,0.5606023,0.34801272,0.91425323,0.676965,0.5014564,0.9401985,0.5596889,0.35497797,0.9243029,0.36724895,0.63768953,0.9992793,0.34493217,0.60056794,0.99730396,0.26779053,0.6948747,0.95469,0.25493926,0.57188386,0.95769733,0.16907664,0.7551354,0.98593664,0.30420128,0.6471928,0.7989725,0.15991142,0.75900185,0.9116992,0.3168448,0.65351474,0.8099285,0.13811979,0.76513803,0.9709291,0.27141106,0.6806365,0.81622183
69599_aug.jpg,0.19207406,0.62636435,0.9984078,0.1783371,0.6172303,0.99895334,0.17787793,0.6145413,0.99888116,0.17712572,0.6113051,0.99891365,0.17943653,0.6170364,0.99814355,0.17992628,0.61466813,0.9980107,0.18010512,0.61196554,0.9975266,0.18528801,0.58176315,0.99891305,0.18654132,0.5863981,0.9963452,0.20420963,0.61549306,0.99772877,0.20532149,0.6155582,0.99768746,0.23770672,0.5445468,0.99962854,0.25018188,0.5432136,0.9737204,0.20301595,0.6997503,0.9960664,0.20946491,0.68717,0.13121162,0.14057198,0.85058117,0.9889558,0.15950045,0.81195307,0.302388,0.11357963,0.8681879,0.9745472,0.13448039,0.81998533,0.38021392,0.10791239,0.86500394,0.9678407,0.12803882,0.8260273,0.38943803,0.114450306,0.8598441,0.95244795,0.13595763,0.8240806,0.41120744,0.46869755,0.3235474,0.999783,0.4606595,0.36382103,0.9977591,0.65812784,0.23821732,0.9997453,0.430538,0.5687788,0.76296395,0.8550531,0.13971673,0.9976688,0.47941956,0.7870755,0.88670343,0.88546157,0.100353196,0.97996026,0.5019683,0.8179256,0.9295478,0.9142663,0.1996903,0.99253994,0.41656575,0.8749393,0.92403483
70094.jpg,0.5964505,0.33114797,0.9997631,0.6061138,0.3239364,0.9997861,0.6091342,0.32563785,0.99968827,0.61185,0.3273536,0.9997863,0.596473,0.31955868,0.9996749,0.5930209,0.31822234,0.99949527,0.5897538,0.31703365,0.99968815,0.61297107,0.33577043,0.99950457,0.5822964,0.32092622,0.9997111,0.5973573,0.34454653,0.9996531,0.5859178,0.33902153,0.99942076,0.6078389,0.39066017,0.99841964,0.5463513,0.35930386,0.99618345,0.65719736,0.3152325,0.96907455,0.5777485,0.2706684,0.9833068,0.70732087,0.23935547,0.9332237,0.60969067,0.17962334,0.96897,0.72619957,0.21550569,0.87777996,0.61709154,0.1526925,0.9281657,0.7240268,0.2100034,0.8664061,0.6233194,0.1535303,0.919386,0.71504754,0.2195116,0.86651224,0.62369525,0.16359359,0.9268195,0.50724506,0.5472042,0.99965143,0.46763375,0.5263687,0.99843675,0.41834384,0.6772216,0.9459004,0.3673514,0.569135,0.94051737,0.33968058,0.79735756,0.98732483,0.46049213,0.57902366,0.46557534,0.32990035,0.8066889,0.9120167,0.4769618,0.57676613,0.58376944,0.33047307,0.82549334,0.9716771,0.4694302,0.62745476,0.50870943
71663_aug.jpg,0.30010605,0.1599212,0.99996686,0.29926986,0.13858706,0.9999598,0.304452,0.13492653,0.9999602,0.3086738,0.13228503,0.9999691,0.2833749,0.15003783,0.9999219,0.27827603,0.15295544,0.9998869,0.27299082,0.15611398,0.99988544,0.31776688,0.13645783,0.9999242,0.27075952,0.16583574,0.99985075,0.3185156,0.16679525,0.9999678,0.29831874,0.17919877,0.99989843,0.4182083,0.21008448,0.9998331,0.30046916,0.2800166,0.99708813,0.4901449,0.32080793,0.9727768,0.37254667,0.39350513,0.6546669,0.3839246,0.26081747,0.98643494,0.35389408,0.28070223,0.79548097,0.36321726,0.24164739,0.9733766,0.34484416,0.25315207,0.74579066,0.3606395,0.23361954,0.9722405,0.33646196,0.2479705,0.72017086,0.3652966,0.2383304,0.9526722,0.33953398,0.25494832,0.6599925,0.52659166,0.4596306,0.9996723,0.4580936,0.49218166,0.9985455,0.61764216,0.6376348,0.9860417,0.41350332,0.6470332,0.9897469,0.6944933,0.80445945,0.9909175,0.52329063,0.5698803,0.5720736,0.7020783,0.82431746,0.9094778,0.53294873,0.54096127,0.55205345,0.72513604,0.8643861,0.9875946,0.58470225,0.613183,0.66462624
7197_aug.jpg,0.47203994,0.4914961,0.98562247,0.47957394,0.49061978,0.9906093,0.4802838,0.48882827,0.9887372,0.48093003,0.4870314,0.9886436,0.4790256,0.49626797,0.9893065,0.48542386,0.49735868,0.9869365,0.4851414,0.49834594,0.98917013,0.4837908,0.4874996,0.99512476,0.4860123,0.50357187,0.9913761,0.4788757,0.48861453,0.9928363,0.46937785,0.4960204,0.9933222,0.4621735,0.4834425,0.99950707,0.45470318,0.5190862,0.9990877,0.40100268,0.47052377,0.4798658,0.39845112,0.49243253,0.19975026,0.3761011,0.45901263,0.38017264,0.36761373,0.45436177,0.1759928,0.37133697,0.44952163,0.41900378,0.35801646,0.44581315,0.18850036,0.37697536,0.45229352,0.4114558,0.36120552,0.44300455,0.17846435,0.3761371,0.4606911,0.3502143,0.3663335,0.44490558,0.1653103,0.33211985,0.48622015,0.99692035,0.33101988,0.5101259,0.99676716,0.22920895,0.49296308,0.86744016,0.22061671,0.49902856,0.7800902,0.1455644,0.498498,0.7371622,0.14332432,0.50020516,0.714965,0.11876273,0.48981363,0.77633893,0.10481143,0.4980116,0.7034906,0.116832614,0.48408756,0.51466537,0.09874046,0.48938122,0.4173961
72699.jpg,0.7366932,0.50462794,0.99609756,0.74154925,0.50945055,0.9970202,0.74502677,0.5089904,0.99694484,0.74757785,0.5087692,0.9967307,0.73369616,0.51099753,0.99693054,0.73121697,0.51169705,0.99702364,0.72869253,0.51251,0.9969662,0.7508105,0.50343174,0.99678695,0.7242531,0.5083741,0.9977449,0.73794055,0.497391,0.99662566,0.7300916,0.49892843,0.99615884,0.7721537,0.46335334,0.99777883,0.6962099,0.47688758,0.99698406,0.7838797,0.5116043,0.9276252,0.6936983,0.53646773,0.9106873,0.76712835,0.5727259,0.6988039,0.7360004,0.57587904,0.8867642,0.76773286,0.58636624,0.6345331,0.73883295,0.59180975,0.8451693,0.76174134,0.5825348,0.63177055,0.74512774,0.5870224,0.84506917,0.7581712,0.5823367,0.6428801,0.74450535,0.5805282,0.8123353,0.72527194,0.34964475,0.9999417,0.6866389,0.3688149,0.9996898,0.6852047,0.2678429,0.9919206,0.6297419,0.36051804,0.7090905,0.64741486,0.18890445,0.96649355,0.6006236,0.35885674,0.56461847,0.6407645,0.17896265,0.97805756,0.59745365,0.3295632,0.79387945,0.64895105,0.16358069,0.63410133,0.5827361,0.33039618,0.2359802
73643.jpg,0.46253565,0.7828804,0.9990277,0.4726064,0.8023789,0.99927896,0.4755503,0.80320156,0.9994128,0.47854632,0.80409205,0.9994429,0.4742704,0.8021518,0.99902236,0.47837383,0.80259866,0.9991032,0.4825883,0.8031759,0.99917597,0.5114324,0.7970123,0.9994217,0.5137719,0.7945893,0.9989096,0.48115405,0.76432496,0.999015,0.48357564,0.76605165,0.99872005,0.57203394,0.7216524,0.99195135,0.56698227,0.72046113,0.9989631,0.44440952,0.82036465,0.28048515,0.430716,0.8221568,0.99116933,0.34913957,0.9192921,0.4671254,0.29816723,0.95224726,0.9888365,0.35373318,0.9365204,0.57418936,0.289187,0.988436,0.9769543,0.35122007,0.9473425,0.5889403,0.30242038,0.99688375,0.96813244,0.3502426,0.93899846,0.57282525,0.3056786,0.98086333,0.9550974,0.849589,0.4870168,0.9961506,0.8571347,0.47725484,0.99826825,0.6895347,0.25612807,0.33166787,0.6917329,0.24399,0.99828464,0.54123574,0.0323658,0.5349778,0.53710115,0.022046834,0.99578696,0.5378794,-0.004701704,0.61995906,0.5346618,-0.017952949,0.9954462,0.41807768,0.047235668,0.7035929,0.4096764,0.03822103,0.9935486
75995.jpg,0.7868502,0.4866721,0.9997198,0.8089962,0.48658362,0.9998306,0.81149155,0.4886335,0.99980205,0.81396425,0.4909327,0.99981755,0.8066664,0.48554218,0.9997942,0.80737686,0.48654407,0.99971014,0.8080722,0.48760474,0.9997416,0.81963104,0.51483655,0.9997131,0.81312025,0.50882393,0.99973005,0.7796006,0.5003162,0.9994118,0.7772745,0.49759883,0.99920696,0.79832387,0.5757686,0.9990777,0.74949336,0.54235655,0.99892503,0.86051464,0.45950553,0.94784635,0.78766173,0.42652377,0.13278462,0.9248489,0.36739543,0.8562283,0.84216,0.39277035,0.14110172,0.9477154,0.3609558,0.815951,0.8626416,0.38854176,0.18506107,0.9530562,0.36497957,0.8032731,0.8634132,0.38983896,0.18723482,0.9461112,0.36593142,0.78023773,0.8589309,0.3863343,0.18768403,0.5584007,0.6387273,0.99963534,0.5245252,0.62054473,0.9998772,0.6999987,0.45032722,0.972367,0.40776062,0.45912278,0.9776684,0.68203664,0.2600197,0.9825373,0.26900813,0.34264705,0.9864356,0.6669738,0.22882056,0.96797,0.24085093,0.34091324,0.9790269,0.7551633,0.22034165,0.9756606,0.2591918,0.2872602,0.98817164
77553.jpg,0.30020154,0.64690363,0.99493814,0.2830351,0.63377285,0.99500656,0.28413802,0.6306333,0.996258,0.28535846,0.6276095,0.99607855,0.28176263,0.634796,0.9913141,0.28203413,0.63260007,0.9923872,0.28242198,0.6302974,0.99468094,0.30162847,0.6056354,0.9897396,0.2943947,0.6100719,0.9958903,0.3253082,0.6389893,0.9776818,0.32597068,0.63930345,0.97588646,0.3807685,0.5746961,0.99632096,0.36421475,0.5609754,0.9936987,0.43835452,0.71249795,0.9870395,0.42626205,0.6822042,0.39843586,0.4652358,0.84476763,0.982327,0.45007312,0.7931726,0.5824753,0.4553324,0.8606944,0.976177,0.43827188,0.81143963,0.57361704,0.44624627,0.85676223,0.9741901,0.43746117,0.8191262,0.592231,0.45089817,0.85146356,0.9570506,0.44288436,0.8150494,0.61367166,0.54673743,0.31195372,0.99869114,0.5338355,0.32629603,0.99882513,0.72176564,0.48897165,0.9884266,0.69260156,0.48360914,0.40844437,0.7505312,0.28643376,0.9594869,0.73298174,0.2846293,0.3759026,0.726797,0.25431722,0.93931365,0.7150651,0.2528327,0.41031557,0.84846926,0.27049002,0.9234559,0.83273065,0.27146482,0.3789664
82043.jpg,0.6238884,0.342775,0.99999785,0.64542425,0.33942348,0.999995,0.65168786,0.34433016,0.99999285,0.6576173,0.34903198,0.9999933,0.63104725,0.32593653,0.9999969,0.62712955,0.32144773,0.99999475,0.623611,0.31748664,0.999995,0.66375256,0.36088276,0.999995,0.6177625,0.3184053,0.99999595,0.6233721,0.366265,0.99999285,0.6056663,0.34852016,0.9999963,0.64614755,0.46175456,0.9996841,0.5259731,0.3285486,0.9998877,0.7941196,0.4901928,0.99948406,0.49975926,0.1850248,0.99854004,0.9515532,0.46876007,0.99697363,0.5223433,0.060368598,0.9937682,0.98982495,0.4687267,0.986498,0.5347959,0.027436137,0.9783941,0.9904464,0.4609337,0.98622143,0.54729795,0.028680146,0.97760904,0.97832614,0.45645276,0.98719084,0.5461087,0.0377478,0.9788198,0.44617775,0.58910197,0.9996246,0.36271295,0.5212677,0.99991083,0.5244293,0.78637964,0.98398453,0.26761106,0.6336031,0.9904208,0.39705893,0.6196614,0.75386536,0.19884709,0.7580317,0.9688213,0.3935292,0.5856081,0.8110957,0.19319868,0.77801013,0.9446519,0.32435772,0.62641966,0.7588064,0.1467568,0.7802694,0.9440286
82928_aug.jpg,0.2718911,0.57427305,0.99676645,0.26423544,0.5722776,0.9975956,0.26164818,0.5742172,0.996956,0.25890386,0.57615936,0.99748355,0.27174595,0.56795883,0.9971999,0.27413908,0.5669619,0.99642,0.2761541,0.5660016,0.9966546,0.25758812,0.5835853,0.99654394,0.28279144,0.57018113,0.99665797,0.27118495,0.584258,0.9975011,0.28040034,0.579291,0.99711835,0.25433308,0.6282425,0.9990055,0.32582563,0.5884136,0.99840504,0.21081467,0.5879017,0.9357081,0.30711728,0.5298887,0.92496616,0.22393106,0.5284512,0.7393822,0.25364742,0.5065888,0.9011962,0.21933539,0.5173003,0.6724368,0.24600174,0.49283534,0.85705304,0.22662069,0.5148463,0.67236716,0.24197769,0.49864346,0.85752714,0.22877352,0.52139693,0.694471,0.24484615,0.5058391,0.83035004,0.33705825,0.7245586,0.9999831,0.37219813,0.6901549,0.9998909,0.40295237,0.7790697,0.9531069,0.4161431,0.649326,0.5160767,0.46561366,0.83748275,0.9665313,0.46087804,0.6632318,0.7424664,0.468337,0.8473658,0.97620004,0.47729582,0.67508113,0.84462786,0.47842425,0.8492401,0.7768487,0.49074388,0.66712135,0.4918478
87171.jpg,0.5141019,0.2565874,0.99981433,0.50461984,0.25967094,0.99979144,0.50439864,0.26153624,0.9996228,0.50415635,0.26359403,0.99983907,0.5039758,0.259895,0.999841,0.50333476,0.26168054,0.9997793,0.5026005,0.26357877,0.9998784,0.50227326,0.28304386,0.9997876,0.499851,0.28191817,0.99987197,0.5213161,0.2697407,0.99979657,0.520112,0.26952395,0.99965847,0.53448904,0.3262553,0.99883384,0.5269094,0.31435078,0.9998592,0.5512809,0.24117163,0.38745677,0.54414004,0.2242809,0.99862945,0.5567672,0.15112531,0.68124455,0.53824115,0.11366516,0.99803287,0.547908,0.13877621,0.6376922,0.53021437,0.10085273,0.9949492,0.54430467,0.13454577,0.63824815,0.528102,0.10013628,0.99384886,0.5457888,0.13791445,0.6610285,0.5308852,0.104892254,0.99041057,0.5281637,0.5410635,0.999705,0.53047365,0.5318532,0.9995328,0.48141062,0.7032108,0.16272746,0.4854846,0.69766027,0.8973622,0.43185914,0.86213404,0.2038358,0.4323735,0.8624314,0.7932845,0.41790125,0.87500966,0.3531655,0.41800508,0.87429464,0.8505081,0.44686848,0.94306946,0.31041896,0.43882194,0.9452484,0.8096698
87507_aug.jpg,0.65980625,0.47937396,0.9990521,0.6696134,0.48278958,0.9991019,0.6701037,0.48560193,0.9988949,0.6704919,0.48794,0.9988574,0.6686131,0.47367752,0.9989993,0.6684411,0.4706003,0.9988471,0.668297,0.46778762,0.9988564,0.6673545,0.49134165,0.9993772,0.66428643,0.4663753,0.9990202,0.65143275,0.48751634,0.9996124,0.6508886,0.47490004,0.99970055,0.6117764,0.523322,0.99591833,0.60709316,0.45148692,0.998949,0.57725567,0.5372311,0.8468655,0.5629797,0.4480886,0.9681351,0.5972288,0.49193347,0.75318015,0.5928175,0.48463187,0.9168944,0.60011643,0.4851171,0.6449526,0.5948997,0.4962099,0.83562887,0.6047689,0.4842689,0.62122905,0.6007292,0.4951205,0.81495094,0.6025905,0.485639,0.57663065,0.59986955,0.4926417,0.7504139,0.4770651,0.52251893,0.99871993,0.4696906,0.4881036,0.9986743,0.41244763,0.57767355,0.99033886,0.35705984,0.51998985,0.9916441,0.33435005,0.5378981,0.9288446,0.2513432,0.5367905,0.98457634,0.3289829,0.52683353,0.8313695,0.24145842,0.5364482,0.8649223,0.2967858,0.53810704,0.9277581,0.2325629,0.5381224,0.96785617
89840.jpg,0.50078255,0.09870204,0.99996805,0.5115652,0.08023557,0.99996245,0.51799595,0.08020231,0.99996257,0.5237107,0.08079976,0.99996984,0.49219555,0.081127346,0.99993134,0.48642954,0.08131945,0.9999056,0.4798025,0.082039416,0.99990296,0.5314946,0.09235039,0.9999361,0.47371313,0.09355289,0.99988365,0.51426446,0.120010495,0.9999716,0.49017742,0.11966646,0.9999068,0.57957655,0.20766872,0.99977976,0.44107234,0.20753086,0.9970841,0.5796765,0.34442264,0.96969885,0.44498494,0.34647322,0.7052548,0.5230183,0.23385535,0.9813949,0.48165292,0.23495315,0.8250842,0.51433474,0.20139462,0.96328074,0.48642907,0.20155257,0.77345616,0.51741356,0.19252932,0.9615473,0.48333052,0.19256225,0.74743366,0.51898247,0.20125744,0.9388864,0.48225966,0.20243487,0.6845035,0.54294467,0.48070443,0.9996549,0.46777946,0.47275865,0.9985305,0.5263372,0.6824602,0.98087513,0.34914368,0.58201015,0.9880293,0.50804263,0.8701439,0.9885493,0.48371387,0.56693184,0.5197995,0.5059667,0.8942807,0.9044723,0.5077776,0.54659975,0.5415186,0.5070423,0.9318427,0.9857166,0.51861906,0.63974416,0.6220222
9179_aug.jpg,0.6326221,0.77045304,0.9999503,0.6336175,0.780006,0.99992836,0.6310018,0.780794,0.99988294,0.62818795,0.781531,0.9998944,0.6426949,0.7758478,0.99993515,0.646317,0.7738542,0.99989974,0.6501252,0.77157915,0.9999052,0.62239516,0.7747453,0.9998965,0.6531895,0.7599795,0.99985814,0.62085557,0.7607478,0.9998964,0.63291734,0.7551346,0.99990654,0.5798498,0.7335868,0.9994777,0.64231384,0.6977489,0.9998056,0.59192324,0.8145055,0.9831555,0.70303416,0.768934,0.9944106,0.61360747,0.89345676,0.98175955,0.7529578,0.8338753,0.98709065,0.6159688,0.9166893,0.9573064,0.76856613,0.8487632,0.9673483,0.6211151,0.9191296,0.9539297,0.76710457,0.8528627,0.9629174,0.6207456,0.9092907,0.9578016,0.76054496,0.8491805,0.9622604,0.501038,0.5828549,0.9997602,0.53900605,0.552697,0.99989164,0.40499857,0.57106906,0.8156247,0.45894584,0.44596508,0.97200024,0.47175068,0.5563453,0.3061279,0.39749885,0.3459691,0.98016626,0.49531972,0.56598425,0.5113215,0.3970567,0.3432272,0.94196457,0.46732664,0.5184001,0.39650467,0.371391,0.31037116,0.9575458
91837_aug.jpg,0.31939685,0.5704348,0.9999726,0.31269988,0.55741245,0.99994934,0.31473637,0.55213606,0.99994946,0.3170083,0.5467513,0.99994373,0.31059802,0.5694547,0.9998828,0.3109671,0.5725612,0.99986804,0.31128198,0.57564723,0.99986434,0.33264166,0.5351114,0.99991107,0.3230961,0.5720538,0.9997758,0.3392315,0.5640475,0.99996483,0.33421758,0.5771456,0.99994385,0.42929384,0.4767683,0.9998838,0.40498674,0.61467683,0.9999473,0.47804043,0.36829048,0.99819833,0.31965086,0.69495726,0.99813205,0.50613993,0.27171344,0.9942327,0.21251932,0.72508967,0.99626225,0.50722176,0.23886934,0.9817161,0.18490657,0.72877824,0.9879885,0.49786147,0.23702103,0.98382586,0.17765087,0.7209363,0.9874427,0.49932122,0.24712637,0.98154014,0.1872521,0.7176136,0.98814046,0.5716933,0.450794,0.9993413,0.62025964,0.5055383,0.99992406,0.54945403,0.31667477,0.967031,0.73626006,0.38359252,0.99180025,0.6602229,0.41001692,0.88739604,0.83003426,0.22091025,0.99720937,0.6689672,0.4323766,0.90083975,0.8360276,0.19666046,0.9905144,0.7270805,0.39565873,0.8843414,0.86802745,0.19132775,0.99416995
92623_aug.jpg,0.6757917,0.17223307,0.9999757,0.69039047,0.16024244,0.99998164,0.6956467,0.16185996,0.99998176,0.699959,0.16338584,0.9999845,0.67575467,0.15491286,0.9999665,0.67101216,0.15280744,0.9999515,0.666948,0.15084663,0.99995184,0.7042006,0.1728344,0.9999734,0.6603026,0.15474105,0.99994624,0.6797205,0.19023097,0.9999695,0.66173166,0.18187761,0.9999039,0.6955068,0.28648758,0.99974614,0.5991383,0.24152356,0.9940023,0.6546031,0.41067827,0.9661918,0.5367418,0.35918087,0.57666343,0.6362649,0.30093682,0.9633889,0.61017513,0.29737297,0.6398548,0.64446205,0.27194637,0.930935,0.62919223,0.26909417,0.5763107,0.6496621,0.26715547,0.92744076,0.62881553,0.2603714,0.54643536,0.6475671,0.2746176,0.89994174,0.62477577,0.26974842,0.47928944,0.56029004,0.48606688,0.9990594,0.52074116,0.4653755,0.99205256,0.4716457,0.65254235,0.9385185,0.38276905,0.5261036,0.90368277,0.38508606,0.8368037,0.9772363,0.5054076,0.56247884,0.32863027,0.37836796,0.8530863,0.89332825,0.5176176,0.5421411,0.5447901,0.3632965,0.8726081,0.96759397,0.48561698,0.6221279,0.408229
9492.jpg,0.51380694,0.830152,0.998659,0.50136364,0.84166104,0.9990526,0.49827528,0.841339,0.99891293,0.4947853,0.84107083,0.9989857,0.50345,0.84050727,0.9982496,0.5021646,0.83944523,0.9981622,0.50068706,0.8386621,0.99804354,0.4694041,0.825155,0.9987406,0.48015285,0.82359236,0.99663395,0.5055486,0.8126371,0.9975579,0.50829554,0.8117744,0.9975708,0.4420464,0.76176167,0.9992737,0.46349913,0.7417836,0.97614336,0.5792979,0.84053195,0.99103945,0.585157,0.82013845,0.19900015,0.69585,0.94322145,0.96484685,0.6797744,0.91536963,0.28002104,0.7113887,0.9721856,0.9295791,0.6813501,0.9316536,0.33649063,0.7073157,0.9733364,0.91494507,0.6866151,0.93969357,0.34911525,0.7006775,0.9615675,0.8838135,0.6843318,0.9323732,0.3644907,0.3191238,0.4714201,0.99971133,0.36080307,0.4938135,0.99862015,0.30780935,0.27125746,0.99960786,0.5473637,0.5792169,0.8671662,0.27763343,0.06673944,0.99639386,0.7715857,0.6052127,0.9300218,0.25979355,0.039678484,0.957226,0.8054526,0.59059393,0.94731563,0.3552894,0.029429615,0.98824465,0.8354883,0.6873436,0.9471084
96365.jpg,0.62715006,0.8455669,0.99996996,0.6270448,0.86475384,0.99997723,0.62263393,0.8673804,0.99997854,0.6182795,0.8698504,0.9999821,0.6406716,0.8574399,0.99995935,0.6446659,0.8553493,0.99994016,0.64872235,0.8531479,0.99993694,0.6097179,0.8674083,0.99996746,0.6494324,0.84674484,0.9999411,0.6112127,0.8364024,0.9999759,0.6279606,0.8281233,0.99991894,0.5320447,0.7922879,0.9998196,0.6268981,0.7461348,0.9968161,0.46858084,0.678332,0.94922256,0.5804733,0.6225592,0.51198196,0.55871,0.7281413,0.9345686,0.5793706,0.70617867,0.53792465,0.57516307,0.75169975,0.89729506,0.58476573,0.7392154,0.51596713,0.5758879,0.75940776,0.8956136,0.59272015,0.746327,0.49101958,0.5715223,0.7530003,0.8465876,0.5893275,0.73832613,0.43295953,0.4619391,0.5488245,0.9995055,0.51197153,0.53356516,0.9959906,0.38117605,0.37553024,0.9419281,0.55182177,0.38970208,0.9351203,0.3096109,0.18968794,0.9796718,0.46055645,0.46960196,0.24790192,0.30668527,0.1627546,0.9050998,0.45553246,0.48889554,0.42408732,0.29143107,0.15289402,0.9743479,0.4101246,0.4136382,0.336335
97629.jpg,0.36305696,0.3688742,0.99995995,0.37262046,0.35613117,0.99993813,0.37781838,0.35578924,0.9999181,0.38318568,0.35588568,0.99993265,0.3610918,0.3596707,0.9998493,0.3582393,0.3614992,0.9997695,0.35554242,0.36325908,0.9997917,0.4009195,0.36689198,0.9999027,0.36074594,0.37323707,0.9996326,0.3778537,0.38340628,0.9999622,0.3612885,0.3863403,0.99993837,0.4852646,0.42470217,0.9998888,0.34970766,0.46641392,0.9999479,0.5949316,0.435932,0.9962114,0.24726817,0.41934466,0.9967129,0.69889617,0.41147047,0.9891623,0.17112768,0.3411009,0.9909519,0.73034734,0.39766255,0.9715395,0.15719774,0.31670436,0.9706199,0.7299434,0.389573,0.97426933,0.16244388,0.30639744,0.9692067,0.71986693,0.3964045,0.97254306,0.16787452,0.31426543,0.9730971,0.578502,0.5373788,0.9993431,0.551857,0.6136452,0.9998498,0.6923321,0.45707506,0.9629104,0.71406054,0.6685866,0.98572737,0.651508,0.60643685,0.8392188,0.89249593,0.68533134,0.9914335,0.63288814,0.62715703,0.8687275,0.9178544,0.6790056,0.9730032,0.70183074,0.6611277,0.80212617,0.93305105,0.7105382,0.98161674
97986_aug.jpg,0.29343972,0.7598841,0.99898213,0.27554572,0.7695912,0.99911577,0.27152085,0.7659615,0.9988582,0.2677852,0.76170224,0.9991923,0.28819945,0.77622145,0.9991881,0.29287678,0.77788067,0.9986319,0.29761901,0.77988315,0.998456,0.27129182,0.7335595,0.9996176,0.3299866,0.78050613,0.9988422,0.29589665,0.74050224,0.99981254,0.32186058,0.7472501,0.9998118,0.31354362,0.60507,0.9997378,0.4711579,0.7018386,0.99943,0.37472403,0.43068084,0.9619918,0.582863,0.6076884,0.889167,0.4257418,0.56588125,0.9738841,0.43852332,0.62480986,0.86896443,0.41995835,0.5957031,0.94524,0.41180432,0.6289058,0.7802638,0.40278912,0.6046933,0.94022095,0.40421122,0.6346295,0.75462544,0.40610886,0.59673476,0.92380726,0.41321045,0.62838924,0.73554105,0.5935317,0.31281734,0.99977523,0.649181,0.38496757,0.99990153,0.6210421,0.035780907,0.97647333,0.8204608,0.10792765,0.9865457,0.67003304,0.16814609,0.17167401,0.91825473,0.061396033,0.82645684,0.6862967,0.23082215,0.12480993,0.92833114,0.06319554,0.58008444,0.7167504,0.1587472,0.16310672,0.9885142,0.015310556,0.7287938
99642.jpg,0.435739,0.28911442,0.99982893,0.44150645,0.27714998,0.99970514,0.4462894,0.277185,0.99961853,0.45088476,0.27741677,0.9996313,0.4282844,0.27840966,0.99972135,0.42338464,0.27913213,0.9996215,0.41830796,0.2802402,0.9996344,0.45740443,0.28404334,0.99963033,0.4114282,0.2878548,0.99937016,0.44543934,0.30220208,0.9993925,0.42903936,0.30463898,0.999509,0.4974948,0.3460413,0.997009,0.3812713,0.34999484,0.9991702,0.5518641,0.2590154,0.9846384,0.34118322,0.25506866,0.9909601,0.5793138,0.15559122,0.9674031,0.32042366,0.14195925,0.9868897,0.5951685,0.12634191,0.9229194,0.30833584,0.12104964,0.96964103,0.5896224,0.11917874,0.9217504,0.31535596,0.1159794,0.96810573,0.5812814,0.13372338,0.9289513,0.32123774,0.122448385,0.9665663,0.4790785,0.52015936,0.9997514,0.4148793,0.5390283,0.99985707,0.6294443,0.5862723,0.92699146,0.44582713,0.67688787,0.9596791,0.48634496,0.5735294,0.58729935,0.46221435,0.7881122,0.9613618,0.4659019,0.5656386,0.73735356,0.46873906,0.8013519,0.8884208,0.4697799,0.6314257,0.6301033,0.46205541,0.8269092,0.9274699
